URL,Page Type,Status,Indexable,Canonical,Primary Keyword,Secondary Keywords,Title,H1,Meta Description,Schema,Sitemap,Word Count,Internal Inlinks,Internal Outlinks,Quality Score,Cannibalization Risk,Action
https://www.coachingpromo.in/custom-hoodies-for-coaching-institutes,Static page,200,Yes,https://www.coachingpromo.in/custom-hoodies-for-coaching-institutes,custom hoodies for coaching institutes,coaching institute hoodies | custom hoodies India | customized hoodies India | custom hoodie printing India | hoodie printing India | bulk hoodies India | custom hoodies bulk India | hoodies with logo India | branded hoodies India | embroidered hoodies India | custom embroidered hoodies | printed hoodies India,Custom Hoodies for Coaching Institutes | Bulk Logo Printing India,Custom Hoodies and Winter Jackets for Coaching Institutes,"Order custom hoodies and winter jackets for coaching institutes, schools and colleges. Logo printing, embroidery, bulk pricing and Pan-India delivery.",BreadcrumbList | ListItem | FAQPage | Question | Answer,Yes,1600,339,65,5,Low — assigned canonical owner,Maintain and monitor
https://www.coachingpromo.in/blogs/best-hoodies-for-coaching-institutes-in-winter,Article / guide,200,Yes,https://www.coachingpromo.in/blogs/best-hoodies-for-coaching-institutes-in-winter,best hoodies for coaching institutes in winter,how to choose custom hoodies,Best Hoodies for Coaching Institutes in Winter | CoachingPromo,Best Hoodies for Coaching Institutes in Winter,"Compare hoodie styles, fleece weights, fits and branding options for coaching institute students, faculty and staff winter wear.",BreadcrumbList | ListItem | BlogPosting | Person,Yes,819,2,60,5,Low — assigned canonical owner,Maintain and monitor
https://www.coachingpromo.in/blogs/hoodie-printing-vs-embroidery-for-institute-logos,Article / guide,200,Yes,https://www.coachingpromo.in/blogs/hoodie-printing-vs-embroidery-for-institute-logos,hoodie printing vs embroidery for institute logos,,Hoodie Printing vs Embroidery for Institute Logos | CoachingPromo,Hoodie Printing vs Embroidery for Institute Logos,"Compare embroidery, screen printing and DTF printing for institute hoodie logos by durability, detail, appearance and order requirements.",BreadcrumbList | ListItem | BlogPosting | Person,Yes,794,10,60,5,Low — assigned canonical owner,Maintain and monitor
https://www.coachingpromo.in/blogs/how-to-order-custom-hoodies-in-bulk,Article / guide,200,Yes,https://www.coachingpromo.in/blogs/how-to-order-custom-hoodies-in-bulk,how to choose custom hoodies,,How to Order Custom Hoodies in Bulk | CoachingPromo,How to Order Custom Hoodies in Bulk,"A practical bulk hoodie ordering checklist covering quantity, sizes, fabric, artwork, samples, branding, quotation and delivery planning.",BreadcrumbList | ListItem | BlogPosting | Person,Yes,787,10,60,5,Low — assigned canonical owner,Maintain and monitor
https://www.coachingpromo.in/blogs/best-gsm-for-winter-hoodies-in-india,Article / guide,200,Yes,https://www.coachingpromo.in/blogs/best-gsm-for-winter-hoodies-in-india,best GSM for hoodies,250 GSM vs 300 GSM hoodies,Best GSM for Winter Hoodies in India | CoachingPromo,Best GSM for Winter Hoodies in India,"Understand 240, 280, 300 and 320+ GSM hoodie fabrics and how climate, layering, fibre and finish affect institutional winter wear.",BreadcrumbList | ListItem | BlogPosting | Person,Yes,794,10,60,5,Low — assigned canonical owner,Maintain and monitor
https://www.coachingpromo.in/blogs/custom-hoodie-ideas-for-college-students,Article / guide,200,Yes,https://www.coachingpromo.in/blogs/custom-hoodie-ideas-for-college-students,,,Custom Hoodie Ideas for College Students | CoachingPromo,Custom Hoodie Ideas for College Students,"Explore practical college hoodie ideas for batches, societies, departments, fests, sports teams and alumni groups.",BreadcrumbList | ListItem | BlogPosting | Person,Yes,779,2,60,5,Review if impressions overlap another product page,Maintain and monitor
https://www.coachingpromo.in/blogs/winter-promotional-product-ideas-for-institutes,Article / guide,200,Yes,https://www.coachingpromo.in/blogs/winter-promotional-product-ideas-for-institutes,,,Winter Promotional Product Ideas for Institutes | CoachingPromo,Winter Promotional Product Ideas for Institutes,"Plan useful winter merchandise for coaching institutes, schools and colleges, including hoodies, jackets, sweatshirts and seasonal kits.",BreadcrumbList | ListItem | BlogPosting | Person,Yes,772,2,60,5,Review if impressions overlap another product page,Maintain and monitor
https://www.coachingpromo.in/blogs/how-much-do-custom-hoodies-cost-in-bulk,Article / guide,200,Yes,https://www.coachingpromo.in/blogs/how-much-do-custom-hoodies-cost-in-bulk,how much do custom hoodies cost in India,,How Much Do Custom Hoodies Cost in Bulk? | CoachingPromo,How Much Do Custom Hoodies Cost in Bulk?,"Understand the factors that affect bulk custom hoodie prices, including quantity, GSM, garment style, printing, embroidery and personalization.",BreadcrumbList | ListItem | BlogPosting | Person,Yes,789,2,60,5,Low — assigned canonical owner,Maintain and monitor
https://www.coachingpromo.in/blogs/pullover-vs-zipper-hoodies-for-student-uniforms,Article / guide,200,Yes,https://www.coachingpromo.in/blogs/pullover-vs-zipper-hoodies-for-student-uniforms,,,Pullover vs Zipper Hoodies for Student Uniforms | CoachingPromo,Pullover vs Zipper Hoodies for Student Uniforms,"Compare pullover and zipper hoodies for student uniforms by comfort, layering, branding area, durability and bulk-order planning.",BreadcrumbList | ListItem | BlogPosting | Person,Yes,784,2,60,5,Review if impressions overlap another product page,Maintain and monitor
https://www.coachingpromo.in/solutions/custom-merchandise-for-educational-institutions,Commercial solution page,200,Yes,https://www.coachingpromo.in/solutions/custom-merchandise-for-educational-institutions,custom merchandise for educational institutions,promotional products for educational institutions | educational institute merchandise,Custom Merchandise for Educational Institutions | CoachingPromo,Custom Merchandise for Educational Institutions,"Plan custom apparel, bags, stationery, student kits, awards and event merchandise for schools, colleges, universities and training institutes in India.",BreadcrumbList | ListItem | WebPage | FAQPage | Question | Answer,Yes,887,1,57,5,Low — assigned canonical owner,Maintain and monitor
https://www.coachingpromo.in/solutions/student-welcome-kits,Commercial solution page,200,Yes,https://www.coachingpromo.in/solutions/student-welcome-kits,student welcome kits,coaching institute welcome kits | coaching institute student kits | coaching institute admission kits | coaching institute orientation kits | student kit bags | admission kit bags | orientation kit bags | student welcome kit | student welcome kits India | customized student welcome kit | student onboarding kit | college welcome kit,Student Welcome Kits for Institutes | Custom Bulk Kits,"Student Welcome Kits for Institutes, Schools and Colleges","Plan branded student welcome, admission and orientation kits with bags, notebooks, pens, bottles, folders and ID products for institutional bulk orders.",BreadcrumbList | ListItem | WebPage | FAQPage | Question | Answer,Yes,879,339,57,5,Low — assigned canonical owner,Maintain and monitor
https://www.coachingpromo.in/solutions/event-merchandise-for-educational-institutions,Commercial solution page,200,Yes,https://www.coachingpromo.in/solutions/event-merchandise-for-educational-institutions,event merchandise for educational institutions,custom event merchandise India | event merchandise supplier | promotional products for events | event branding products | custom merchandise for college fest | college fest merchandise | university fest merchandise | student fest merchandise | seminar merchandise | conference merchandise India | workshop merchandise | orientation event merchandise,Event Merchandise for Colleges &amp; Institutes | Bulk India,Event Merchandise for Educational Institutions,"Plan custom merchandise for college fests, seminars, workshops, competitions and institute events, with coordinated apparel, bags, stationery and awards.",BreadcrumbList | ListItem | WebPage | FAQPage | Question | Answer,Yes,813,5,57,5,Low — assigned canonical owner,Maintain and monitor
https://www.coachingpromo.in/solutions/corporate-gifting-for-educational-institutions,Commercial solution page,200,Yes,https://www.coachingpromo.in/solutions/corporate-gifting-for-educational-institutions,corporate gifting for educational institutions,promotional gift items for institutes | promotional gifts for educational institutions | institutional gifting solutions | educational institute gifts | coaching institute gifts | coaching institute corporate gifts | corporate gifts India | corporate gifting India | customized corporate gifts India | corporate gifting company India | corporate gift supplier India | corporate gifts manufacturer India,Corporate Gifting for Educational Institutions | Bulk India,Corporate Gifting for Educational Institutions,"Source useful branded gifts for faculty, teachers, speakers, partners and education teams, with bulk quotation based on product, branding and quantity.",BreadcrumbList | ListItem | WebPage | FAQPage | Question | Answer,Yes,830,1,57,5,Low — assigned canonical owner,Maintain and monitor
https://www.coachingpromo.in/solutions/eco-friendly-promotional-products,Commercial solution page,200,Yes,https://www.coachingpromo.in/solutions/eco-friendly-promotional-products,eco friendly promotional products India,sustainable promotional products India | eco friendly corporate gifts India | sustainable corporate gifts India | eco friendly merchandise India | sustainable merchandise India | eco friendly student kits | sustainable welcome kits | eco friendly notebooks | recycled notebooks with logo | jute bags with logo | reusable bottles with logo | sustainable gifts for schools,Eco-Friendly Promotional Products for Institutions | India,Eco-Friendly Promotional Products for Institutions,"Explore reusable and lower-impact merchandise options such as jute bags, selected notebooks, pens and bottles for education-sector bulk orders.",BreadcrumbList | ListItem | WebPage | FAQPage | Question | Answer,Yes,821,0,57,5,Low — assigned canonical owner,Maintain and monitor
https://www.coachingpromo.in/solutions/convocation-products,Commercial solution page,200,Yes,https://www.coachingpromo.in/solutions/convocation-products,convocation products,convocation gowns India | convocation gown supplier | college convocation gowns | convocation caps | convocation dress supplier | convocation stole | convocation folder | convocation gifts,Convocation &amp; Graduation Products | Bulk Institutional Orders,Convocation and Graduation Products,"Coordinate graduation gowns, caps, stoles, hoods, degree folders and recognition products for college, university and institutional ceremonies.",BreadcrumbList | ListItem | WebPage | FAQPage | Question | Answer,Yes,803,3,57,5,Low — assigned canonical owner,Maintain and monitor
https://www.coachingpromo.in/industries/schools,Industry / audience page,200,Yes,https://www.coachingpromo.in/industries/schools,school merchandise India,promotional products for schools | school promotional items | corporate gifts for schools | school promotional products | custom merchandise for schools | branded merchandise for schools | customized school products | school staff uniforms | teacher uniforms | school hoodies | school t shirts with logo | school notebooks with logo,Custom School Merchandise &amp; Promotional Products | India,Custom School Merchandise and Promotional Products,"Plan branded apparel, student kits, notebooks, bags, bottles, awards and admission merchandise for schools in India.",BreadcrumbList | ListItem | WebPage | FAQPage | Question | Answer,Yes,810,1,57,5,Low — assigned canonical owner,Maintain and monitor
https://www.coachingpromo.in/industries/colleges-universities,Industry / audience page,200,Yes,https://www.coachingpromo.in/industries/colleges-universities,college merchandise India,promotional products for colleges | promotional products for universities | university merchandise India | college promotional items | corporate gifts for colleges | college promotional products | custom college merchandise | university merchandise | college branded merchandise | college t shirts | college hoodies | college jackets,College &amp; University Merchandise | Custom Bulk Orders India,College and University Merchandise,"Custom merchandise for college and university students, societies, fests, orientation, alumni programmes and convocation events.",BreadcrumbList | ListItem | WebPage | FAQPage | Question | Answer,Yes,805,339,59,5,Low — assigned canonical owner,Maintain and monitor
https://www.coachingpromo.in/industries/training-institutes,Industry / audience page,200,Yes,https://www.coachingpromo.in/industries/training-institutes,training institute merchandise,promotional products for training institutes | training centre merchandise | academy promotional products | academy merchandise | educational academy merchandise | computer institute promotional products | vocational training institute merchandise | language institute merchandise | corporate training merchandise | training kits customized | workshop kits India | seminar kits India,Training Institute &amp; Academy Merchandise | Bulk India,Merchandise for Training Institutes and Academies,"Branded merchandise and training kits for academies, skill centres, vocational programmes, workshops and corporate training teams.",BreadcrumbList | ListItem | WebPage | FAQPage | Question | Answer,Yes,815,1,57,5,Low — assigned canonical owner,Maintain and monitor
https://www.coachingpromo.in/guides/promotional-product-planning-for-coaching-institutes,Article / guide,200,Yes,https://www.coachingpromo.in/guides/promotional-product-planning-for-coaching-institutes,promotional product ideas for coaching institutes,best promotional products for coaching institutes | coaching institute marketing ideas | coaching institute branding ideas | merchandise ideas for coaching institutes | school promotional product ideas | best gifts for students | screen printing vs embroidery,Promotional Product Ideas for Coaching Institutes | Guide,How to Plan Promotional Products for a Coaching Institute,"A practical framework for choosing useful coaching institute merchandise for admissions, student batches, staff, seminars and recognition.",BreadcrumbList | ListItem | Article | FAQPage | Question | Answer,Yes,825,1,58,5,Low — assigned canonical owner,Maintain and monitor
https://www.coachingpromo.in/guides/student-welcome-kit-checklist,Article / guide,200,Yes,https://www.coachingpromo.in/guides/student-welcome-kit-checklist,what to include in student welcome kit,best student welcome kit ideas | employee welcome kit vs student welcome kit,What to Include in a Student Welcome Kit | Checklist,Student Welcome Kit Checklist,"Use this checklist to plan useful admission and orientation kits for coaching institutes, schools, colleges and training programmes.",BreadcrumbList | ListItem | Article | FAQPage | Question | Answer,Yes,795,0,57,5,Low — assigned canonical owner,Maintain and monitor
https://www.coachingpromo.in/guides/college-merchandise-ideas,Article / guide,200,Yes,https://www.coachingpromo.in/guides/college-merchandise-ideas,college merchandise ideas,college fest merchandise ideas | branded merchandise ideas for colleges,"College Merchandise Ideas for Fests, Clubs &amp; Students",College Merchandise Ideas by Campus Use Case,"Ideas for useful college merchandise across student batches, clubs, fests, orientation, alumni programmes and graduation.",BreadcrumbList | ListItem | Article | FAQPage | Question | Answer,Yes,778,0,59,5,Low — assigned canonical owner,Maintain and monitor
https://www.coachingpromo.in/guides/custom-t-shirt-printing-guide,Article / guide,200,Yes,https://www.coachingpromo.in/guides/custom-t-shirt-printing-guide,custom t shirt printing methods,best fabric for institute t shirts | polo t shirt vs round neck for staff uniforms | how to design coaching institute t shirts,Custom T-Shirt Printing Methods &amp; Fabric Guide | India,Custom T-Shirt Printing Guide for Institutions,"Compare institutional T-shirt styles, fabric considerations, screen printing, DTF, heat transfer and embroidery before a bulk order.",BreadcrumbList | ListItem | Article | FAQPage | Question | Answer,Yes,812,0,57,5,Low — assigned canonical owner,Maintain and monitor
https://www.coachingpromo.in/guides/notebook-printing-guide,Article / guide,200,Yes,https://www.coachingpromo.in/guides/notebook-printing-guide,spiral vs hardbound notebooks,best notebooks for coaching institutes | customized notebook printing cost,Custom Notebook Printing Cost &amp; Binding Guide | India,Custom Notebook Printing Guide for Institutes,"Plan custom notebooks by size, binding, page count, paper, cover, printing, quantity and delivery requirements.",BreadcrumbList | ListItem | Article | FAQPage | Question | Answer,Yes,785,0,57,5,Low — assigned canonical owner,Maintain and monitor
https://www.coachingpromo.in/guides/admission-and-orientation-merchandise-ideas,Article / guide,200,Yes,https://www.coachingpromo.in/guides/admission-and-orientation-merchandise-ideas,orientation gift ideas for colleges,student orientation kit ideas | promotional products for student admissions | merchandise for educational events | promotional merchandise for seminars,Admission &amp; Orientation Merchandise Ideas for Institutes,Admission and Orientation Merchandise Ideas,"Plan merchandise for admissions, induction, orientation, seminars and educational events without overloading the kit.",BreadcrumbList | ListItem | Article | FAQPage | Question | Answer,Yes,762,0,58,5,Low — assigned canonical owner,Maintain and monitor
https://www.coachingpromo.in/guides/how-branded-merchandise-supports-institute-branding,Article / guide,200,Yes,https://www.coachingpromo.in/guides/how-branded-merchandise-supports-institute-branding,how promotional products improve institute branding,benefits of branded merchandise for schools,How Merchandise Supports School &amp; Institute Branding,How Branded Merchandise Supports Institute Branding,"Understand how consistent, useful merchandise can support recognition, belonging and programme delivery for education brands.",BreadcrumbList | ListItem | Article | FAQPage | Question | Answer,Yes,783,0,59,5,Low — assigned canonical owner,Maintain and monitor
https://www.coachingpromo.in/guides/custom-merchandise-branding-methods,Article / guide,200,Yes,https://www.coachingpromo.in/guides/custom-merchandise-branding-methods,logo printing India,screen printing India | t shirt screen printing | hoodie screen printing | embroidery services India | custom logo embroidery | logo embroidery on jackets | logo embroidery on hoodies | DTF printing India | DTF t shirt printing | heat transfer printing | sublimation printing India | custom merchandise printing,"Logo Printing, Embroidery, DTF &amp; Heat Transfer Guide",Custom Merchandise Branding Methods,"Compare common logo branding methods for institutional apparel, bags, stationery and promotional products.",BreadcrumbList | ListItem | Article | FAQPage | Question | Answer,Yes,805,1,57,5,Low — assigned canonical owner,Maintain and monitor
https://www.coachingpromo.in/,Homepage,200,Yes,https://www.coachingpromo.in,promotional products for coaching institutes,promotional products for coaching centers | customized promotional products India | custom promotional products India | promotional merchandise India | promotional merchandise supplier India | promotional products supplier India | promotional products manufacturer India | bulk promotional products India | customized merchandise India | custom merchandise India | branded merchandise India | institute merchandise India,Promotional Products for Coaching Institutes | CoachingPromo,"Branded merchandise, thoughtfully made for education teams.","Custom promotional products, apparel, student kits and stationery for coaching institutes, schools and colleges. Explore logo branding and bulk orders across India.",Organization | ContactPoint | WebSite,Yes,1803,339,65,5,Low — assigned canonical owner,Maintain and monitor
https://www.coachingpromo.in/about,Static page,200,Yes,https://www.coachingpromo.in/about,,,About Our Custom Merchandise Team | CoachingPromo,About Us,"Learn how CoachingPromo helps education teams source custom apparel, student bags, stationery and branded gifts for institutes across India.",,Yes,972,339,59,5,Review if impressions overlap another product page,Maintain and monitor
https://www.coachingpromo.in/contact,Static page,200,Yes,https://www.coachingpromo.in/contact,,,Contact CoachingPromo for Bulk Merchandise Orders,Let s create something your institute will be proud to use.,"Contact CoachingPromo in New Delhi about custom merchandise, logo branding and bulk orders for coaching institutes, schools and colleges.",,Yes,733,339,57,5,Review if impressions overlap another product page,Maintain and monitor
https://www.coachingpromo.in/blogs,Static page,200,Yes,https://www.coachingpromo.in/blogs,,,Branding &amp; Merchandise Ideas for Institutes | CoachingPromo,Blogs,"Ideas and guides for institute branding, custom apparel, promotional products and student merchandise from CoachingPromo.",,Yes,791,339,66,5,Review if impressions overlap another product page,Maintain and monitor
https://www.coachingpromo.in/offers,Static page,200,Yes,https://www.coachingpromo.in/offers,,,Bulk Merchandise Offers | CoachingPromo,Exclusive Offers Discounts,"Explore available promotional merchandise offers and bulk-order options for institutes, schools and education teams.",,Yes,546,0,57,5,Review if impressions overlap another product page,Maintain and monitor
https://www.coachingpromo.in/categories/apparel-accessories,Category,200,Yes,https://www.coachingpromo.in/categories/apparel-accessories,,,Custom Apparel for Coaching Institutes | T-Shirts &amp; Jackets,Custom Apparel Branded Clothing for Institutes,"Browse custom T-shirts, hoodies, teacher jackets and graduation wear for coaching institutes, schools and colleges. Request bulk logo branding.",BreadcrumbList | ListItem,Yes,1017,339,57,5,Review if impressions overlap another product page,Maintain and monitor
https://www.coachingpromo.in/categories/bags,Category,200,Yes,https://www.coachingpromo.in/categories/bags,custom bags,coaching institute bags | coaching classes bags | custom bags India | customized bags India | promotional bags India | branded bags India | bulk bags India | logo printed bags | custom logo bags | institute bags | school bags with logo | school bags bulk order,Custom Bags for Coaching Institutes | Bulk Logo Printing,"Custom Bags, Backpacks Corporate Gift Bags","Browse custom backpacks, tote bags and messenger bags for student kits, institute staff and events. Request logo branding and bulk pricing.",BreadcrumbList | ListItem,Yes,903,339,57,5,Low — assigned canonical owner,Maintain and monitor
https://www.coachingpromo.in/categories/promotional-items,Category,200,Yes,https://www.coachingpromo.in/categories/promotional-items,promotional products India,,Promotional Products for Coaching Institutes | Bulk India,Promotional Products Branding Merchandise,"Explore branded promotional products for coaching institutes, schools and education teams, including diaries, bottles, awards and desk items.",BreadcrumbList | ListItem,Yes,1146,339,57,5,Low — assigned canonical owner,Maintain and monitor
https://www.coachingpromo.in/categories/stationery,Category,200,Yes,https://www.coachingpromo.in/categories/stationery,custom stationery for institutes,,Custom Stationery for Coaching Institutes | Bulk Printing,"Custom Stationery, Notebooks Writing Essentials","Custom notebooks, attendance registers, degree folders, pens and academic stationery for schools, colleges and coaching institutes.",BreadcrumbList | ListItem,Yes,1046,339,57,5,Low — assigned canonical owner,Maintain and monitor
https://www.coachingpromo.in/apparel-accessories/polo-t-shirts,Subcategory,200,Yes,https://www.coachingpromo.in/apparel-accessories/polo-t-shirts,custom polo t shirts India,coaching institute polo t shirts | customized polo t shirts India | polo t shirts with logo India | bulk polo t shirts India | polo t shirt printing India | embroidered polo t shirts India | corporate polo t shirts India | institute polo t shirts | custom polo t shirts for coaching institutes | school polo t shirts with logo | college polo t shirts with logo | staff polo t shirts,Coaching Institute Polo T-Shirts | Bulk Logo Printing,Custom T-Shirts for Coaching Institutes Staff,"Custom polo T-shirts for coaching classes, institute staff and student teams. Compare fabric and logo options and request a bulk quote in India.",BreadcrumbList | ListItem | CollectionPage | ItemList | FAQPage | Question | Answer,Yes,1177,339,67,5,Low — assigned canonical owner,Maintain and monitor
https://www.coachingpromo.in/apparel-accessories/round-neck-t-shirts,Subcategory,200,Yes,https://www.coachingpromo.in/apparel-accessories/round-neck-t-shirts,custom t shirts India,coaching institute t shirts | coaching classes t shirt | coaching classes t shirt design | customized t shirts India | custom t shirt printing India | t shirt printing India | bulk t shirt printing India | custom t shirts bulk India | personalized t shirts bulk India | branded t shirts India | logo printed t shirts India | custom logo t shirts India,Coaching Class T-Shirt Printing | Bulk Student Tees,Printed Coaching T-Shirts for Students Events,"Printed T-shirts for coaching classes, student batches, education events and campaigns. Plan fabric, sizes and logo printing for a bulk order.",BreadcrumbList | ListItem | CollectionPage | ItemList | FAQPage | Question | Answer,Yes,1190,339,68,5,Low — assigned canonical owner,Maintain and monitor
https://www.coachingpromo.in/apparel-accessories/shirts,Subcategory,200,Yes,https://www.coachingpromo.in/apparel-accessories/shirts,,,Custom Formal Shirts for Coaching Staff – Logo Branding,Logo Printing Formal Casual Shirts with for Staff Faculty,"Custom Formal Shirts for Coaching Staff with Logo Branding. Stylish, comfortable, and perfect for Institute events, staff uniforms &amp; bulk orders. Fast delivery available!",BreadcrumbList | ListItem,Yes,1104,339,64,5,Review if impressions overlap another product page,Maintain and monitor
https://www.coachingpromo.in/apparel-accessories/hoodies-jackets,Subcategory,200,Yes,https://www.coachingpromo.in/apparel-accessories/hoodies-jackets,,,Bulk Custom Hoodies &amp; Jackets India | Logo Printing,Bulk Custom Hoodies Jackets with Logo Printing,"Browse pullover, zipper and fleece hoodies and winter jackets in bulk with custom logo printing or embroidery for institutes across India.",BreadcrumbList | ListItem | CollectionPage | ItemList | FAQPage | Question | Answer,Yes,1617,339,67,5,Review if impressions overlap another product page,Maintain and monitor
https://www.coachingpromo.in/apparel-accessories/uniform-jackets,Subcategory,200,Yes,https://www.coachingpromo.in/apparel-accessories/uniform-jackets,teacher jackets,coaching institute staff uniforms | coaching institute teacher jackets | teacher jacket | jackets for teachers | teacher jackets with logo | custom teacher jackets | customized teacher jackets | teacher winter jackets | faculty jackets | faculty jackets with logo | staff jackets with logo | school staff jackets,Teacher Jackets with Logo | Bulk Institute Uniforms,Custom Teacher Jackets for Schools Coaching Institutes,Order teacher jackets and staff winter uniforms with institute logo branding. Compare jacket styles and request bulk pricing for delivery in India.,BreadcrumbList | ListItem | CollectionPage | ItemList | FAQPage | Question | Answer,Yes,1133,339,63,5,Low — assigned canonical owner,Maintain and monitor
https://www.coachingpromo.in/apparel-accessories/graduation-hat,Subcategory,200,Yes,https://www.coachingpromo.in/apparel-accessories/graduation-hat,graduation caps India,graduation hats India | graduation cap and gown India,Custom Graduation Hats for Coaching Institutes | CoachingPromo,"Custom Graduation Caps for Schools, Colleges Convocation Events","Custom Graduation Hats for Coaching Institutes by CoachingPromo. Perfect for student ceremonies, events &amp; celebrations. Stylish, high-quality, and available with fast bul",BreadcrumbList | ListItem,Yes,1082,339,63,5,Low — assigned canonical owner,Maintain and monitor
https://www.coachingpromo.in/apparel-accessories/graduation-gown,Subcategory,200,Yes,https://www.coachingpromo.in/apparel-accessories/graduation-gown,graduation gowns India,graduation gown India | graduation gown supplier India | graduation gown manufacturer India | graduation gowns bulk | university graduation gowns | graduation gown supplier,Custom Graduation Gowns for Coaching Institutes | CoachingPromo,"Custom Graduation Gowns for Schools, Colleges Universities","Custom Graduation Gowns for Coaching Institutes by CoachingPromo. Perfect for student ceremonies, staff events &amp; celebrations. High-quality, stylish &amp; available with fast",BreadcrumbList | ListItem,Yes,1070,339,62,5,Low — assigned canonical owner,Maintain and monitor
https://www.coachingpromo.in/apparel-accessories/graduation-stole,Subcategory,200,Yes,https://www.coachingpromo.in/apparel-accessories/graduation-stole,graduation stoles India,graduation stoles | custom graduation stoles | graduation sash | custom graduation sash,Customized Graduation Stoles | College Convocation,Customized Graduation Stoles for Colleges Institutes,"Custom graduation stoles for college, university and institute ceremonies. Plan colours, logo, course details and bulk requirements.",BreadcrumbList | ListItem | CollectionPage | ItemList | FAQPage | Question | Answer,Yes,1053,339,63,5,Low — assigned canonical owner,Maintain and monitor
https://www.coachingpromo.in/apparel-accessories/graduation-hood,Subcategory,200,Yes,https://www.coachingpromo.in/apparel-accessories/graduation-hood,,,Premium Custom Graduation Hoods for Coaching Institutes | CoachingPromo,Custom Academic Hoods for Convocation Ceremonies,"Elevate your Coaching Institute’s ceremonies with Premium Custom Graduation Hoods. Perfect for students, staff &amp; events. Stylish, high-quality &amp; available with fast bulk ",BreadcrumbList | ListItem,Yes,1047,339,60,5,Review if impressions overlap another product page,Maintain and monitor
https://www.coachingpromo.in/bags/institute-backpacks,Subcategory,200,Yes,https://www.coachingpromo.in/bags/institute-backpacks,custom backpacks India,coaching institute backpacks | custom backpacks for coaching institutes | customized backpacks India | university backpacks | student backpacks with logo | promotional backpacks | branded backpacks India | backpacks for students bulk | staff backpacks with logo,Institute Backpacks – Custom Logo Bags for Coaching,Custom School Backpacks with Logo Printing for Students,"Institute Backpacks – Custom Logo Bags for Coaching Institutes. Durable, stylish &amp; perfect for students, staff &amp; promotional events. Available in bulk with fast delivery!",BreadcrumbList | ListItem,Yes,1087,339,63,5,Low — assigned canonical owner,Maintain and monitor
https://www.coachingpromo.in/bags/jute-bag,Subcategory,200,Yes,https://www.coachingpromo.in/bags/jute-bag,custom jute bags India,jute bags India | customized jute bags with logo | promotional jute bags India | bulk jute bags India,Eco-Friendly Custom Jute Bags | Coaching Institutes India,Promotional Jute Bags for Eco-Friendly Branding,"Go green with Eco-Friendly Custom Jute Bags for Coaching Institutes in India. Perfect for students, staff &amp; events. Stylish, durable &amp; available with fast bulk delivery!",BreadcrumbList | ListItem,Yes,1077,339,63,5,Low — assigned canonical owner,Maintain and monitor
https://www.coachingpromo.in/bags/messenger-bags,Subcategory,200,Yes,https://www.coachingpromo.in/bags/messenger-bags,,,Custom Messenger Bags for Coaching Institutes | Logo Branding,Branding Messenger Bags for Professionals Teams,"Premium Custom Messenger Bags for Coaching Institutes with logo branding. Durable, stylish &amp; perfect for faculty, staff &amp; students. Ideal for laptops, documents &amp; daily u",BreadcrumbList | ListItem,Yes,1064,339,61,5,Review if impressions overlap another product page,Maintain and monitor
https://www.coachingpromo.in/bags/tote-bag,Subcategory,200,Yes,https://www.coachingpromo.in/bags/tote-bag,custom tote bags India,customized tote bags India | printed tote bags India | tote bags with logo | promotional tote bags | bulk tote bags India | institute tote bags | coaching institute tote bags | college tote bags | school tote bags | student tote bags | canvas tote bags printed | cotton tote bags customized,Custom Tote Bags for Coaching Institutes | Bulk India,Custom Tote Bags for Coaching Institutes Student Kits,"Printed tote bags for coaching institutes, college events and student kits. Compare materials, sizes and logo options for a bulk order in India.",BreadcrumbList | ListItem | CollectionPage | ItemList | FAQPage | Question | Answer,Yes,1085,339,63,5,Low — assigned canonical owner,Maintain and monitor
https://www.coachingpromo.in/promotional-items/mug,Subcategory,200,Yes,https://www.coachingpromo.in/promotional-items/mug,promotional mugs India,customized mugs India | custom mugs India | printed mugs India | mugs with logo India | corporate mugs India | branded mugs | logo printed mugs | bulk customized mugs | institute mugs | coaching institute mugs | school mugs | college mugs,Custom Logo Mugs – Promotional Gifts for Coaching Brands,Custom Mugs with Logo Printing for Promotions,"Boost your Coaching brand with Custom Logo Mugs – perfect promotional gifts for students, staff &amp; events. Stylish, durable &amp; available with fast bulk delivery!",BreadcrumbList | ListItem,Yes,1056,339,62,5,Low — assigned canonical owner,Maintain and monitor
https://www.coachingpromo.in/promotional-items/water-bottle,Subcategory,200,Yes,https://www.coachingpromo.in/promotional-items/water-bottle,customized water bottles India,coaching institute bottles | custom water bottles India | promotional bottles India | branded water bottles India | water bottles with logo | logo printed water bottles | bulk water bottles India | custom bottles for students | school water bottles customized | college water bottles | student water bottle with logo | institute water bottles,Customized Water Bottles in Bulk for Schools &amp; Institutes,Customized Water Bottles in Bulk for Schools Institutes,"Customized water bottles in bulk for schools, coaching institutes and student kits. Compare capacity, material and logo branding options.",BreadcrumbList | ListItem | CollectionPage | ItemList | FAQPage | Question | Answer,Yes,1071,339,63,5,Low — assigned canonical owner,Maintain and monitor
https://www.coachingpromo.in/promotional-items/diary-set,Subcategory,200,Yes,https://www.coachingpromo.in/promotional-items/diary-set,customized diaries India,coaching institute diaries | custom diaries India | branded diaries India | corporate diaries India | promotional diaries India | diary printing India | customized diary with logo | diary with company logo | logo printed diaries | bulk diaries India | corporate diary supplier India | corporate diary manufacturer India,Custom Coaching Diaries &amp; Logo Diary Sets in Bulk,Custom Coaching Diaries Branded Diary Sets,"Order custom coaching diaries and branded diary sets for teachers, students and institute gifting. Compare formats and request bulk pricing.",BreadcrumbList | ListItem | CollectionPage | ItemList | FAQPage | Question | Answer,Yes,1085,339,63,5,Low — assigned canonical owner,Maintain and monitor
https://www.coachingpromo.in/promotional-items/paper-stand,Subcategory,200,Yes,https://www.coachingpromo.in/promotional-items/paper-stand,,,Custom Paper Stands for Coaching Institutes | Promotional Items,Custom Paper Stands with Logo Printing for Desk,"Custom Paper Stands for Coaching Institutes – Perfect Promotional Items for staff desks, student use &amp; events. Durable, stylish &amp; fast bulk delivery available!",BreadcrumbList | ListItem,Yes,1066,339,61,5,Review if impressions overlap another product page,Maintain and monitor
https://www.coachingpromo.in/promotional-items/mobile-stand,Subcategory,200,Yes,https://www.coachingpromo.in/promotional-items/mobile-stand,,,Custom Mobile Stands for Coaching Institutes | Promotional Gifts,Custom Mobile Stands with Logo Printing for Events,"Custom Mobile Stands for Coaching Institutes – Ideal Promotional Gifts for students, staff &amp; events. Stylish, durable &amp; available in bulk with fast delivery!",BreadcrumbList | ListItem,Yes,1106,339,65,5,Review if impressions overlap another product page,Maintain and monitor
https://www.coachingpromo.in/promotional-items/stress-balls,Subcategory,200,Yes,https://www.coachingpromo.in/promotional-items/stress-balls,,,Custom Stress Balls – Promotional Products for Branding &amp; Events,Custom Printed Stress Balls for Marketing Campaigns,"Custom Stress Balls – Perfect Promotional Products for Coaching Institutes, branding &amp; events. Fun, durable &amp; available in bulk with fast delivery!",BreadcrumbList | ListItem,Yes,1054,339,60,5,Review if impressions overlap another product page,Maintain and monitor
https://www.coachingpromo.in/promotional-items/wall-clocks,Subcategory,200,Yes,https://www.coachingpromo.in/promotional-items/wall-clocks,,,Custom Wall Clocks – Printed with Your Logo,Personalized Wall Clocks with Logo Printing for Offices Institutions,"Enhance your Coaching Institute’s space with Custom Wall Clocks printed with your Logo. Perfect for staff rooms, events &amp; promotional gifts. Durable &amp; available with fast",BreadcrumbList | ListItem,Yes,1089,339,63,5,Review if impressions overlap another product page,Maintain and monitor
https://www.coachingpromo.in/promotional-items/table-clock,Subcategory,200,Yes,https://www.coachingpromo.in/promotional-items/table-clock,,,Custom Table Clocks – Logo Printed Promotional Gift,Custom Table Clocks with Logo Printing for Corporate Gifts,"Promote your Coaching Institute with Custom Table Clocks – Logo Printed Promotional Gifts. Perfect for staff, students &amp; events. Stylish, durable &amp; available with fast bu",BreadcrumbList | ListItem,Yes,1089,339,63,5,Review if impressions overlap another product page,Maintain and monitor
https://www.coachingpromo.in/promotional-items/mouse-pad,Subcategory,200,Yes,https://www.coachingpromo.in/promotional-items/mouse-pad,,,Custom Mouse Pads with Logo Printing | CoachingPromo,Custom Mouse Pads with Logo Printing for Promotions,"Upgrade your Institute’s workspace with Custom Mouse Pads featuring Logo Printing. Ideal for students, staff &amp; promotional events. Durable, stylish &amp; bulk delivery!",BreadcrumbList | ListItem,Yes,1076,339,62,5,Review if impressions overlap another product page,Maintain and monitor
https://www.coachingpromo.in/promotional-items/photo-frame,Subcategory,200,Yes,https://www.coachingpromo.in/promotional-items/photo-frame,,,Custom Promotional Photo Frames for Institutes | CoachingPromo,Custom Photo Frames with Promotional Use for Awards Corporate,"Showcase achievements with Custom Promotional Photo Frames for Institutes by CoachingPromo. Stylish, durable &amp; perfect for students, staff &amp; events. Fast bulk delivery!",BreadcrumbList | ListItem,Yes,1087,339,63,5,Review if impressions overlap another product page,Maintain and monitor
https://www.coachingpromo.in/promotional-items/magic-cube,Subcategory,200,Yes,https://www.coachingpromo.in/promotional-items/magic-cube,,,Magic Cube – Custom Promotional Products,Custom Magic Cubes with Logo Printing for Promotional Gifts in Bulk,"Custom Magic Cubes – Ideal Promotional Products for Coaching Institutes, staff &amp; student events. Fun, durable &amp; available in bulk with fast delivery!",BreadcrumbList | ListItem,Yes,1097,339,63,5,Review if impressions overlap another product page,Maintain and monitor
https://www.coachingpromo.in/promotional-items/planner,Subcategory,200,Yes,https://www.coachingpromo.in/promotional-items/planner,customized planners India,custom planners India | corporate planners India | promotional planners | branded planners | planner with logo | custom planner printing | student planner India | academic planner India | institute planner | coaching institute planner | school planner | college planner,Custom Planners for Coaching Institutes | Promotional Stationery,Promotional Planners Organizers for Students Events,"Custom Planners for Coaching Institutes – Perfect Promotional Stationery for students, staff &amp; events. Stylish, durable &amp; available in bulk with fast delivery!",BreadcrumbList | ListItem,Yes,1065,339,63,5,Low — assigned canonical owner,Maintain and monitor
https://www.coachingpromo.in/promotional-items/trophy,Subcategory,200,Yes,https://www.coachingpromo.in/promotional-items/trophy,customized trophies India,trophy manufacturer India | trophy supplier India | customized trophy India | custom trophy India | trophies in bulk | corporate trophies India | promotional trophies | award trophy manufacturer | award manufacturer India | customised awards India | school trophies | college trophies,Custom Trophies for Coaching Institutes | Corporate Awards India,"Promotional Trophies for Awards, Events Competitions","Custom Trophies for Coaching Institutes – Perfect Corporate Awards in India. Stylish, high-quality &amp; ideal for student achievements, staff recognition &amp; events. Fast bulk",BreadcrumbList | ListItem,Yes,1062,339,63,5,Low — assigned canonical owner,Maintain and monitor
https://www.coachingpromo.in/promotional-items/wooden-trophy,Subcategory,200,Yes,https://www.coachingpromo.in/promotional-items/wooden-trophy,,,Premium Wooden Trophies for Coaching Institutes | Custom Awards,Custom Wooden Trophies Plaques with Engraving for Awards,"Premium Wooden Trophies for Coaching Institutes – Custom Awards for student achievements, staff recognition &amp; events. Durable, stylish &amp; available in bulk with fast deliv",BreadcrumbList | ListItem,Yes,1086,339,63,5,Review if impressions overlap another product page,Maintain and monitor
https://www.coachingpromo.in/promotional-items/badges,Subcategory,200,Yes,https://www.coachingpromo.in/promotional-items/badges,custom badges India,badges with logo | student badges | institute badges,Custom Promotional Badges – CoachingPromo,Logo Printed Badges Lapel Pins for Corporate Events,"Custom Promotional Badges by CoachingPromo – Perfect for Coaching Institutes, staff &amp; student events. Stylish, durable &amp; available in bulk with fast delivery!",BreadcrumbList | ListItem,Yes,1072,339,63,5,Low — assigned canonical owner,Maintain and monitor
https://www.coachingpromo.in/promotional-items/medals,Subcategory,200,Yes,https://www.coachingpromo.in/promotional-items/medals,custom medals India,customized medals India | school medals | sports medals bulk | college medals,Custom Medals for Coaching Institutes | Award Medals in Bulk,Custom Medals with Engraving for Competitions Awards,"Custom Medals for Coaching Institutes – Perfect Award Medals in Bulk for student achievements, staff recognition &amp; events. Stylish, high-quality &amp; fast delivery available",BreadcrumbList | ListItem,Yes,1063,339,63,5,Low — assigned canonical owner,Maintain and monitor
https://www.coachingpromo.in/stationery/table-calendar,Subcategory,200,Yes,https://www.coachingpromo.in/stationery/table-calendar,customized calendars India,branded calendars 2027 | customized calendars 2027,Custom Table Calendars with Logo – Daily Brand Visibility,Branding Table Calendars with Custom Logo,"Promote your Institute daily with Custom Table Calendars featuring your Logo. Perfect for students, staff &amp; events. Stylish, durable &amp; fast bulk delivery available!",BreadcrumbList | ListItem,Yes,1085,339,64,5,Low — assigned canonical owner,Maintain and monitor
https://www.coachingpromo.in/stationery/wall-calendar,Subcategory,200,Yes,https://www.coachingpromo.in/stationery/wall-calendar,,,Custom Wall Calendars with Logo – Promote Your Brand,Custom Wall Calendars with Logo Printing,"Promote your Coaching brand with Custom Wall Calendars featuring your Logo. Perfect for students, staff &amp; events. Stylish, durable &amp; available in bulk delivery!",BreadcrumbList | ListItem,Yes,1073,339,63,5,Review if impressions overlap another product page,Maintain and monitor
https://www.coachingpromo.in/stationery/notebook,Subcategory,200,Yes,https://www.coachingpromo.in/stationery/notebook,custom notebooks India,coaching institute notebooks | coaching classes notebooks | customized notebooks India | personalised notebooks India | printed notebooks India | notebooks with logo India | branded notebooks India | promotional notebooks India | corporate notebooks India | custom notebook printing | bulk notebook printing India | custom notebooks bulk,Custom Notebooks for Coaching Institutes | Bulk Printing,Custom Notebooks for Coaching Institutes Students,"Custom printed notebooks for coaching institutes, schools and student kits. Compare sizes, binding and cover branding for bulk orders.",BreadcrumbList | ListItem | CollectionPage | ItemList | FAQPage | Question | Answer,Yes,1057,339,63,5,Low — assigned canonical owner,Maintain and monitor
https://www.coachingpromo.in/stationery/notepad,Subcategory,200,Yes,https://www.coachingpromo.in/stationery/notepad,custom notepads India,customized notepads India | printed notepads India | personalized notepads India | branded notepads India | promotional notepads India | notepad printing India | bulk notepad printing | custom logo notepads | company logo notepads | coaching institute notepad | college notepads | school notepads,Custom Printed Notepads for Coaching Institutes | CoachingPromo,Promotional Notepads with Logo for Office Events,"Custom Printed Notepads for Coaching Institutes by CoachingPromo. Ideal for students, staff &amp; promotional events. Stylish, durable &amp; fast bulk delivery available!",BreadcrumbList | ListItem,Yes,1062,339,63,5,Low — assigned canonical owner,Maintain and monitor
https://www.coachingpromo.in/stationery/exam-pad,Subcategory,200,Yes,https://www.coachingpromo.in/stationery/exam-pad,,,Custom Exam Pads for Coaching Institutes | Promotional Stationery,Custom Exam Pads with Logo Printing for Schools Colleges,"Enhance exam prep with Custom Exam Pads for Coaching Institutes. Perfect for students, staff &amp; events. Stylish, durable &amp; available in bulk delivery!",BreadcrumbList | ListItem,Yes,1087,339,63,5,Review if impressions overlap another product page,Maintain and monitor
https://www.coachingpromo.in/stationery/binder-clips,Subcategory,200,Yes,https://www.coachingpromo.in/stationery/binder-clips,,,Custom Binder Clips with Logo Printing | CoachingPromo,Custom Binder Clips with Logo Printing for Office Academic Use,"Organize efficiently with Custom Binder Clips featuring Logo Printing. Ideal for Coaching Institutes, staff &amp; students. Durable, stylish &amp; fast bulk delivery available!",BreadcrumbList | ListItem,Yes,1073,339,61,5,Review if impressions overlap another product page,Maintain and monitor
https://www.coachingpromo.in/stationery/handbill,Subcategory,200,Yes,https://www.coachingpromo.in/stationery/handbill,,,Custom Handbill Printing for Coaching Institutes | CoachingPromo,Promotional Handbills Flyers with Logo Printing for Events,"Promote your Institute with Custom Handbill Printing by CoachingPromo. Perfect for events, branding &amp; student engagement. Stylish, high-quality &amp; bulk delivery!",BreadcrumbList | ListItem,Yes,1044,339,60,5,Review if impressions overlap another product page,Maintain and monitor
https://www.coachingpromo.in/stationery/lanyard-and-id-card,Subcategory,200,Yes,https://www.coachingpromo.in/stationery/lanyard-and-id-card,custom lanyards and ID cards,custom lanyards India | customized lanyards India | printed lanyards India | lanyard manufacturer India | lanyards with logo | institute lanyards | coaching institute lanyards | school lanyards | college lanyards | student lanyards | ID cards for coaching institutes | customized ID cards India,Custom Lanyards &amp; ID Cards for Coaching Institutes | Branding,"Custom Printed Lanyards ID Cards for Staff, Students Events","Brand your Institute with Custom Lanyards &amp; ID Cards. Perfect for students, staff &amp; events. Durable, stylish &amp; available in bulk with fast delivery!",BreadcrumbList | ListItem,Yes,1111,339,63,5,Low — assigned canonical owner,Maintain and monitor
https://www.coachingpromo.in/stationery/attendance-registers,Subcategory,200,Yes,https://www.coachingpromo.in/stationery/attendance-registers,,,Custom Attendance Registers for Schools &amp; Coaching,Customized Attendance Registers for Schools Institutes,"Customized attendance registers with school or coaching-institute branding. Plan page format, binding and bulk printing for academic use.",BreadcrumbList | ListItem | CollectionPage | ItemList | FAQPage | Question | Answer,Yes,1074,339,63,5,Review if impressions overlap another product page,Maintain and monitor
https://www.coachingpromo.in/stationery/customized-pens,Subcategory,200,Yes,https://www.coachingpromo.in/stationery/customized-pens,promotional pens India,customized pens India | custom pens India | personalised pens India | branded pens India | logo printed pens India | custom pens with logo | bulk customized pens | corporate pens India | promotional pen supplier India | pen branding India | coaching institute pens | school pens customized,Custom Pencils with Logo Printing for Coaching Institutes,Custom Printed Metal Plastic Pens for Branding Events,"Promote your brand with Custom Pencils featuring Logo Printing. Perfect for students, staff &amp; Coaching events. Stylish, durable &amp; fast bulk delivery available!",BreadcrumbList | ListItem,Yes,1088,339,63,5,Low — assigned canonical owner,Maintain and monitor
https://www.coachingpromo.in/stationery/branding-files-and-folders,Subcategory,200,Yes,https://www.coachingpromo.in/stationery/branding-files-and-folders,customized folders India,custom file folders India | branded folders India | promotional folders India | corporate folders India | document folders with logo | institute file folders | coaching institute folders | school folders | college folders | admission folders | student folders | seminar folders,Custom Files &amp; Folders with Logo | CoachingPromo,Custom Printed Folders File for Offices and Institutions,"Custom Files &amp; Folders with Logo – Ideal for Coaching Institutes, students &amp; staff. Stylish, durable &amp; available in bulk with fast delivery!",BreadcrumbList | ListItem,Yes,1100,339,63,5,Low — assigned canonical owner,Maintain and monitor
https://www.coachingpromo.in/stationery/graduation-degree-folders,Subcategory,200,Yes,https://www.coachingpromo.in/stationery/graduation-degree-folders,degree certificate folders,degree folder India | graduation degree folders | certificate folders India | customised degree folders | university degree folder | certificate folders | graduation folders,Custom Degree Folders for Convocation | Bulk India,Custom Degree Certificate Folders for Convocation,"Custom degree certificate folders for colleges, universities and convocations. Compare A4 fit, cover options and logo branding for bulk orders.",BreadcrumbList | ListItem | CollectionPage | ItemList | FAQPage | Question | Answer,Yes,1063,339,62,5,Low — assigned canonical owner,Maintain and monitor
https://www.coachingpromo.in/apparel-accessories/sports-jersey,Subcategory,200,Yes,https://www.coachingpromo.in/apparel-accessories/sports-jersey,,,Custom Sports T-Shirts for Coaching Institutes | CoachingPromo,Promotional Sports Jersey for Teams Events,"Order custom sports T-shirts for coaching institutes, schools &amp; academies. Breathable fabric, logo printing &amp; bulk pricing across India.",BreadcrumbList | ListItem,Yes,1033,339,58,5,Review if impressions overlap another product page,Maintain and monitor
https://www.coachingpromo.in/promotional-items/umbrella,Subcategory,200,Yes,https://www.coachingpromo.in/promotional-items/umbrella,,,Custom Branded Promotional Umbrella | Corporate Logo Umbrellas,"Branding Umbrella with Logo Printing for Businesses, Schools","Order custom branded promotional umbrellas with your company logo. Perfect for corporate giveaways, events, and marketing. Durable, stylish, and weather-resistant umbrell",BreadcrumbList | ListItem,Yes,1109,339,66,5,Review if impressions overlap another product page,Maintain and monitor
https://www.coachingpromo.in/apparel-accessories/polo-t-shirts/coaching-polo-t-shirts,Product,200,Yes,https://www.coachingpromo.in/apparel-accessories/polo-t-shirts/coaching-polo-t-shirts,,,Coaching Polo T-Shirts,Coaching Polo T-Shirts,Coaching Polo T-Shirts. High-quality polo t-shirts for Coaching Institutes.,BreadcrumbList | ListItem | Product | Brand | Offer,Yes,1293,8,61,5,Review if impressions overlap another product page,Maintain and monitor
https://www.coachingpromo.in/apparel-accessories/polo-t-shirts/sports-polo-tshirts,Product,200,Yes,https://www.coachingpromo.in/apparel-accessories/polo-t-shirts/sports-polo-tshirts,,,Sports Polo T-Shirts,Sports Polo T-Shirts,Sports Polo T-Shirts. Performance-driven sports polo t-shirts for Coaching and campus sports events.,BreadcrumbList | ListItem | Product | Brand | Offer,Yes,1292,8,61,5,Review if impressions overlap another product page,Maintain and monitor
https://www.coachingpromo.in/apparel-accessories/polo-t-shirts/academy%20-polo-t-shirt,Product,200,Yes,https://www.coachingpromo.in/apparel-accessories/polo-t-shirts/academy%20-polo-t-shirt,,,Academy Polo T-Shirts,Academy Polo T-Shirt,Academy Polo T-Shirt. Custom sports uniform polo t-shirts ideal for Institutes and teams.,BreadcrumbList | ListItem | Product | Brand | Offer,Yes,1293,0,61,5,Review if impressions overlap another product page,Maintain and monitor
https://www.coachingpromo.in/apparel-accessories/polo-t-shirts/institute-cotton-polo-t-shirt,Product,200,Yes,https://www.coachingpromo.in/apparel-accessories/polo-t-shirts/institute-cotton-polo-t-shirt,,,Institute Polo T-Shirts,Institute Cotton Polo T-Shirt,Institute Cotton Polo T-Shirt. Premium Institute polo t-shirts for staff and students.,BreadcrumbList | ListItem | Product | Brand | Offer,Yes,1306,8,61,5,Review if impressions overlap another product page,Maintain and monitor
https://www.coachingpromo.in/apparel-accessories/polo-t-shirts/printed-coaching-t-shirts,Product,200,Yes,https://www.coachingpromo.in/apparel-accessories/polo-t-shirts/printed-coaching-t-shirts,,,Printed Coaching T-Shirts Polo,Printed Coaching T-Shirts,Printed Coaching T-Shirts. Soft and durable cotton polo t-shirts for Institutes.,BreadcrumbList | ListItem | Product | Brand | Offer,Yes,1292,5,61,5,Review if impressions overlap another product page,Maintain and monitor
https://www.coachingpromo.in/apparel-accessories/polo-t-shirts/promotional-polo-t-shirts,Product,200,Yes,https://www.coachingpromo.in/apparel-accessories/polo-t-shirts/promotional-polo-t-shirts,,,Printed Coaching Polo T-Shirts,Promotional Polo T-Shirts,Promotional Polo T-Shirts. Stylish printed Coaching polo t-shirts for students and staff.,BreadcrumbList | ListItem | Product | Brand | Offer,Yes,1292,1,61,5,Review if impressions overlap another product page,Maintain and monitor
https://www.coachingpromo.in/apparel-accessories/polo-t-shirts/customized-event-t-shirts,Product,200,Yes,https://www.coachingpromo.in/apparel-accessories/polo-t-shirts/customized-event-t-shirts,,,Customised Polo T-Shirts,Customized event T-Shirts,Customized event T-Shirts. High-end polo t-shirts for Institutes — premium fabric and elegant design.,BreadcrumbList | ListItem | Product | Brand | Offer,Yes,1294,1,61,5,Review if impressions overlap another product page,Maintain and monitor
https://www.coachingpromo.in/apparel-accessories/polo-t-shirts/personalized-polo-t-shirts,Product,200,Yes,https://www.coachingpromo.in/apparel-accessories/polo-t-shirts/personalized-polo-t-shirts,,,Event Branding Polo T-Shirts,Personalized Polo T-Shirts,"Personalized Polo T-Shirts. Polo t-shirts designed for events, promotions, and Institute branding.",BreadcrumbList | ListItem | Product | Brand | Offer,Yes,1292,1,61,5,Review if impressions overlap another product page,Maintain and monitor
https://www.coachingpromo.in/apparel-accessories/round-neck-t-shirts/institute-events-round-neck-tshirts,Product,200,Yes,https://www.coachingpromo.in/apparel-accessories/round-neck-t-shirts/institute-events-round-neck-tshirts,,,Institute Events Round Neck T-Shirts,Institute Events Round Neck T-Shirts,Institute Events Round Neck T-Shirts. Premium round neck event t-shirts for Institutes and universities.,BreadcrumbList | ListItem | Product | Brand | Offer,Yes,1374,9,61,5,Review if impressions overlap another product page,Maintain and monitor
https://www.coachingpromo.in/apparel-accessories/round-neck-t-shirts/coaching-promotional-round-neck-tshirts,Product,200,Yes,https://www.coachingpromo.in/apparel-accessories/round-neck-t-shirts/coaching-promotional-round-neck-tshirts,,,Coaching Promotional Round Neck T-Shirts,Coaching Promotional Round Neck T-Shirts,Coaching Promotional Round Neck T-Shirts. Comfortable promotional round neck t-shirts for Coaching Institutes.,BreadcrumbList | ListItem | Product | Brand | Offer,Yes,1369,9,61,5,Review if impressions overlap another product page,Maintain and monitor
https://www.coachingpromo.in/apparel-accessories/round-neck-t-shirts/sports-round-neck-tshirts,Product,200,Yes,https://www.coachingpromo.in/apparel-accessories/round-neck-t-shirts/sports-round-neck-tshirts,,,Sports Round Neck T-Shirts,Sports Round Neck T-Shirts,Sports Round Neck T-Shirts. Performance dry-fit round neck sports t-shirts for Institutes.,BreadcrumbList | ListItem | Product | Brand | Offer,Yes,1357,9,61,5,Review if impressions overlap another product page,Maintain and monitor
https://www.coachingpromo.in/apparel-accessories/round-neck-t-shirts/sports-uniform-round-neck-tshirts,Product,200,Yes,https://www.coachingpromo.in/apparel-accessories/round-neck-t-shirts/sports-uniform-round-neck-tshirts,,,Sports Uniform Round Neck T-Shirts,Sports Uniform Round Neck T-Shirts,Sports Uniform Round Neck T-Shirts. Breathable round neck sports uniform t-shirts for Institutes.,BreadcrumbList | ListItem | Product | Brand | Offer,Yes,1371,9,61,5,Review if impressions overlap another product page,Maintain and monitor
https://www.coachingpromo.in/apparel-accessories/round-neck-t-shirts/institute-round-neck-tshirts,Product,200,Yes,https://www.coachingpromo.in/apparel-accessories/round-neck-t-shirts/institute-round-neck-tshirts,,,Institute Round Neck T-Shirts,Institute Round Neck T-Shirts,Institute Round Neck T-Shirts. Premium round neck t-shirts for Institutes and Coaching centers.,BreadcrumbList | ListItem | Product | Brand | Offer,Yes,1359,5,61,5,Review if impressions overlap another product page,Maintain and monitor
https://www.coachingpromo.in/apparel-accessories/round-neck-t-shirts/cotton-institute-round-neck-tshirts,Product,200,Yes,https://www.coachingpromo.in/apparel-accessories/round-neck-t-shirts/cotton-institute-round-neck-tshirts,,,Cotton Institute Round Neck T-Shirts,Cotton Institute Round Neck T-Shirts,Cotton Institute Round Neck T-Shirts. Soft cotton round neck t-shirts for Institutes.,BreadcrumbList | ListItem | Product | Brand | Offer,Yes,1372,1,61,5,Review if impressions overlap another product page,Maintain and monitor
https://www.coachingpromo.in/apparel-accessories/round-neck-t-shirts/printed-coaching-round-neck-tshirts,Product,200,Yes,https://www.coachingpromo.in/apparel-accessories/round-neck-t-shirts/printed-coaching-round-neck-tshirts,,,Printed Coaching Round Neck T-Shirts,Printed Coaching Round Neck T-Shirts,Printed Coaching Round Neck T-Shirts. Printed round neck t-shirts for Coaching branding.,BreadcrumbList | ListItem | Product | Brand | Offer,Yes,1371,1,61,5,Review if impressions overlap another product page,Maintain and monitor
https://www.coachingpromo.in/apparel-accessories/round-neck-t-shirts/premium-institute-round-neck-tshirts,Product,200,Yes,https://www.coachingpromo.in/apparel-accessories/round-neck-t-shirts/premium-institute-round-neck-tshirts,,,Premium Institute Round Neck T-Shirts,Premium Institute Round Neck T-Shirts,Premium Institute Round Neck T-Shirts. High-end premium round neck t-shirts for Institutes.,BreadcrumbList | ListItem | Product | Brand | Offer,Yes,1372,1,61,5,Review if impressions overlap another product page,Maintain and monitor
https://www.coachingpromo.in/apparel-accessories/round-neck-t-shirts/event-branding-round-neck-tshirts,Product,200,Yes,https://www.coachingpromo.in/apparel-accessories/round-neck-t-shirts/event-branding-round-neck-tshirts,,,Event Branding Round Neck T-Shirts,Event Branding Round Neck T-Shirts,Event Branding Round Neck T-Shirts. Round neck event branding t-shirts for Institutes.,BreadcrumbList | ListItem | Product | Brand | Offer,Yes,1372,1,61,5,Review if impressions overlap another product page,Maintain and monitor
https://www.coachingpromo.in/apparel-accessories/shirts/formal-shirts-for-coaching-teachers,Product,200,Yes,https://www.coachingpromo.in/apparel-accessories/shirts/formal-shirts-for-coaching-teachers,,,Formal Shirts for Coaching Teachers,Formal Shirts for Coaching (Teachers),"Formal Shirts for Coaching (Teachers). Premium formal shirts for Coaching teachers, tailored for comfort, style, and professional appearance.",BreadcrumbList | ListItem | Product | Brand | Offer,Yes,1305,7,61,5,Review if impressions overlap another product page,Maintain and monitor
https://www.coachingpromo.in/apparel-accessories/shirts/custom-corporate-shirts,Product,200,Yes,https://www.coachingpromo.in/apparel-accessories/shirts/custom-corporate-shirts,,,Custom Corporate Shirts,Custom Corporate Shirts,"Custom Corporate Shirts. Custom logo-printed corporate shirts for branding, seminars, and office teams.",BreadcrumbList | ListItem | Product | Brand | Offer,Yes,1276,7,61,5,Review if impressions overlap another product page,Maintain and monitor
https://www.coachingpromo.in/apparel-accessories/shirts/branded-office-shirts,Product,200,Yes,https://www.coachingpromo.in/apparel-accessories/shirts/branded-office-shirts,,,Branded Office Shirts,Branded Office Shirts,Branded Office Shirts. High-quality branded office shirts for professionals and corporate teams.,BreadcrumbList | ListItem | Product | Brand | Offer,Yes,1278,7,61,5,Review if impressions overlap another product page,Maintain and monitor
https://www.coachingpromo.in/apparel-accessories/shirts/institute-logo-printed-shirts,Product,200,Yes,https://www.coachingpromo.in/apparel-accessories/shirts/institute-logo-printed-shirts,,,Institute Logo Printed Shirts,Institute Logo Printed Shirts,Institute Logo Printed Shirts. Logo-printed formal shirts for Institutes and universities.,BreadcrumbList | ListItem | Product | Brand | Offer,Yes,1290,7,61,5,Review if impressions overlap another product page,Maintain and monitor
https://www.coachingpromo.in/apparel-accessories/shirts/company-logo-shirts,Product,200,Yes,https://www.coachingpromo.in/apparel-accessories/shirts/company-logo-shirts,,,Company Logo Shirts,Company Logo Shirts,Company Logo Shirts. Logo-printed company formal shirts for professional branding.,BreadcrumbList | ListItem | Product | Brand | Offer,Yes,1276,5,61,5,Review if impressions overlap another product page,Maintain and monitor
https://www.coachingpromo.in/apparel-accessories/shirts/customized-brand-name-formal-shirts,Product,200,Yes,https://www.coachingpromo.in/apparel-accessories/shirts/customized-brand-name-formal-shirts,,,Customized Brand Name Formal Shirts,Customized Brand Name Formal Shirts,Customized Brand Name Formal Shirts. Beautifully embroidered customized formal shirts for branding and professional use.,BreadcrumbList | ListItem | Product | Brand | Offer,Yes,1305,1,61,5,Review if impressions overlap another product page,Maintain and monitor
https://www.coachingpromo.in/apparel-accessories/shirts/premium-office-formal-shirts,Product,200,Yes,https://www.coachingpromo.in/apparel-accessories/shirts/premium-office-formal-shirts,,,Premium Office Formal Shirts,Premium Office Formal Shirts,Premium Office Formal Shirts. High-end premium formal shirts for office professionals and Institute faculty.,BreadcrumbList | ListItem | Product | Brand | Offer,Yes,1292,1,61,5,Review if impressions overlap another product page,Maintain and monitor
https://www.coachingpromo.in/apparel-accessories/hoodies-jackets/promotional-hoodies-for-coaching,Product,200,Yes,https://www.coachingpromo.in/apparel-accessories/hoodies-jackets/promotional-hoodies-for-coaching,,,Promotional Hoodies for Coaching,Promotional Hoodies for Coaching,"Promotional Hoodies for Coaching. Custom promotional products, apparel, student kits and stationery for coaching institutes, schools and colleges. Explore logo branding a",BreadcrumbList | ListItem | Product | Brand | Offer,Yes,1332,10,61,5,Review if impressions overlap another product page,Maintain and monitor
https://www.coachingpromo.in/apparel-accessories/hoodies-jackets/branding-hoodies,Product,200,Yes,https://www.coachingpromo.in/apparel-accessories/hoodies-jackets/branding-hoodies,,,Branding Hoodies,Branding Hoodies,"Branding Hoodies. Custom promotional products, apparel, student kits and stationery for coaching institutes, schools and colleges. Explore logo branding and bulk orders a",BreadcrumbList | ListItem | Product | Brand | Offer,Yes,1304,10,61,5,Review if impressions overlap another product page,Maintain and monitor
https://www.coachingpromo.in/apparel-accessories/hoodies-jackets/customized-hoodies,Product,200,Yes,https://www.coachingpromo.in/apparel-accessories/hoodies-jackets/customized-hoodies,,,Customized Hoodies,Customized Hoodies,"Customized Hoodies. Custom promotional products, apparel, student kits and stationery for coaching institutes, schools and colleges. Explore logo branding and bulk orders",BreadcrumbList | ListItem | Product | Brand | Offer,Yes,1302,10,61,5,Review if impressions overlap another product page,Maintain and monitor
https://www.coachingpromo.in/apparel-accessories/hoodies-jackets/logo-printed-hoodies,Product,200,Yes,https://www.coachingpromo.in/apparel-accessories/hoodies-jackets/logo-printed-hoodies,,,Logo Printed Hoodies,Logo Printed Hoodies,"Logo Printed Hoodies. Custom promotional products, apparel, student kits and stationery for coaching institutes, schools and colleges. Explore logo branding and bulk orde",BreadcrumbList | ListItem | Product | Brand | Offer,Yes,1318,10,61,5,Review if impressions overlap another product page,Maintain and monitor
https://www.coachingpromo.in/apparel-accessories/hoodies-jackets/promotional-men-hoodies,Product,200,Yes,https://www.coachingpromo.in/apparel-accessories/hoodies-jackets/promotional-men-hoodies,,,Promotional Men Hoodies,Promotional Men Hoodies,"Promotional Men Hoodies. Custom promotional products, apparel, student kits and stationery for coaching institutes, schools and colleges. Explore logo branding and bulk o",BreadcrumbList | ListItem | Product | Brand | Offer,Yes,1318,5,61,5,Review if impressions overlap another product page,Maintain and monitor
https://www.coachingpromo.in/apparel-accessories/hoodies-jackets/cotton-hoodies,Product,200,Yes,https://www.coachingpromo.in/apparel-accessories/hoodies-jackets/cotton-hoodies,,,Cotton Hoodies,Cotton Hoodies,"Cotton Hoodies. Custom promotional products, apparel, student kits and stationery for coaching institutes, schools and colleges. Explore logo branding and bulk orders acr",BreadcrumbList | ListItem | Product | Brand | Offer,Yes,1304,1,61,5,Review if impressions overlap another product page,Maintain and monitor
https://www.coachingpromo.in/apparel-accessories/hoodies-jackets/custom-logo-hoodies,Product,200,Yes,https://www.coachingpromo.in/apparel-accessories/hoodies-jackets/custom-logo-hoodies,,,Custom Logo Hoodies,Custom Logo Hoodies,"Custom Logo Hoodies. Custom promotional products, apparel, student kits and stationery for coaching institutes, schools and colleges. Explore logo branding and bulk order",BreadcrumbList | ListItem | Product | Brand | Offer,Yes,1317,1,61,5,Review if impressions overlap another product page,Maintain and monitor
https://www.coachingpromo.in/apparel-accessories/hoodies-jackets/warm-branding-hoodies,Product,200,Yes,https://www.coachingpromo.in/apparel-accessories/hoodies-jackets/warm-branding-hoodies,,,Warm Branding Hoodies,Warm Branding Hoodies,"Warm Branding Hoodies. Custom promotional products, apparel, student kits and stationery for coaching institutes, schools and colleges. Explore logo branding and bulk ord",BreadcrumbList | ListItem | Product | Brand | Offer,Yes,1316,1,61,5,Review if impressions overlap another product page,Maintain and monitor
https://www.coachingpromo.in/apparel-accessories/hoodies-jackets/winter-custom-hoodies,Product,200,Yes,https://www.coachingpromo.in/apparel-accessories/hoodies-jackets/winter-custom-hoodies,,,Winter Custom Hoodies,Winter Custom Hoodies,"Winter Custom Hoodies. Custom promotional products, apparel, student kits and stationery for coaching institutes, schools and colleges. Explore logo branding and bulk ord",BreadcrumbList | ListItem | Product | Brand | Offer,Yes,1317,1,61,5,Review if impressions overlap another product page,Maintain and monitor
https://www.coachingpromo.in/apparel-accessories/hoodies-jackets/premium-institute-hoodies,Product,200,Yes,https://www.coachingpromo.in/apparel-accessories/hoodies-jackets/premium-institute-hoodies,,,Premium Institute Hoodies,Premium Institute Hoodies,"Premium Institute Hoodies. Custom promotional products, apparel, student kits and stationery for coaching institutes, schools and colleges. Explore logo branding and bulk",BreadcrumbList | ListItem | Product | Brand | Offer,Yes,1317,1,61,5,Review if impressions overlap another product page,Maintain and monitor
https://www.coachingpromo.in/apparel-accessories/uniform-jackets/custom-nehru-jackets,Product,200,Yes,https://www.coachingpromo.in/apparel-accessories/uniform-jackets/custom-nehru-jackets,,,Custom Nehru Jackets,Custom Nehru Jackets,"Custom Nehru jackets personalized with Institute logos, embroidery, and premium fabrics.",BreadcrumbList | ListItem | Product | Brand | Offer,Yes,1300,6,61,5,Review if impressions overlap another product page,Maintain and monitor
https://www.coachingpromo.in/apparel-accessories/uniform-jackets/branding-nehru-jackets,Product,200,Yes,https://www.coachingpromo.in/apparel-accessories/uniform-jackets/branding-nehru-jackets,,,Branding Nehru Jackets,Branding Nehru Jackets,Branding Nehru Jackets. Professional branding Nehru jackets perfect for faculty and Coaching staff.,BreadcrumbList | ListItem | Product | Brand | Offer,Yes,1299,6,61,5,Review if impressions overlap another product page,Maintain and monitor
https://www.coachingpromo.in/apparel-accessories/uniform-jackets/customized-nehru-jackets,Product,200,Yes,https://www.coachingpromo.in/apparel-accessories/uniform-jackets/customized-nehru-jackets,,,Customized Nehru Jackets,Customized Nehru Jackets,Customized Nehru Jackets. High-quality customized Nehru jackets with embroidery and logo detailing.,BreadcrumbList | ListItem | Product | Brand | Offer,Yes,1298,6,61,5,Review if impressions overlap another product page,Maintain and monitor
https://www.coachingpromo.in/apparel-accessories/uniform-jackets/printed-nehru-jackets,Product,200,Yes,https://www.coachingpromo.in/apparel-accessories/uniform-jackets/printed-nehru-jackets,,,Printed Nehru Jackets,Printed Nehru Jackets,Printed Nehru Jackets. Stylish printed Nehru jackets featuring custom Institute logos and patterns.,BreadcrumbList | ListItem | Product | Brand | Offer,Yes,1300,6,61,5,Review if impressions overlap another product page,Maintain and monitor
https://www.coachingpromo.in/apparel-accessories/uniform-jackets/premium-cotton-nehru-jackets,Product,200,Yes,https://www.coachingpromo.in/apparel-accessories/uniform-jackets/premium-cotton-nehru-jackets,,,Premium Cotton Nehru Jackets,Premium Cotton Nehru Jackets,Premium Cotton Nehru Jackets. Soft and breathable cotton Nehru jackets ideal for teachers and staff.,BreadcrumbList | ListItem | Product | Brand | Offer,Yes,1311,5,61,5,Review if impressions overlap another product page,Maintain and monitor
https://www.coachingpromo.in/apparel-accessories/uniform-jackets/custom-logo-nehru-jackets,Product,200,Yes,https://www.coachingpromo.in/apparel-accessories/uniform-jackets/custom-logo-nehru-jackets,,,Custom Logo Nehru Jackets,Custom Logo Nehru Jackets,Custom Logo Nehru Jackets. Nehru jackets with premium logo embroidery and printing for Institute branding.,BreadcrumbList | ListItem | Product | Brand | Offer,Yes,1312,1,61,5,Review if impressions overlap another product page,Maintain and monitor
https://www.coachingpromo.in/apparel-accessories/graduation-hat/custom-graduation-hats,Product,200,Yes,https://www.coachingpromo.in/apparel-accessories/graduation-hat/custom-graduation-hats,,,Custom Graduation Hats,Custom Graduation Hats,"Custom Graduation Hats. Custom promotional products, apparel, student kits and stationery for coaching institutes, schools and colleges. Explore logo branding and bulk or",BreadcrumbList | ListItem | Product | Brand | Offer,Yes,1240,6,61,5,Review if impressions overlap another product page,Maintain and monitor
https://www.coachingpromo.in/apparel-accessories/graduation-hat/branding-graduation-hats,Product,200,Yes,https://www.coachingpromo.in/apparel-accessories/graduation-hat/branding-graduation-hats,,,Branding Graduation Hats,Branding Graduation Hats,"Branding Graduation Hats. Custom promotional products, apparel, student kits and stationery for coaching institutes, schools and colleges. Explore logo branding and bulk ",BreadcrumbList | ListItem | Product | Brand | Offer,Yes,1239,6,61,5,Review if impressions overlap another product page,Maintain and monitor
https://www.coachingpromo.in/apparel-accessories/graduation-hat/customized-graduation-hats,Product,200,Yes,https://www.coachingpromo.in/apparel-accessories/graduation-hat/customized-graduation-hats,,,Customized Graduation Hats,Customized Graduation Hats,"Customized Graduation Hats. Custom promotional products, apparel, student kits and stationery for coaching institutes, schools and colleges. Explore logo branding and bul",BreadcrumbList | ListItem | Product | Brand | Offer,Yes,1237,6,61,5,Review if impressions overlap another product page,Maintain and monitor
https://www.coachingpromo.in/apparel-accessories/graduation-hat/printed-graduation-hats,Product,200,Yes,https://www.coachingpromo.in/apparel-accessories/graduation-hat/printed-graduation-hats,,,Printed Graduation Hats,Printed Graduation Hats,"Printed Graduation Hats. Custom promotional products, apparel, student kits and stationery for coaching institutes, schools and colleges. Explore logo branding and bulk o",BreadcrumbList | ListItem | Product | Brand | Offer,Yes,1239,6,61,5,Review if impressions overlap another product page,Maintain and monitor
https://www.coachingpromo.in/apparel-accessories/graduation-hat/sleek-graduation-hats,Product,200,Yes,https://www.coachingpromo.in/apparel-accessories/graduation-hat/sleek-graduation-hats,,,Sleek Graduation Hats,Sleek Graduation Hats,"Sleek Graduation Hats. Custom promotional products, apparel, student kits and stationery for coaching institutes, schools and colleges. Explore logo branding and bulk ord",BreadcrumbList | ListItem | Product | Brand | Offer,Yes,1235,5,61,5,Review if impressions overlap another product page,Maintain and monitor
https://www.coachingpromo.in/apparel-accessories/graduation-hat/custom-logo-graduation-hats,Product,200,Yes,https://www.coachingpromo.in/apparel-accessories/graduation-hat/custom-logo-graduation-hats,,,Custom Logo Graduation Hats,Custom Logo Graduation Hats,"Custom Logo Graduation Hats. Custom promotional products, apparel, student kits and stationery for coaching institutes, schools and colleges. Explore logo branding and bu",BreadcrumbList | ListItem | Product | Brand | Offer,Yes,1252,1,61,5,Review if impressions overlap another product page,Maintain and monitor
https://www.coachingpromo.in/apparel-accessories/graduation-gown/custom-graduation-gowns,Product,200,Yes,https://www.coachingpromo.in/apparel-accessories/graduation-gown/custom-graduation-gowns,,,Custom Graduation Gowns,Custom Graduation Gowns,"Custom Graduation Gowns. Custom promotional products, apparel, student kits and stationery for coaching institutes, schools and colleges. Explore logo branding and bulk o",BreadcrumbList | ListItem | Product | Brand | Offer,Yes,1224,5,61,5,Review if impressions overlap another product page,Maintain and monitor
https://www.coachingpromo.in/apparel-accessories/graduation-gown/branding-graduation-gowns,Product,200,Yes,https://www.coachingpromo.in/apparel-accessories/graduation-gown/branding-graduation-gowns,,,Branding Graduation Gowns,Branding Graduation Gowns,"Branding Graduation Gowns. Custom promotional products, apparel, student kits and stationery for coaching institutes, schools and colleges. Explore logo branding and bulk",BreadcrumbList | ListItem | Product | Brand | Offer,Yes,1223,5,61,5,Review if impressions overlap another product page,Maintain and monitor
https://www.coachingpromo.in/apparel-accessories/graduation-gown/customized-graduation-gowns,Product,200,Yes,https://www.coachingpromo.in/apparel-accessories/graduation-gown/customized-graduation-gowns,,,Customized Graduation Gowns,Customized Graduation Gowns,"Customized Graduation Gowns. Custom promotional products, apparel, student kits and stationery for coaching institutes, schools and colleges. Explore logo branding and bu",BreadcrumbList | ListItem | Product | Brand | Offer,Yes,1223,5,61,5,Review if impressions overlap another product page,Maintain and monitor
https://www.coachingpromo.in/apparel-accessories/graduation-gown/printed-graduation-gowns,Product,200,Yes,https://www.coachingpromo.in/apparel-accessories/graduation-gown/printed-graduation-gowns,,,Printed Graduation Gowns,Printed Graduation Gowns,"Printed Graduation Gowns. Custom promotional products, apparel, student kits and stationery for coaching institutes, schools and colleges. Explore logo branding and bulk ",BreadcrumbList | ListItem | Product | Brand | Offer,Yes,1221,5,61,5,Review if impressions overlap another product page,Maintain and monitor
https://www.coachingpromo.in/apparel-accessories/graduation-gown/custom-logo-graduation-gowns,Product,200,Yes,https://www.coachingpromo.in/apparel-accessories/graduation-gown/custom-logo-graduation-gowns,,,Custom Logo Graduation Gowns,Custom Logo Graduation Gowns,"Custom Logo Graduation Gowns. Custom promotional products, apparel, student kits and stationery for coaching institutes, schools and colleges. Explore logo branding and b",BreadcrumbList | ListItem | Product | Brand | Offer,Yes,1241,5,61,5,Review if impressions overlap another product page,Maintain and monitor
https://www.coachingpromo.in/apparel-accessories/graduation-stole/custom-convocation-sashes,Product,200,Yes,https://www.coachingpromo.in/apparel-accessories/graduation-stole/custom-convocation-sashes,,,Custom Convocation Sashes,Custom Convocation Sashes,"Custom Convocation Sashes. Premium satin convocation sashes personalized with Institute logos, names, and colors.",BreadcrumbList | ListItem | Product | Brand | Offer,Yes,1212,6,61,5,Review if impressions overlap another product page,Maintain and monitor
https://www.coachingpromo.in/apparel-accessories/graduation-stole/branding-convocation-sashes,Product,200,Yes,https://www.coachingpromo.in/apparel-accessories/graduation-stole/branding-convocation-sashes,,,Branding Convocation Sashes,Branding Convocation Sashes,Branding Convocation Sashes. Elegant branding convocation sashes for Institutes and universities.,BreadcrumbList | ListItem | Product | Brand | Offer,Yes,1211,6,61,5,Review if impressions overlap another product page,Maintain and monitor
https://www.coachingpromo.in/apparel-accessories/graduation-stole/customized-convocation-sashes,Product,200,Yes,https://www.coachingpromo.in/apparel-accessories/graduation-stole/customized-convocation-sashes,,,Customized Convocation Sashes,Customized Convocation Sashes,Customized Convocation Sashes. Custom-embroidered convocation sashes for Institutes and ceremonies.,BreadcrumbList | ListItem | Product | Brand | Offer,Yes,1214,6,61,5,Review if impressions overlap another product page,Maintain and monitor
https://www.coachingpromo.in/apparel-accessories/graduation-stole/printed-convocation-sashes,Product,200,Yes,https://www.coachingpromo.in/apparel-accessories/graduation-stole/printed-convocation-sashes,,,Printed Convocation Sashes,Printed Convocation Sashes,Printed Convocation Sashes. Full-color printed convocation sashes with Institute logos and themes.,BreadcrumbList | ListItem | Product | Brand | Offer,Yes,1212,6,61,5,Review if impressions overlap another product page,Maintain and monitor
https://www.coachingpromo.in/apparel-accessories/graduation-stole/sleek-convocation-sashes,Product,200,Yes,https://www.coachingpromo.in/apparel-accessories/graduation-stole/sleek-convocation-sashes,,,Sleek Convocation Sashes,Sleek Convocation Sashes,"Sleek Convocation Sashes. Lightweight, breathable convocation sashes designed for comfort and elegance.",BreadcrumbList | ListItem | Product | Brand | Offer,Yes,1213,5,61,5,Review if impressions overlap another product page,Maintain and monitor
https://www.coachingpromo.in/apparel-accessories/graduation-stole/custom-logo-convocation-sashes,Product,200,Yes,https://www.coachingpromo.in/apparel-accessories/graduation-stole/custom-logo-convocation-sashes,,,Custom Logo Convocation Sashes,Custom Logo Convocation Sashes,Custom Logo Convocation Sashes. Premium embroidered logo convocation sashes for Institutes and universities.,BreadcrumbList | ListItem | Product | Brand | Offer,Yes,1230,1,61,5,Review if impressions overlap another product page,Maintain and monitor
https://www.coachingpromo.in/apparel-accessories/graduation-hood/custom-graduation-hoods,Product,200,Yes,https://www.coachingpromo.in/apparel-accessories/graduation-hood/custom-graduation-hoods,,,Custom Graduation Hoods,Custom Graduation Hoods,Custom Graduation Hoods. Custom-designed graduation hoods personalized with Institute branding and colors.,BreadcrumbList | ListItem | Product | Brand | Offer,Yes,1197,3,59,5,Review if impressions overlap another product page,Maintain and monitor
https://www.coachingpromo.in/apparel-accessories/graduation-hood/branding-graduation-hoods,Product,200,Yes,https://www.coachingpromo.in/apparel-accessories/graduation-hood/branding-graduation-hoods,,,Branding Graduation Hoods,Branding Graduation Hoods,Branding Graduation Hoods. High-quality branding graduation hoods for Institutes and universities.,BreadcrumbList | ListItem | Product | Brand | Offer,Yes,1195,3,59,5,Review if impressions overlap another product page,Maintain and monitor
https://www.coachingpromo.in/apparel-accessories/graduation-hood/printed-graduation-hoods,Product,200,Yes,https://www.coachingpromo.in/apparel-accessories/graduation-hood/printed-graduation-hoods,,,Printed Graduation Hoods,Printed Graduation Hoods,Printed graduation hoods with Institute logos and themed designs.,BreadcrumbList | ListItem | Product | Brand | Offer,Yes,1197,3,59,5,Review if impressions overlap another product page,Maintain and monitor
https://www.coachingpromo.in/bags/institute-backpacks/custom-institute-backpacks,Product,200,Yes,https://www.coachingpromo.in/bags/institute-backpacks/custom-institute-backpacks,,,Custom Institute Backpacks,Custom Institute Backpacks,"Custom Institute backpacks with printed or embroidered logos — perfect for students, staff, and events.",BreadcrumbList | ListItem | Product | Brand | Offer,Yes,1340,6,61,5,Review if impressions overlap another product page,Maintain and monitor
https://www.coachingpromo.in/bags/institute-backpacks/branding-institute-backpacks,Product,200,Yes,https://www.coachingpromo.in/bags/institute-backpacks/branding-institute-backpacks,,,Branding Institute Backpacks,Branding Institute Backpacks,Branding Institute Backpacks. Durable branding backpacks with Institute logo — stylish and professional for daily use and promotions.,BreadcrumbList | ListItem | Product | Brand | Offer,Yes,1337,6,61,5,Review if impressions overlap another product page,Maintain and monitor
https://www.coachingpromo.in/bags/institute-backpacks/customized-institute-backpacks,Product,200,Yes,https://www.coachingpromo.in/bags/institute-backpacks/customized-institute-backpacks,,,Customized Institute Backpacks,Customized Institute Backpacks,"Customized Institute Backpacks. Customized backpacks for Institutes — available with embroidery, print, or logo personalization.",BreadcrumbList | ListItem | Product | Brand | Offer,Yes,1338,6,61,5,Review if impressions overlap another product page,Maintain and monitor
https://www.coachingpromo.in/bags/institute-backpacks/printed-institute-backpacks,Product,200,Yes,https://www.coachingpromo.in/bags/institute-backpacks/printed-institute-backpacks,,,Printed Institute Backpacks,Printed Institute Backpacks,Printed Institute backpacks with logo or tagline — perfect for promotional and daily student use.,BreadcrumbList | ListItem | Product | Brand | Offer,Yes,1339,6,61,5,Review if impressions overlap another product page,Maintain and monitor
https://www.coachingpromo.in/bags/institute-backpacks/sleek-institute-backpacks,Product,200,Yes,https://www.coachingpromo.in/bags/institute-backpacks/sleek-institute-backpacks,,,Sleek Institute Backpacks,Sleek Institute Backpacks,"Sleek Institute Backpacks. Sleek and durable backpacks designed for professional and student use — lightweight, modern, and premium.",BreadcrumbList | ListItem | Product | Brand | Offer,Yes,1340,5,61,5,Review if impressions overlap another product page,Maintain and monitor
https://www.coachingpromo.in/bags/institute-backpacks/premium-institute-backpacks,Product,200,Yes,https://www.coachingpromo.in/bags/institute-backpacks/premium-institute-backpacks,,,Premium Institute Backpacks,Premium Institute Backpacks,"Premium Institute Backpacks. Premium backpacks for Institutes — elegant, comfortable, and durable with branding options.",BreadcrumbList | ListItem | Product | Brand | Offer,Yes,1340,1,61,5,Review if impressions overlap another product page,Maintain and monitor
https://www.coachingpromo.in/bags/jute-bag/custom-jute-bags,Product,200,Yes,https://www.coachingpromo.in/bags/jute-bag/custom-jute-bags,,,Custom Jute Bags,Custom Jute Bags,"Custom jute bags with Institute branding — eco-friendly, durable, and ideal for students and faculty.",BreadcrumbList | ListItem | Product | Brand | Offer,Yes,1282,6,61,5,Review if impressions overlap another product page,Maintain and monitor
https://www.coachingpromo.in/bags/jute-bag/branding-jute-bags,Product,200,Yes,https://www.coachingpromo.in/bags/jute-bag/branding-jute-bags,,,Branding Jute Bags,Branding Jute Bags,"Branding jute bags with Institute logo — perfect for events, students, and eco-friendly branding.",BreadcrumbList | ListItem | Product | Brand | Offer,Yes,1278,6,61,5,Review if impressions overlap another product page,Maintain and monitor
https://www.coachingpromo.in/bags/jute-bag/customized-jute-bags,Product,200,Yes,https://www.coachingpromo.in/bags/jute-bag/customized-jute-bags,,,Customized Jute Bags,Customized Jute Bags,Customized jute bags with embroidery or print — a perfect accessory for Institute branding.,BreadcrumbList | ListItem | Product | Brand | Offer,Yes,1279,6,61,5,Review if impressions overlap another product page,Maintain and monitor
https://www.coachingpromo.in/bags/jute-bag/printed-jute-bags,Product,200,Yes,https://www.coachingpromo.in/bags/jute-bag/printed-jute-bags,,,Printed Jute Bags,Printed Jute Bags,"Printed jute bags with logos and slogans — perfect for seminars, events, and branding.",BreadcrumbList | ListItem | Product | Brand | Offer,Yes,1279,6,61,5,Review if impressions overlap another product page,Maintain and monitor
https://www.coachingpromo.in/bags/jute-bag/sleek-jute-bags,Product,200,Yes,https://www.coachingpromo.in/bags/jute-bag/sleek-jute-bags,,,Sleek Jute Bags,Sleek Jute Bags,"Sleek jute bags for students and staff — stylish, durable, and eco-friendly.",BreadcrumbList | ListItem | Product | Brand | Offer,Yes,1281,5,61,5,Review if impressions overlap another product page,Maintain and monitor
https://www.coachingpromo.in/bags/jute-bag/custom-logo-jute-bags,Product,200,Yes,https://www.coachingpromo.in/bags/jute-bag/custom-logo-jute-bags,,,Custom Logo Jute Bags,Custom Logo Jute Bags,Custom logo jute bags with premium embroidery or printing — perfect for Institutes and events.,BreadcrumbList | ListItem | Product | Brand | Offer,Yes,1297,1,61,5,Review if impressions overlap another product page,Maintain and monitor
https://www.coachingpromo.in/bags/messenger-bags/custom-messenger-bags,Product,200,Yes,https://www.coachingpromo.in/bags/messenger-bags/custom-messenger-bags,,,Custom Messenger Bags,Custom Messenger Bags,"Custom Messenger Bags. Premium custom messenger bags with Institute logo and colors — ideal for students, staff, and events.",BreadcrumbList | ListItem | Product | Brand | Offer,Yes,1268,4,60,5,Review if impressions overlap another product page,Maintain and monitor
https://www.coachingpromo.in/bags/messenger-bags/branding-messenger-bags,Product,200,Yes,https://www.coachingpromo.in/bags/messenger-bags/branding-messenger-bags,,,Branding Messenger Bags,Branding Messenger Bags,"Branding Messenger Bags. Stylish branding messenger bags designed for Institutes — durable, professional, and high-quality.",BreadcrumbList | ListItem | Product | Brand | Offer,Yes,1267,4,60,5,Review if impressions overlap another product page,Maintain and monitor
https://www.coachingpromo.in/bags/messenger-bags/customized-messenger-bags,Product,200,Yes,https://www.coachingpromo.in/bags/messenger-bags/customized-messenger-bags,,,Customized Messenger Bags,Customized Messenger Bags,Customized messenger bags with embroidery or logo print — perfect for Institute branding and gifting.,BreadcrumbList | ListItem | Product | Brand | Offer,Yes,1267,4,60,5,Review if impressions overlap another product page,Maintain and monitor
https://www.coachingpromo.in/bags/messenger-bags/custom-logo-messenger-bags,Product,200,Yes,https://www.coachingpromo.in/bags/messenger-bags/custom-logo-messenger-bags,,,Custom Logo Messenger Bags,Custom Logo Messenger Bags,Custom logo messenger bags with premium embroidery and printing — perfect for professional institutional branding.,BreadcrumbList | ListItem | Product | Brand | Offer,Yes,1283,4,60,5,Review if impressions overlap another product page,Maintain and monitor
https://www.coachingpromo.in/bags/tote-bag/custom-institute-tote-bags,Product,200,Yes,https://www.coachingpromo.in/bags/tote-bag/custom-institute-tote-bags,,,Custom Institute Tote Bags,Custom Institute Tote Bags,"Custom Institute Tote Bags. Custom tote bags with Institute logo and colors — perfect for students, staff, and events.",BreadcrumbList | ListItem | Product | Brand | Offer,Yes,1275,6,61,5,Review if impressions overlap another product page,Maintain and monitor
https://www.coachingpromo.in/bags/tote-bag/branding-institute-tote-bags,Product,200,Yes,https://www.coachingpromo.in/bags/tote-bag/branding-institute-tote-bags,,,Branding Institute Tote Bags,Branding Institute Tote Bags,Branding Institute Tote Bags. Durable and stylish branding tote bags for Institutes — ideal for workshops and daily use.,BreadcrumbList | ListItem | Product | Brand | Offer,Yes,1273,6,61,5,Review if impressions overlap another product page,Maintain and monitor
https://www.coachingpromo.in/bags/tote-bag/customized-institute-tote-bags,Product,200,Yes,https://www.coachingpromo.in/bags/tote-bag/customized-institute-tote-bags,,,Customized Institute Tote Bags,Customized Institute Tote Bags,Customized Institute Tote Bags. Customized tote bags with printing or embroidery — eco-friendly and perfect for branding.,BreadcrumbList | ListItem | Product | Brand | Offer,Yes,1276,6,61,5,Review if impressions overlap another product page,Maintain and monitor
https://www.coachingpromo.in/bags/tote-bag/printed-institute-tote-bags,Product,200,Yes,https://www.coachingpromo.in/bags/tote-bag/printed-institute-tote-bags,,,Printed Institute Tote Bags,Printed Institute Tote Bags,Printed Institute Tote Bags. High-quality printed tote bags with Institute branding — stylish and affordable.,BreadcrumbList | ListItem | Product | Brand | Offer,Yes,1272,6,61,5,Review if impressions overlap another product page,Maintain and monitor
https://www.coachingpromo.in/bags/tote-bag/promotional-tote-bags,Product,200,Yes,https://www.coachingpromo.in/bags/tote-bag/promotional-tote-bags,,,Promotional Tote Bags,Promotional Tote Bags,"Promotional Tote Bags. Eco-friendly promotional tote bags — durable, stylish, and sustainable for Institutes.",BreadcrumbList | ListItem | Product | Brand | Offer,Yes,1262,5,61,5,Review if impressions overlap another product page,Maintain and monitor
https://www.coachingpromo.in/bags/tote-bag/custom-logo-institute-tote-bags,Product,200,Yes,https://www.coachingpromo.in/bags/tote-bag/custom-logo-institute-tote-bags,,,Custom Logo Institute Tote Bags,Custom Logo Institute Tote Bags,Custom Logo Institute Tote Bags. Premium custom logo tote bags with high-quality printing or embroidery — perfect for Institutes.,BreadcrumbList | ListItem | Product | Brand | Offer,Yes,1290,1,61,5,Review if impressions overlap another product page,Maintain and monitor
https://www.coachingpromo.in/promotional-items/mug/custom-mugs,Product,200,Yes,https://www.coachingpromo.in/promotional-items/mug/custom-mugs,,,Custom Mugs,Custom Mugs,Custom Mugs. Personalized mugs printed with your Coaching Institute logo and color theme.,BreadcrumbList | ListItem | Product | Brand | Offer,Yes,1190,5,61,5,Review if impressions overlap another product page,Maintain and monitor
https://www.coachingpromo.in/promotional-items/mug/branding-mugs,Product,200,Yes,https://www.coachingpromo.in/promotional-items/mug/branding-mugs,,,Branding Mugs,Branding Mugs,Branding Mugs. Premium branding mugs featuring high-quality print for promotion &amp; gifting.,BreadcrumbList | ListItem | Product | Brand | Offer,Yes,1189,5,61,5,Review if impressions overlap another product page,Maintain and monitor
https://www.coachingpromo.in/promotional-items/mug/personalized-mugs,Product,200,Yes,https://www.coachingpromo.in/promotional-items/mug/personalized-mugs,,,Personalized Mugs,Personalized Mugs,"Personalized Mugs. Customized mugs with names, quotes &amp; logos for gifting and events.",BreadcrumbList | ListItem | Product | Brand | Offer,Yes,1189,5,61,5,Review if impressions overlap another product page,Maintain and monitor
https://www.coachingpromo.in/promotional-items/mug/printed-mugs,Product,200,Yes,https://www.coachingpromo.in/promotional-items/mug/printed-mugs,,,Printed Mugs,Printed Mugs,Printed Mugs. Promotional printed mugs with colorful branding &amp; designs.,BreadcrumbList | ListItem | Product | Brand | Offer,Yes,1191,5,61,5,Review if impressions overlap another product page,Maintain and monitor
https://www.coachingpromo.in/promotional-items/mug/ceramic-mugs,Product,200,Yes,https://www.coachingpromo.in/promotional-items/mug/ceramic-mugs,,,Premium Ceramic Mugs,Ceramic Mugs,Ceramic Mugs. Glossy ceramic mugs ideal for corporate gifting &amp; Institute branding.,BreadcrumbList | ListItem | Product | Brand | Offer,Yes,1191,5,61,5,Review if impressions overlap another product page,Maintain and monitor
https://www.coachingpromo.in/promotional-items/water-bottle/custom-water-bottles,Product,200,Yes,https://www.coachingpromo.in/promotional-items/water-bottle/custom-water-bottles,,,Custom Water Bottles,Custom Water Bottles,Custom Water Bottles. Personalized water bottles custom-printed with your Coaching Institute branding.,BreadcrumbList | ListItem | Product | Brand | Offer,Yes,1215,6,61,5,Review if impressions overlap another product page,Maintain and monitor
https://www.coachingpromo.in/promotional-items/water-bottle/branding-water-bottles,Product,200,Yes,https://www.coachingpromo.in/promotional-items/water-bottle/branding-water-bottles,,,Branding Water Bottles,Branding Water Bottles,"Branding Water Bottles. Promotional branding water bottles ideal for Institutes, seminars &amp; sports.",BreadcrumbList | ListItem | Product | Brand | Offer,Yes,1217,6,61,5,Review if impressions overlap another product page,Maintain and monitor
https://www.coachingpromo.in/promotional-items/water-bottle/personalized-water-bottles,Product,200,Yes,https://www.coachingpromo.in/promotional-items/water-bottle/personalized-water-bottles,,,Personalized Water Bottles,Personalized Water Bottles,Personalized Water Bottles. Custom printed water bottles with name &amp; motivational quotes.,BreadcrumbList | ListItem | Product | Brand | Offer,Yes,1216,6,61,5,Review if impressions overlap another product page,Maintain and monitor
https://www.coachingpromo.in/promotional-items/water-bottle/printed-water-bottles,Product,200,Yes,https://www.coachingpromo.in/promotional-items/water-bottle/printed-water-bottles,,,Printed Water Bottles,Printed Water Bottles,Printed Water Bottles. Custom printed promotional water bottles with vibrant branding.,BreadcrumbList | ListItem | Product | Brand | Offer,Yes,1216,6,61,5,Review if impressions overlap another product page,Maintain and monitor
https://www.coachingpromo.in/promotional-items/water-bottle/stainless-steel-water-bottles,Product,200,Yes,https://www.coachingpromo.in/promotional-items/water-bottle/stainless-steel-water-bottles,,,Stainless Steel Water Bottles,Stainless Steel Water Bottles,Stainless Steel Water Bottles. Durable stainless steel bottles for hot &amp; cold beverages.,BreadcrumbList | ListItem | Product | Brand | Offer,Yes,1230,5,61,5,Review if impressions overlap another product page,Maintain and monitor
https://www.coachingpromo.in/promotional-items/water-bottle/custom-logo-water-bottles,Product,200,Yes,https://www.coachingpromo.in/promotional-items/water-bottle/custom-logo-water-bottles,,,Custom Logo Water Bottles,Custom Logo Water Bottles,Custom Logo Water Bottles. Custom logo printed or engraved water bottles for brand promotion.,BreadcrumbList | ListItem | Product | Brand | Offer,Yes,1227,1,61,5,Review if impressions overlap another product page,Maintain and monitor
https://www.coachingpromo.in/promotional-items/diary-set/custom-diary-sets,Product,200,Yes,https://www.coachingpromo.in/promotional-items/diary-set/custom-diary-sets,,,Custom Diary Sets,Custom Diary Sets,"Custom diary sets with Institute branding, personalization, and elegant designs.",BreadcrumbList | ListItem | Product | Brand | Offer,Yes,1201,6,61,5,Review if impressions overlap another product page,Maintain and monitor
https://www.coachingpromo.in/promotional-items/diary-set/branding-diary-sets,Product,200,Yes,https://www.coachingpromo.in/promotional-items/diary-set/branding-diary-sets,,,Branding Diary Sets,Branding Diary Sets,Branding Diary Sets. Professional branding diary sets for events and Institute use.,BreadcrumbList | ListItem | Product | Brand | Offer,Yes,1200,6,61,5,Review if impressions overlap another product page,Maintain and monitor
https://www.coachingpromo.in/promotional-items/diary-set/personalized-diary-sets,Product,200,Yes,https://www.coachingpromo.in/promotional-items/diary-set/personalized-diary-sets,,,Personalized Diary Sets,Personalized Diary Sets,"Personalized diary sets with names, logos, and motivational quotes.",BreadcrumbList | ListItem | Product | Brand | Offer,Yes,1200,6,61,5,Review if impressions overlap another product page,Maintain and monitor
https://www.coachingpromo.in/promotional-items/diary-set/printed-diary-sets,Product,200,Yes,https://www.coachingpromo.in/promotional-items/diary-set/printed-diary-sets,,,Printed Diary Sets,Printed Diary Sets,"Printed diary sets with bright designs, slogans, and branding.",BreadcrumbList | ListItem | Product | Brand | Offer,Yes,1200,6,61,5,Review if impressions overlap another product page,Maintain and monitor
https://www.coachingpromo.in/promotional-items/diary-set/designer-diary-sets,Product,200,Yes,https://www.coachingpromo.in/promotional-items/diary-set/designer-diary-sets,,,Designer Diary Sets,Designer Diary Sets,Designer Diary Sets. Premium designer diary sets with elegant finishes and high-end materials.,BreadcrumbList | ListItem | Product | Brand | Offer,Yes,1201,5,61,5,Review if impressions overlap another product page,Maintain and monitor
https://www.coachingpromo.in/promotional-items/diary-set/custom-logo-diary-sets,Product,200,Yes,https://www.coachingpromo.in/promotional-items/diary-set/custom-logo-diary-sets,,,Custom Logo Diary Sets,Custom Logo Diary Sets,"Custom logo diary sets with premium printing, embossing, and foil stamping.",BreadcrumbList | ListItem | Product | Brand | Offer,Yes,1220,1,61,5,Review if impressions overlap another product page,Maintain and monitor
https://www.coachingpromo.in/promotional-items/paper-stand/custom-paper-stands,Product,200,Yes,https://www.coachingpromo.in/promotional-items/paper-stand/custom-paper-stands,,,Custom Paper Stands,Custom Paper Stands,Custom paper stands with personalized branding and elegant designs.,BreadcrumbList | ListItem | Product | Brand | Offer,Yes,1259,4,60,5,Review if impressions overlap another product page,Maintain and monitor
https://www.coachingpromo.in/promotional-items/paper-stand/branding-paper-stands,Product,200,Yes,https://www.coachingpromo.in/promotional-items/paper-stand/branding-paper-stands,,,Branding Paper Stands,Branding Paper Stands,"Branding paper stands for offices, classrooms, seminars, and events.",BreadcrumbList | ListItem | Product | Brand | Offer,Yes,1259,4,60,5,Review if impressions overlap another product page,Maintain and monitor
https://www.coachingpromo.in/promotional-items/paper-stand/personalized-paper-stands,Product,200,Yes,https://www.coachingpromo.in/promotional-items/paper-stand/personalized-paper-stands,,,Personalized Paper Stands,Personalized Paper Stands,"Personalized paper stands with names, quotes, and branding designs.",BreadcrumbList | ListItem | Product | Brand | Offer,Yes,1260,4,60,5,Review if impressions overlap another product page,Maintain and monitor
https://www.coachingpromo.in/promotional-items/paper-stand/printed-paper-stands,Product,200,Yes,https://www.coachingpromo.in/promotional-items/paper-stand/printed-paper-stands,,,Printed Paper Stands,Printed Paper Stands,"Printed paper stands with vibrant colors, logos, and promotional themes.",BreadcrumbList | ListItem | Product | Brand | Offer,Yes,1257,4,60,5,Review if impressions overlap another product page,Maintain and monitor
https://www.coachingpromo.in/promotional-items/mobile-stand/custom-mobile-stands,Product,200,Yes,https://www.coachingpromo.in/promotional-items/mobile-stand/custom-mobile-stands,,,Custom Mobile Stands,Custom Mobile Stands,Custom mobile stands with Institute branding and personalization options.,BreadcrumbList | ListItem | Product | Brand | Offer,Yes,1222,8,61,5,Review if impressions overlap another product page,Maintain and monitor
https://www.coachingpromo.in/promotional-items/mobile-stand/branding-mobile-stands,Product,200,Yes,https://www.coachingpromo.in/promotional-items/mobile-stand/branding-mobile-stands,,,Branding Mobile Stands,Branding Mobile Stands,"Branding mobile stands for classrooms, events, offices, and promotions.",BreadcrumbList | ListItem | Product | Brand | Offer,Yes,1222,8,61,5,Review if impressions overlap another product page,Maintain and monitor
https://www.coachingpromo.in/promotional-items/mobile-stand/personalized-mobile-stands,Product,200,Yes,https://www.coachingpromo.in/promotional-items/mobile-stand/personalized-mobile-stands,,,Personalized Mobile Stands,Personalized Mobile Stands,"Personalized mobile stands with names, quotes, logos, and custom designs.",BreadcrumbList | ListItem | Product | Brand | Offer,Yes,1223,8,61,5,Review if impressions overlap another product page,Maintain and monitor
https://www.coachingpromo.in/promotional-items/mobile-stand/printed-mobile-stands,Product,200,Yes,https://www.coachingpromo.in/promotional-items/mobile-stand/printed-mobile-stands,,,Printed Mobile Stands,Printed Mobile Stands,Printed mobile stands with vibrant full-color designs and promotional prints.,BreadcrumbList | ListItem | Product | Brand | Offer,Yes,1220,8,61,5,Review if impressions overlap another product page,Maintain and monitor
https://www.coachingpromo.in/promotional-items/mobile-stand/designer-mobile-stands,Product,200,Yes,https://www.coachingpromo.in/promotional-items/mobile-stand/designer-mobile-stands,,,Designer Mobile Stands,Designer Mobile Stands,Designer Mobile Stands. Premium designer mobile stands with elegant finishes and durable build.,BreadcrumbList | ListItem | Product | Brand | Offer,Yes,1223,5,61,5,Review if impressions overlap another product page,Maintain and monitor
https://www.coachingpromo.in/promotional-items/mobile-stand/custom-logo-mobile-stands,Product,200,Yes,https://www.coachingpromo.in/promotional-items/mobile-stand/custom-logo-mobile-stands,,,Custom Logo Mobile Stands,Custom Logo Mobile Stands,"Custom logo mobile stands with engraving, print, and branding.",BreadcrumbList | ListItem | Product | Brand | Offer,Yes,1239,1,61,5,Review if impressions overlap another product page,Maintain and monitor
https://www.coachingpromo.in/promotional-items/mobile-stand/eco-friendly-mobile-stands,Product,200,Yes,https://www.coachingpromo.in/promotional-items/mobile-stand/eco-friendly-mobile-stands,,,Eco-Friendly Mobile Stands,Eco-Friendly Mobile Stands,Eco-friendly mobile stands made with recycled and biodegradable materials.,BreadcrumbList | ListItem | Product | Brand | Offer,Yes,1225,1,61,5,Review if impressions overlap another product page,Maintain and monitor
https://www.coachingpromo.in/promotional-items/mobile-stand/premium-wooden-mobile-stands,Product,200,Yes,https://www.coachingpromo.in/promotional-items/mobile-stand/premium-wooden-mobile-stands,,,Premium Wooden Mobile Stands,Premium Wooden Mobile Stands,Premium wooden mobile stands with elegant designs and durable build.,BreadcrumbList | ListItem | Product | Brand | Offer,Yes,1236,1,61,5,Review if impressions overlap another product page,Maintain and monitor
https://www.coachingpromo.in/promotional-items/stress-balls/custom-stress-balls,Product,200,Yes,https://www.coachingpromo.in/promotional-items/stress-balls/custom-stress-balls,,,Custom Stress Balls,Custom Stress Balls,Custom stress balls with Institute branding for relaxation and focus.,BreadcrumbList | ListItem | Product | Brand | Offer,Yes,1200,3,59,5,Review if impressions overlap another product page,Maintain and monitor
https://www.coachingpromo.in/promotional-items/stress-balls/personalized-stress-balls,Product,200,Yes,https://www.coachingpromo.in/promotional-items/stress-balls/personalized-stress-balls,,,Personalized Stress Balls,Personalized Stress Balls,"Personalized stress balls with names, quotes, and custom designs.",BreadcrumbList | ListItem | Product | Brand | Offer,Yes,1199,3,59,5,Review if impressions overlap another product page,Maintain and monitor
https://www.coachingpromo.in/promotional-items/stress-balls/printed-stress-balls,Product,200,Yes,https://www.coachingpromo.in/promotional-items/stress-balls/printed-stress-balls,,,Printed Stress Balls,Printed Stress Balls,"Printed stress balls with bright designs, logos, and vibrant branding.",BreadcrumbList | ListItem | Product | Brand | Offer,Yes,1199,3,59,5,Review if impressions overlap another product page,Maintain and monitor
https://www.coachingpromo.in/promotional-items/wall-clocks/custom-wall-clocks,Product,200,Yes,https://www.coachingpromo.in/promotional-items/wall-clocks/custom-wall-clocks,,,Custom Wall Clocks,Custom Wall Clocks,Custom wall clocks with Institute branding and stylish designs.,BreadcrumbList | ListItem | Product | Brand | Offer,Yes,1412,6,61,5,Review if impressions overlap another product page,Maintain and monitor
https://www.coachingpromo.in/promotional-items/wall-clocks/branding-wall-clocks,Product,200,Yes,https://www.coachingpromo.in/promotional-items/wall-clocks/branding-wall-clocks,,,Branding Wall Clocks,Branding Wall Clocks,"Branding wall clocks for classrooms, offices, seminars, and events.",BreadcrumbList | ListItem | Product | Brand | Offer,Yes,1412,6,61,5,Review if impressions overlap another product page,Maintain and monitor
https://www.coachingpromo.in/promotional-items/wall-clocks/personalized-wall-clocks,Product,200,Yes,https://www.coachingpromo.in/promotional-items/wall-clocks/personalized-wall-clocks,,,Personalized Wall Clocks,Personalized Wall Clocks,"Personalized wall clocks with names, quotes, and Institute branding.",BreadcrumbList | ListItem | Product | Brand | Offer,Yes,1413,6,61,5,Review if impressions overlap another product page,Maintain and monitor
https://www.coachingpromo.in/promotional-items/wall-clocks/printed-wall-clocks,Product,200,Yes,https://www.coachingpromo.in/promotional-items/wall-clocks/printed-wall-clocks,,,Printed Wall Clocks,Printed Wall Clocks,"Printed wall clocks with vibrant logos, designs, and promotional prints.",BreadcrumbList | ListItem | Product | Brand | Offer,Yes,1410,6,61,5,Review if impressions overlap another product page,Maintain and monitor
https://www.coachingpromo.in/promotional-items/wall-clocks/designer-wall-clocks,Product,200,Yes,https://www.coachingpromo.in/promotional-items/wall-clocks/designer-wall-clocks,,,Designer Wall Clocks,Designer Wall Clocks,Designer wall clocks with premium finishes and elegant aesthetics.,BreadcrumbList | ListItem | Product | Brand | Offer,Yes,1412,5,61,5,Review if impressions overlap another product page,Maintain and monitor
https://www.coachingpromo.in/promotional-items/wall-clocks/custom-logo-wall-clocks,Product,200,Yes,https://www.coachingpromo.in/promotional-items/wall-clocks/custom-logo-wall-clocks,,,Custom Logo Wall Clocks,Custom Logo Wall Clocks,Custom logo wall clocks with premium printing and professional branding.,BreadcrumbList | ListItem | Product | Brand | Offer,Yes,1432,1,61,5,Review if impressions overlap another product page,Maintain and monitor
https://www.coachingpromo.in/promotional-items/table-clock/custom-table-clocks,Product,200,Yes,https://www.coachingpromo.in/promotional-items/table-clock/custom-table-clocks,,,Custom Table Clocks,Custom Table Clocks,Custom table clocks with Institute branding and professional designs.,BreadcrumbList | ListItem | Product | Brand | Offer,Yes,1251,6,61,5,Review if impressions overlap another product page,Maintain and monitor
https://www.coachingpromo.in/promotional-items/table-clock/branding-table-clocks,Product,200,Yes,https://www.coachingpromo.in/promotional-items/table-clock/branding-table-clocks,,,Branding Table Clocks,Branding Table Clocks,"Branding table clocks for Institutes, events, offices, and faculty desks.",BreadcrumbList | ListItem | Product | Brand | Offer,Yes,1251,6,61,5,Review if impressions overlap another product page,Maintain and monitor
https://www.coachingpromo.in/promotional-items/table-clock/personalized-table-clocks,Product,200,Yes,https://www.coachingpromo.in/promotional-items/table-clock/personalized-table-clocks,,,Personalized Table Clocks,Personalized Table Clocks,"Personalized table clocks with names, quotes, and custom printed designs.",BreadcrumbList | ListItem | Product | Brand | Offer,Yes,1252,6,61,5,Review if impressions overlap another product page,Maintain and monitor
https://www.coachingpromo.in/promotional-items/table-clock/printed-table-clocks,Product,200,Yes,https://www.coachingpromo.in/promotional-items/table-clock/printed-table-clocks,,,Printed Table Clocks,Printed Table Clocks,"Printed table clocks with vibrant designs, logos, and promotional prints.",BreadcrumbList | ListItem | Product | Brand | Offer,Yes,1249,6,61,5,Review if impressions overlap another product page,Maintain and monitor
https://www.coachingpromo.in/promotional-items/table-clock/designer-table-clocks,Product,200,Yes,https://www.coachingpromo.in/promotional-items/table-clock/designer-table-clocks,,,Designer Table Clocks,Designer Table Clocks,Designer table clocks with modern finishes and elegant designs.,BreadcrumbList | ListItem | Product | Brand | Offer,Yes,1251,5,61,5,Review if impressions overlap another product page,Maintain and monitor
https://www.coachingpromo.in/promotional-items/table-clock/custom-logo-table-clocks,Product,200,Yes,https://www.coachingpromo.in/promotional-items/table-clock/custom-logo-table-clocks,,,Custom Logo Table Clocks,Custom Logo Table Clocks,Custom logo table clocks with premium printing and personalized branding.,BreadcrumbList | ListItem | Product | Brand | Offer,Yes,1267,1,61,5,Review if impressions overlap another product page,Maintain and monitor
https://www.coachingpromo.in/promotional-items/mouse-pad/custom-mouse-pads,Product,200,Yes,https://www.coachingpromo.in/promotional-items/mouse-pad/custom-mouse-pads,,,Custom Mouse Pads,Custom Mouse Pads,"Custom mouse pads with Institute branding, personalization, and elegant designs.",BreadcrumbList | ListItem | Product | Brand | Offer,Yes,1214,5,61,5,Review if impressions overlap another product page,Maintain and monitor
https://www.coachingpromo.in/promotional-items/mouse-pad/branding-mouse-pads,Product,200,Yes,https://www.coachingpromo.in/promotional-items/mouse-pad/branding-mouse-pads,,,Branding Mouse Pads,Branding Mouse Pads,"Branding mouse pads for offices, classrooms, seminars, and daily work.",BreadcrumbList | ListItem | Product | Brand | Offer,Yes,1213,5,61,5,Review if impressions overlap another product page,Maintain and monitor
https://www.coachingpromo.in/promotional-items/mouse-pad/personalized-mouse-pads,Product,200,Yes,https://www.coachingpromo.in/promotional-items/mouse-pad/personalized-mouse-pads,,,Personalized Mouse Pads,Personalized Mouse Pads,"Personalized mouse pads with names, quotes, and Institute branding.",BreadcrumbList | ListItem | Product | Brand | Offer,Yes,1215,5,61,5,Review if impressions overlap another product page,Maintain and monitor
https://www.coachingpromo.in/promotional-items/mouse-pad/printed-mouse-pads,Product,200,Yes,https://www.coachingpromo.in/promotional-items/mouse-pad/printed-mouse-pads,,,Printed Mouse Pads,Printed Mouse Pads,"Printed mouse pads with vibrant designs, slogans, and promotional prints.",BreadcrumbList | ListItem | Product | Brand | Offer,Yes,1212,5,61,5,Review if impressions overlap another product page,Maintain and monitor
https://www.coachingpromo.in/promotional-items/mouse-pad/designer-mouse-pads,Product,200,Yes,https://www.coachingpromo.in/promotional-items/mouse-pad/designer-mouse-pads,,,Designer Mouse Pads,Designer Mouse Pads,Designer mouse pads with premium materials and elegant modern styling.,BreadcrumbList | ListItem | Product | Brand | Offer,Yes,1213,5,61,5,Review if impressions overlap another product page,Maintain and monitor
https://www.coachingpromo.in/promotional-items/photo-frame/custom-photo-frames,Product,200,Yes,https://www.coachingpromo.in/promotional-items/photo-frame/custom-photo-frames,,,Custom Photo Frames,Custom Photo Frames,Custom photo frames with Institute branding and elegant finishing.,BreadcrumbList | ListItem | Product | Brand | Offer,Yes,1234,6,61,5,Review if impressions overlap another product page,Maintain and monitor
https://www.coachingpromo.in/promotional-items/photo-frame/branding-photo-frames,Product,200,Yes,https://www.coachingpromo.in/promotional-items/photo-frame/branding-photo-frames,,,Branding Photo Frames,Branding Photo Frames,"Branding photo frames for offices, classrooms, and award ceremonies.",BreadcrumbList | ListItem | Product | Brand | Offer,Yes,1232,6,61,5,Review if impressions overlap another product page,Maintain and monitor
https://www.coachingpromo.in/promotional-items/photo-frame/personalized-photo-frames,Product,200,Yes,https://www.coachingpromo.in/promotional-items/photo-frame/personalized-photo-frames,,,Personalized Photo Frames,Personalized Photo Frames,"Personalized photo frames with custom names, logos, and inspirational quotes.",BreadcrumbList | ListItem | Product | Brand | Offer,Yes,1232,6,61,5,Review if impressions overlap another product page,Maintain and monitor
https://www.coachingpromo.in/promotional-items/photo-frame/printed-photo-frames,Product,200,Yes,https://www.coachingpromo.in/promotional-items/photo-frame/printed-photo-frames,,,Printed Photo Frames,Printed Photo Frames,"Printed photo frames with vibrant logos, branding elements, and colorful designs.",BreadcrumbList | ListItem | Product | Brand | Offer,Yes,1231,6,61,5,Review if impressions overlap another product page,Maintain and monitor
https://www.coachingpromo.in/promotional-items/photo-frame/designer-photo-frames,Product,200,Yes,https://www.coachingpromo.in/promotional-items/photo-frame/designer-photo-frames,,,Designer Photo Frames,Designer Photo Frames,Designer Photo Frames. Premium designer photo frames with elegant finishes and premium materials.,BreadcrumbList | ListItem | Product | Brand | Offer,Yes,1233,5,61,5,Review if impressions overlap another product page,Maintain and monitor
https://www.coachingpromo.in/promotional-items/photo-frame/custom-logo-photo-frames,Product,200,Yes,https://www.coachingpromo.in/promotional-items/photo-frame/custom-logo-photo-frames,,,Custom Logo Photo Frames,Custom Logo Photo Frames,"Custom logo photo frames with engraving, printing, and premium finishing.",BreadcrumbList | ListItem | Product | Brand | Offer,Yes,1248,1,61,5,Review if impressions overlap another product page,Maintain and monitor
https://www.coachingpromo.in/promotional-items/magic-cube/custom-magic-cubes,Product,200,Yes,https://www.coachingpromo.in/promotional-items/magic-cube/custom-magic-cubes,,,Custom Magic Cubes,Custom Magic Cubes,Custom Magic Cubes with personalized branding for Institutes and events.,BreadcrumbList | ListItem | Product | Brand | Offer,Yes,1270,6,61,5,Review if impressions overlap another product page,Maintain and monitor
https://www.coachingpromo.in/promotional-items/magic-cube/branding-magic-cubes,Product,200,Yes,https://www.coachingpromo.in/promotional-items/magic-cube/branding-magic-cubes,,,Branding Magic Cubes,Branding Magic Cubes,"Branding Magic Cubes for Institutes, events, and promotions.",BreadcrumbList | ListItem | Product | Brand | Offer,Yes,1270,6,61,5,Review if impressions overlap another product page,Maintain and monitor
https://www.coachingpromo.in/promotional-items/magic-cube/personalized-magic-cubes,Product,200,Yes,https://www.coachingpromo.in/promotional-items/magic-cube/personalized-magic-cubes,,,Personalized Magic Cubes,Personalized Magic Cubes,"Personalized Magic Cubes with names, logos, and motivational quotes.",BreadcrumbList | ListItem | Product | Brand | Offer,Yes,1272,6,61,5,Review if impressions overlap another product page,Maintain and monitor
https://www.coachingpromo.in/promotional-items/magic-cube/printed-magic-cubes,Product,200,Yes,https://www.coachingpromo.in/promotional-items/magic-cube/printed-magic-cubes,,,Printed Magic Cubes,Printed Magic Cubes,Printed Magic Cubes. Vibrant printed magic cubes with custom full-color themes and logos.,BreadcrumbList | ListItem | Product | Brand | Offer,Yes,1271,6,61,5,Review if impressions overlap another product page,Maintain and monitor
https://www.coachingpromo.in/promotional-items/magic-cube/designer-magic-cubes,Product,200,Yes,https://www.coachingpromo.in/promotional-items/magic-cube/designer-magic-cubes,,,Designer Magic Cubes,Designer Magic Cubes,Designer Magic Cubes. Premium designer magic cubes with stylish modern finishes.,BreadcrumbList | ListItem | Product | Brand | Offer,Yes,1274,5,61,5,Review if impressions overlap another product page,Maintain and monitor
https://www.coachingpromo.in/promotional-items/magic-cube/custom-logo-magic-cubes,Product,200,Yes,https://www.coachingpromo.in/promotional-items/magic-cube/custom-logo-magic-cubes,,,Custom Logo Magic Cubes,Custom Logo Magic Cubes,Custom logo magic cubes with premium printing and embossing.,BreadcrumbList | ListItem | Product | Brand | Offer,Yes,1288,1,61,5,Review if impressions overlap another product page,Maintain and monitor
https://www.coachingpromo.in/promotional-items/planner/custom-planners,Product,200,Yes,https://www.coachingpromo.in/promotional-items/planner/custom-planners,,,Custom Planners,Custom Planners,"Custom planners with Institute branding, personalization, and elegant designs.",BreadcrumbList | ListItem | Product | Brand | Offer,Yes,1198,6,61,5,Review if impressions overlap another product page,Maintain and monitor
https://www.coachingpromo.in/promotional-items/planner/branding-planners,Product,200,Yes,https://www.coachingpromo.in/promotional-items/planner/branding-planners,,,Branding Planners,Branding Planners,"Branding planners for offices, classrooms, seminars, and daily use.",BreadcrumbList | ListItem | Product | Brand | Offer,Yes,1195,6,61,5,Review if impressions overlap another product page,Maintain and monitor
https://www.coachingpromo.in/promotional-items/planner/personalized-planners,Product,200,Yes,https://www.coachingpromo.in/promotional-items/planner/personalized-planners,,,Personalized Planners,Personalized Planners,"Personalized planners with names, quotes, logos, and customized designs.",BreadcrumbList | ListItem | Product | Brand | Offer,Yes,1197,6,61,5,Review if impressions overlap another product page,Maintain and monitor
https://www.coachingpromo.in/promotional-items/planner/printed-planners,Product,200,Yes,https://www.coachingpromo.in/promotional-items/planner/printed-planners,,,Printed Planners,Printed Planners,"Printed planners with vibrant themes, slogans, and colorful covers.",BreadcrumbList | ListItem | Product | Brand | Offer,Yes,1195,6,61,5,Review if impressions overlap another product page,Maintain and monitor
https://www.coachingpromo.in/promotional-items/planner/designer-planners,Product,200,Yes,https://www.coachingpromo.in/promotional-items/planner/designer-planners,,,Designer Planners,Designer Planners,Designer planners with elegant finishes and high-quality materials.,BreadcrumbList | ListItem | Product | Brand | Offer,Yes,1197,5,61,5,Review if impressions overlap another product page,Maintain and monitor
https://www.coachingpromo.in/promotional-items/planner/custom-logo-planners,Product,200,Yes,https://www.coachingpromo.in/promotional-items/planner/custom-logo-planners,,,Custom Logo Planners,Custom Logo Planners,"Custom logo planners with premium printing, embossing, and engraving options.",BreadcrumbList | ListItem | Product | Brand | Offer,Yes,1216,1,61,5,Review if impressions overlap another product page,Maintain and monitor
https://www.coachingpromo.in/promotional-items/trophy/custom-trophies,Product,200,Yes,https://www.coachingpromo.in/promotional-items/trophy/custom-trophies,,,Custom Trophies,Custom Trophies,"Custom trophies with Institute branding, personalization, and premium finishes.",BreadcrumbList | ListItem | Product | Brand | Offer,Yes,1281,6,61,5,Review if impressions overlap another product page,Maintain and monitor
https://www.coachingpromo.in/promotional-items/trophy/branding-trophies,Product,200,Yes,https://www.coachingpromo.in/promotional-items/trophy/branding-trophies,,,Branding Trophies,Branding Trophies,"Branding trophies for ceremonies, competitions, and Institute recognition.",BreadcrumbList | ListItem | Product | Brand | Offer,Yes,1277,6,61,5,Review if impressions overlap another product page,Maintain and monitor
https://www.coachingpromo.in/promotional-items/trophy/personalized-trophies,Product,200,Yes,https://www.coachingpromo.in/promotional-items/trophy/personalized-trophies,,,Personalized Trophies,Personalized Trophies,"Personalized trophies with names, quotes, logos, and custom engraving.",BreadcrumbList | ListItem | Product | Brand | Offer,Yes,1280,6,61,5,Review if impressions overlap another product page,Maintain and monitor
https://www.coachingpromo.in/promotional-items/trophy/printed-trophies,Product,200,Yes,https://www.coachingpromo.in/promotional-items/trophy/printed-trophies,,,Printed Trophies,Printed Trophies,"Printed trophies with vibrant logos, inscriptions, and promotional designs.",BreadcrumbList | ListItem | Product | Brand | Offer,Yes,1280,6,61,5,Review if impressions overlap another product page,Maintain and monitor
https://www.coachingpromo.in/promotional-items/trophy/designer-trophies,Product,200,Yes,https://www.coachingpromo.in/promotional-items/trophy/designer-trophies,,,Designer Trophies,Designer Trophies,Designer trophies with modern aesthetics and premium finishes.,BreadcrumbList | ListItem | Product | Brand | Offer,Yes,1279,5,61,5,Review if impressions overlap another product page,Maintain and monitor
https://www.coachingpromo.in/promotional-items/trophy/custom-logo-trophies,Product,200,Yes,https://www.coachingpromo.in/promotional-items/trophy/custom-logo-trophies,,,Custom Logo Trophies,Custom Logo Trophies,"Custom logo trophies with engraving, embossing, and premium finishes.",BreadcrumbList | ListItem | Product | Brand | Offer,Yes,1293,1,61,5,Review if impressions overlap another product page,Maintain and monitor
https://www.coachingpromo.in/promotional-items/wooden-trophy/custom-wooden-trophies,Product,200,Yes,https://www.coachingpromo.in/promotional-items/wooden-trophy/custom-wooden-trophies,,,Custom Wooden Trophies,Custom Wooden Trophies,"Custom wooden trophies with engraving, personalization, and elegant finishes.",BreadcrumbList | ListItem | Product | Brand | Offer,Yes,1271,6,61,5,Review if impressions overlap another product page,Maintain and monitor
https://www.coachingpromo.in/promotional-items/wooden-trophy/branding-wooden-trophies,Product,200,Yes,https://www.coachingpromo.in/promotional-items/wooden-trophy/branding-wooden-trophies,,,Branding Wooden Trophies,Branding Wooden Trophies,"Branding wooden trophies for ceremonies, award functions, and events.",BreadcrumbList | ListItem | Product | Brand | Offer,Yes,1270,6,61,5,Review if impressions overlap another product page,Maintain and monitor
https://www.coachingpromo.in/promotional-items/wooden-trophy/personalized-wooden-trophies,Product,200,Yes,https://www.coachingpromo.in/promotional-items/wooden-trophy/personalized-wooden-trophies,,,Personalized Wooden Trophies,Personalized Wooden Trophies,"Personalized wooden trophies with names, quotes, logos, and custom engraving.",BreadcrumbList | ListItem | Product | Brand | Offer,Yes,1270,6,61,5,Review if impressions overlap another product page,Maintain and monitor
https://www.coachingpromo.in/promotional-items/wooden-trophy/printed-wooden-trophies,Product,200,Yes,https://www.coachingpromo.in/promotional-items/wooden-trophy/printed-wooden-trophies,,,Printed Wooden Trophies,Printed Wooden Trophies,"Printed wooden trophies with vibrant logos, inscriptions, and promotional themes.",BreadcrumbList | ListItem | Product | Brand | Offer,Yes,1271,6,61,5,Review if impressions overlap another product page,Maintain and monitor
https://www.coachingpromo.in/promotional-items/wooden-trophy/designer-wooden-trophies,Product,200,Yes,https://www.coachingpromo.in/promotional-items/wooden-trophy/designer-wooden-trophies,,,Designer Wooden Trophies,Designer Wooden Trophies,Designer wooden trophies with premium craftsmanship and modern aesthetics.,BreadcrumbList | ListItem | Product | Brand | Offer,Yes,1270,5,61,5,Review if impressions overlap another product page,Maintain and monitor
https://www.coachingpromo.in/promotional-items/wooden-trophy/custom-logo-wooden-trophies,Product,200,Yes,https://www.coachingpromo.in/promotional-items/wooden-trophy/custom-logo-wooden-trophies,,,Custom Logo Wooden Trophies,Custom Logo Wooden Trophies,"Custom logo wooden trophies with engraving, embossing, and premium finishes.",BreadcrumbList | ListItem | Product | Brand | Offer,Yes,1286,1,61,5,Review if impressions overlap another product page,Maintain and monitor
https://www.coachingpromo.in/promotional-items/badges/custom-badges,Product,200,Yes,https://www.coachingpromo.in/promotional-items/badges/custom-badges,,,Custom Badges,Custom Badges,Custom Badges. Professional custom badges for Coaching Institutes with personalized branding.,BreadcrumbList | ListItem | Product | Brand | Offer,Yes,1242,6,61,5,Review if impressions overlap another product page,Maintain and monitor
https://www.coachingpromo.in/promotional-items/badges/branding-badges,Product,200,Yes,https://www.coachingpromo.in/promotional-items/badges/branding-badges,,,Branding Badges,Branding Badges,Branding Badges. Professional branding badges for Institutes and events.,BreadcrumbList | ListItem | Product | Brand | Offer,Yes,1243,6,61,5,Review if impressions overlap another product page,Maintain and monitor
https://www.coachingpromo.in/promotional-items/badges/personalized-badges,Product,200,Yes,https://www.coachingpromo.in/promotional-items/badges/personalized-badges,,,Personalized Badges,Personalized Badges,Personalized Badges. Custom personalized badges with names and motivational quotes.,BreadcrumbList | ListItem | Product | Brand | Offer,Yes,1245,6,61,5,Review if impressions overlap another product page,Maintain and monitor
https://www.coachingpromo.in/promotional-items/badges/printed-badges,Product,200,Yes,https://www.coachingpromo.in/promotional-items/badges/printed-badges,,,Printed Badges,Printed Badges,Printed Badges. Vibrant printed badges with custom designs and logos.,BreadcrumbList | ListItem | Product | Brand | Offer,Yes,1242,6,61,5,Review if impressions overlap another product page,Maintain and monitor
https://www.coachingpromo.in/promotional-items/badges/designer-badges,Product,200,Yes,https://www.coachingpromo.in/promotional-items/badges/designer-badges,,,Designer Badges,Designer Badges,Designer Badges. Premium designer badges with modern and elegant designs.,BreadcrumbList | ListItem | Product | Brand | Offer,Yes,1244,5,61,5,Review if impressions overlap another product page,Maintain and monitor
https://www.coachingpromo.in/promotional-items/badges/custom-logo-badges,Product,200,Yes,https://www.coachingpromo.in/promotional-items/badges/custom-logo-badges,,,Custom Logo Badges,Custom Logo Badges,Custom Logo Badges. Professional custom logo badges with embossing and engraving options.,BreadcrumbList | ListItem | Product | Brand | Offer,Yes,1257,1,61,5,Review if impressions overlap another product page,Maintain and monitor
https://www.coachingpromo.in/promotional-items/medals/custom-medals,Product,200,Yes,https://www.coachingpromo.in/promotional-items/medals/custom-medals,,,Custom Medals,Custom Medals,"Custom Medals. Custom engraved and personalized medals for Institutes, events, and recognition.",BreadcrumbList | ListItem | Product | Brand | Offer,Yes,1248,6,61,5,Review if impressions overlap another product page,Maintain and monitor
https://www.coachingpromo.in/promotional-items/medals/branding-medals,Product,200,Yes,https://www.coachingpromo.in/promotional-items/medals/branding-medals,,,Branding Medals,Branding Medals,"Branding medals for academic awards, sports events, and ceremonies.",BreadcrumbList | ListItem | Product | Brand | Offer,Yes,1248,6,61,5,Review if impressions overlap another product page,Maintain and monitor
https://www.coachingpromo.in/promotional-items/medals/personalized-medals,Product,200,Yes,https://www.coachingpromo.in/promotional-items/medals/personalized-medals,,,Personalized Medals,Personalized Medals,"Personalized medals with names, logos, and event details.",BreadcrumbList | ListItem | Product | Brand | Offer,Yes,1250,6,61,5,Review if impressions overlap another product page,Maintain and monitor
https://www.coachingpromo.in/promotional-items/medals/printed-medals,Product,200,Yes,https://www.coachingpromo.in/promotional-items/medals/printed-medals,,,Printed Medals,Printed Medals,"Printed medals with vibrant themes, logos, and custom designs.",BreadcrumbList | ListItem | Product | Brand | Offer,Yes,1250,6,61,5,Review if impressions overlap another product page,Maintain and monitor
https://www.coachingpromo.in/promotional-items/medals/designer-medals,Product,200,Yes,https://www.coachingpromo.in/promotional-items/medals/designer-medals,,,Designer Medals,Designer Medals,Designer medals with elegant finishes and high-quality materials.,BreadcrumbList | ListItem | Product | Brand | Offer,Yes,1248,5,61,5,Review if impressions overlap another product page,Maintain and monitor
https://www.coachingpromo.in/promotional-items/medals/custom-logo-medals,Product,200,Yes,https://www.coachingpromo.in/promotional-items/medals/custom-logo-medals,,,Custom Logo Medals,Custom Logo Medals,"Custom logo medals with engraving, embossing, and premium finishes.",BreadcrumbList | ListItem | Product | Brand | Offer,Yes,1262,1,61,5,Review if impressions overlap another product page,Maintain and monitor
https://www.coachingpromo.in/stationery/table-calendar/custom-table-calendars,Product,200,Yes,https://www.coachingpromo.in/stationery/table-calendar/custom-table-calendars,,,Custom Table Calendars,Custom Table Calendars,"Custom table calendars with personalized logos and names — perfect for office desks, events, and promotions.",BreadcrumbList | ListItem | Product | Brand | Offer,Yes,1278,7,61,5,Review if impressions overlap another product page,Maintain and monitor
https://www.coachingpromo.in/stationery/table-calendar/branding-table-calendars,Product,200,Yes,https://www.coachingpromo.in/stationery/table-calendar/branding-table-calendars,,,Branding Table Calendars,Branding Table Calendars,"Branding table calendars for offices, classrooms, and events — perfect for year-round Institute branding.",BreadcrumbList | ListItem | Product | Brand | Offer,Yes,1278,7,61,5,Review if impressions overlap another product page,Maintain and monitor
https://www.coachingpromo.in/stationery/table-calendar/personalized-table-calendars,Product,200,Yes,https://www.coachingpromo.in/stationery/table-calendar/personalized-table-calendars,,,Personalized Table Calendars,Personalized Table Calendars,Personalized table calendars with custom names and Institute branding — ideal for faculty and staff gifting.,BreadcrumbList | ListItem | Product | Brand | Offer,Yes,1279,7,61,5,Review if impressions overlap another product page,Maintain and monitor
https://www.coachingpromo.in/stationery/table-calendar/printed-table-calendars,Product,200,Yes,https://www.coachingpromo.in/stationery/table-calendar/printed-table-calendars,,,Printed Table Calendars,Printed Table Calendars,"Printed table calendars with logos and slogans — perfect for branding, gifting, and daily use.",BreadcrumbList | ListItem | Product | Brand | Offer,Yes,1277,7,61,5,Review if impressions overlap another product page,Maintain and monitor
https://www.coachingpromo.in/stationery/table-calendar/designer-table-calendars,Product,200,Yes,https://www.coachingpromo.in/stationery/table-calendar/designer-table-calendars,,,Designer Table Calendars,Designer Table Calendars,"Designer Table Calendars. Premium designer table calendars made from high-quality materials — stylish, functional, and professional.",BreadcrumbList | ListItem | Product | Brand | Offer,Yes,1280,5,61,5,Review if impressions overlap another product page,Maintain and monitor
https://www.coachingpromo.in/stationery/table-calendar/custom-logo-table-calendars,Product,200,Yes,https://www.coachingpromo.in/stationery/table-calendar/custom-logo-table-calendars,,,Custom Logo Table Calendars,Custom Logo Table Calendars,Custom logo table calendars with foil stamping or emboss printing — perfect for branding and gifting.,BreadcrumbList | ListItem | Product | Brand | Offer,Yes,1293,1,61,5,Review if impressions overlap another product page,Maintain and monitor
https://www.coachingpromo.in/stationery/table-calendar/eco-table-calendars,Product,200,Yes,https://www.coachingpromo.in/stationery/table-calendar/eco-table-calendars,,,Eco Table Calendars,Eco Table Calendars,"Eco Table Calendars. Eco-friendly table calendars made from recycled paper — sustainable, stylish, and customizable.",BreadcrumbList | ListItem | Product | Brand | Offer,Yes,1280,1,61,5,Review if impressions overlap another product page,Maintain and monitor
https://www.coachingpromo.in/stationery/wall-calendar/custom-wall-calendars,Product,200,Yes,https://www.coachingpromo.in/stationery/wall-calendar/custom-wall-calendars,,,Custom Wall Calendars,Custom Wall Calendars,"Custom wall calendars with your logo and branding — perfect for classrooms, offices, and daily visibility.",BreadcrumbList | ListItem | Product | Brand | Offer,Yes,1273,6,61,5,Review if impressions overlap another product page,Maintain and monitor
https://www.coachingpromo.in/stationery/wall-calendar/branding-wall-calendars,Product,200,Yes,https://www.coachingpromo.in/stationery/wall-calendar/branding-wall-calendars,,,Branding Wall Calendars,Branding Wall Calendars,"Branding Wall Calendars. Professional branding wall calendars for classrooms, offices, and institutions — durable and elegant.",BreadcrumbList | ListItem | Product | Brand | Offer,Yes,1273,6,61,5,Review if impressions overlap another product page,Maintain and monitor
https://www.coachingpromo.in/stationery/wall-calendar/personalized-wall-calendars,Product,200,Yes,https://www.coachingpromo.in/stationery/wall-calendar/personalized-wall-calendars,,,Personalized Wall Calendars,Personalized Wall Calendars,"Personalized wall calendars featuring names, dates, and logos — perfect for gifts and staff use.",BreadcrumbList | ListItem | Product | Brand | Offer,Yes,1270,6,61,5,Review if impressions overlap another product page,Maintain and monitor
https://www.coachingpromo.in/stationery/wall-calendar/printed-wall-calendars,Product,200,Yes,https://www.coachingpromo.in/stationery/wall-calendar/printed-wall-calendars,,,Printed Wall Calendars,Printed Wall Calendars,Printed wall calendars with vibrant designs and branding — ideal for daily display and events.,BreadcrumbList | ListItem | Product | Brand | Offer,Yes,1273,6,61,5,Review if impressions overlap another product page,Maintain and monitor
https://www.coachingpromo.in/stationery/wall-calendar/designer-wall-calendars,Product,200,Yes,https://www.coachingpromo.in/stationery/wall-calendar/designer-wall-calendars,,,Designer Wall Calendars,Designer Wall Calendars,Designer Wall Calendars. Elegant designer wall calendars made from premium paper and creative layouts — a stylish addition to any wall.,BreadcrumbList | ListItem | Product | Brand | Offer,Yes,1273,5,61,5,Review if impressions overlap another product page,Maintain and monitor
https://www.coachingpromo.in/stationery/wall-calendar/custom-logo-wall-calendars,Product,200,Yes,https://www.coachingpromo.in/stationery/wall-calendar/custom-logo-wall-calendars,,,Custom Logo Wall Calendars,Custom Logo Wall Calendars,Custom logo wall calendars with embossing or foil print — ideal for professional branding and gifting.,BreadcrumbList | ListItem | Product | Brand | Offer,Yes,1286,1,61,5,Review if impressions overlap another product page,Maintain and monitor
https://www.coachingpromo.in/stationery/notebook/custom-notebooks,Product,200,Yes,https://www.coachingpromo.in/stationery/notebook/custom-notebooks,,,Custom Notebooks,Custom Notebooks,"Custom notebooks with personalized logos, names, or taglines — ideal for Institutes and corporate branding.",BreadcrumbList | ListItem | Product | Brand | Offer,Yes,1247,6,61,5,Review if impressions overlap another product page,Maintain and monitor
https://www.coachingpromo.in/stationery/notebook/branding-notebooks,Product,200,Yes,https://www.coachingpromo.in/stationery/notebook/branding-notebooks,,,Branding Notebooks,Branding Notebooks,"Branding Notebooks. Professional branding notebooks for classrooms, offices, and events — practical and stylish.",BreadcrumbList | ListItem | Product | Brand | Offer,Yes,1249,6,61,5,Review if impressions overlap another product page,Maintain and monitor
https://www.coachingpromo.in/stationery/notebook/personalized-notebooks,Product,200,Yes,https://www.coachingpromo.in/stationery/notebook/personalized-notebooks,,,Personalized Notebooks,Personalized Notebooks,"Personalized notebooks with names, motivational quotes, and Institute branding for events and staff.",BreadcrumbList | ListItem | Product | Brand | Offer,Yes,1250,6,61,5,Review if impressions overlap another product page,Maintain and monitor
https://www.coachingpromo.in/stationery/notebook/printed-notebooks,Product,200,Yes,https://www.coachingpromo.in/stationery/notebook/printed-notebooks,,,Printed Notebooks,Printed Notebooks,"Printed notebooks with logos and slogans — ideal for workshops, academic sessions, and promotions.",BreadcrumbList | ListItem | Product | Brand | Offer,Yes,1247,6,61,5,Review if impressions overlap another product page,Maintain and monitor
https://www.coachingpromo.in/stationery/notebook/designer-notebooks,Product,200,Yes,https://www.coachingpromo.in/stationery/notebook/designer-notebooks,,,Designer Notebooks,Designer Notebooks,Designer Notebooks. Premium designer notebooks with stylish layouts and high-quality materials for elegant branding.,BreadcrumbList | ListItem | Product | Brand | Offer,Yes,1248,5,61,5,Review if impressions overlap another product page,Maintain and monitor
https://www.coachingpromo.in/stationery/notebook/custom-logo-notebooks,Product,200,Yes,https://www.coachingpromo.in/stationery/notebook/custom-logo-notebooks,,,Custom Logo Notebooks,Custom Logo Notebooks,"Custom logo notebooks with foil stamping, embossing, and premium paper — ideal for corporate or Institute branding.",BreadcrumbList | ListItem | Product | Brand | Offer,Yes,1263,1,61,5,Review if impressions overlap another product page,Maintain and monitor
https://www.coachingpromo.in/stationery/notepad/custom-notepads,Product,200,Yes,https://www.coachingpromo.in/stationery/notepad/custom-notepads,,,Custom Notepads,Custom Notepads,"Custom Notepads. Custom printed notepads with logos, taglines, and branding — perfect for Institutes and offices.",BreadcrumbList | ListItem | Product | Brand | Offer,Yes,1238,6,61,5,Review if impressions overlap another product page,Maintain and monitor
https://www.coachingpromo.in/stationery/notepad/branding-notepads,Product,200,Yes,https://www.coachingpromo.in/stationery/notepad/branding-notepads,,,Branding Notepads,Branding Notepads,"Branding notepads for classrooms, offices, and events — durable and stylish stationery for professional use.",BreadcrumbList | ListItem | Product | Brand | Offer,Yes,1238,6,61,5,Review if impressions overlap another product page,Maintain and monitor
https://www.coachingpromo.in/stationery/notepad/personalized-notepads,Product,200,Yes,https://www.coachingpromo.in/stationery/notepad/personalized-notepads,,,Personalized Notepads,Personalized Notepads,"Personalized notepads with names, quotes, or logos — ideal for Institutes, students, and staff gifting.",BreadcrumbList | ListItem | Product | Brand | Offer,Yes,1236,6,61,5,Review if impressions overlap another product page,Maintain and monitor
https://www.coachingpromo.in/stationery/notepad/printed-notepads,Product,200,Yes,https://www.coachingpromo.in/stationery/notepad/printed-notepads,,,Printed Notepads,Printed Notepads,"Printed notepads with custom logos, slogans, and creative designs — perfect for promotional branding.",BreadcrumbList | ListItem | Product | Brand | Offer,Yes,1237,6,61,5,Review if impressions overlap another product page,Maintain and monitor
https://www.coachingpromo.in/stationery/notepad/designer-notepads,Product,200,Yes,https://www.coachingpromo.in/stationery/notepad/designer-notepads,,,Designer Notepads,Designer Notepads,"Designer Notepads. Elegant designer notepads crafted from premium materials — ideal for events, staff gifts, or awards.",BreadcrumbList | ListItem | Product | Brand | Offer,Yes,1237,5,61,5,Review if impressions overlap another product page,Maintain and monitor
https://www.coachingpromo.in/stationery/notepad/custom-logo-notepads,Product,200,Yes,https://www.coachingpromo.in/stationery/notepad/custom-logo-notepads,,,Custom Logo Notepads,Custom Logo Notepads,"Custom logo notepads with foil or emboss printing — great for Institutes, corporate branding, or daily use.",BreadcrumbList | ListItem | Product | Brand | Offer,Yes,1252,1,61,5,Review if impressions overlap another product page,Maintain and monitor
https://www.coachingpromo.in/stationery/exam-pad/custom-exam-pads,Product,200,Yes,https://www.coachingpromo.in/stationery/exam-pad/custom-exam-pads,,,Custom Exam Pads,Custom Exam Pads,"Custom exam pads with your logo and branding — perfect for student exams, workshops, and daily use.",BreadcrumbList | ListItem | Product | Brand | Offer,Yes,1255,6,61,5,Review if impressions overlap another product page,Maintain and monitor
https://www.coachingpromo.in/stationery/exam-pad/branding-exam-pads,Product,200,Yes,https://www.coachingpromo.in/stationery/exam-pad/branding-exam-pads,,,Branding Exam Pads,Branding Exam Pads,Branding exam pads with printed logos and names — durable and professional for schools and Institutes.,BreadcrumbList | ListItem | Product | Brand | Offer,Yes,1254,6,61,5,Review if impressions overlap another product page,Maintain and monitor
https://www.coachingpromo.in/stationery/exam-pad/personalized-exam-pads,Product,200,Yes,https://www.coachingpromo.in/stationery/exam-pad/personalized-exam-pads,,,Personalized Exam Pads,Personalized Exam Pads,"Personalized exam pads featuring names, quotes, or logos — ideal for students and faculty gifting.",BreadcrumbList | ListItem | Product | Brand | Offer,Yes,1254,6,61,5,Review if impressions overlap another product page,Maintain and monitor
https://www.coachingpromo.in/stationery/exam-pad/printed-exam-pads,Product,200,Yes,https://www.coachingpromo.in/stationery/exam-pad/printed-exam-pads,,,Printed Exam Pads,Printed Exam Pads,"Printed exam pads with vibrant logos and slogans — great for events, exams, and classroom use.",BreadcrumbList | ListItem | Product | Brand | Offer,Yes,1252,6,61,5,Review if impressions overlap another product page,Maintain and monitor
https://www.coachingpromo.in/stationery/exam-pad/designer-exam-pads,Product,200,Yes,https://www.coachingpromo.in/stationery/exam-pad/designer-exam-pads,,,Designer Exam Pads,Designer Exam Pads,"Designer exam pads with elegant finishes — perfect for staff, students, and professional events.",BreadcrumbList | ListItem | Product | Brand | Offer,Yes,1256,5,61,5,Review if impressions overlap another product page,Maintain and monitor
https://www.coachingpromo.in/stationery/exam-pad/custom-logo-exam-pads,Product,200,Yes,https://www.coachingpromo.in/stationery/exam-pad/custom-logo-exam-pads,,,Custom Logo Exam Pads,Custom Logo Exam Pads,Custom logo exam pads with emboss printing — perfect for institutional exams and promotions.,BreadcrumbList | ListItem | Product | Brand | Offer,Yes,1268,1,61,5,Review if impressions overlap another product page,Maintain and monitor
https://www.coachingpromo.in/stationery/binder-clips/custom-binder-clips,Product,200,Yes,https://www.coachingpromo.in/stationery/binder-clips/custom-binder-clips,,,Custom Binder Clips,Custom Binder Clips,Custom binder clips with personalized branding and durable metal finish.,BreadcrumbList | ListItem | Product | Brand | Offer,Yes,1247,4,60,5,Review if impressions overlap another product page,Maintain and monitor
https://www.coachingpromo.in/stationery/binder-clips/branding-binder-clips,Product,200,Yes,https://www.coachingpromo.in/stationery/binder-clips/branding-binder-clips,,,Branding Binder Clips,Branding Binder Clips,"Branding Binder Clips. Durable branding binder clips for Institutes, offices, and classrooms.",BreadcrumbList | ListItem | Product | Brand | Offer,Yes,1245,4,60,5,Review if impressions overlap another product page,Maintain and monitor
https://www.coachingpromo.in/stationery/binder-clips/printed-binder-clips,Product,200,Yes,https://www.coachingpromo.in/stationery/binder-clips/printed-binder-clips,,,Printed Binder Clips,Printed Binder Clips,"Printed binder clips with vibrant logos, slogans, and colorful branding.",BreadcrumbList | ListItem | Product | Brand | Offer,Yes,1244,4,60,5,Review if impressions overlap another product page,Maintain and monitor
https://www.coachingpromo.in/stationery/binder-clips/designer-binder-clips,Product,200,Yes,https://www.coachingpromo.in/stationery/binder-clips/designer-binder-clips,,,Designer Binder Clips,Designer Binder Clips,Designer Binder Clips. Premium designer binder clips with metallic finishes for elegant organization.,BreadcrumbList | ListItem | Product | Brand | Offer,Yes,1244,4,60,5,Review if impressions overlap another product page,Maintain and monitor
https://www.coachingpromo.in/stationery/handbill/custom-handbills,Product,200,Yes,https://www.coachingpromo.in/stationery/handbill/custom-handbills,,,Custom Handbills &amp; Flyers,Custom Handbills,"Custom handbills and flyers with Institute logos, taglines, and colors — perfect for promotions and announcements.",BreadcrumbList | ListItem | Product | Brand | Offer,Yes,1211,3,59,5,Review if impressions overlap another product page,Maintain and monitor
https://www.coachingpromo.in/stationery/handbill/personalized-handbills,Product,200,Yes,https://www.coachingpromo.in/stationery/handbill/personalized-handbills,,,Personalized Handbills &amp; Pamphlets,Personalized Handbills,"Personalized handbills and pamphlets with names, messages, and motivational quotes — perfect for events and promotions.",BreadcrumbList | ListItem | Product | Brand | Offer,Yes,1211,3,59,5,Review if impressions overlap another product page,Maintain and monitor
https://www.coachingpromo.in/stationery/handbill/custom-logo-handbills,Product,200,Yes,https://www.coachingpromo.in/stationery/handbill/custom-logo-handbills,,,Custom Logo Handbills &amp; Flyers,Custom Logo Handbills,"Custom logo handbills with foil stamping, embossing, or vibrant printing — ideal for Institutes and event promotions.",BreadcrumbList | ListItem | Product | Brand | Offer,Yes,1226,3,59,5,Review if impressions overlap another product page,Maintain and monitor
https://www.coachingpromo.in/stationery/lanyard-and-id-card/custom-lanyards-id-cards,Product,200,Yes,https://www.coachingpromo.in/stationery/lanyard-and-id-card/custom-lanyards-id-cards,,,Custom Lanyards &amp; ID Cards,Custom Lanyards ID Cards,Custom Lanyards &amp; ID Cards. Custom printed lanyards and ID cards for Institutes — perfect for student and staff identification.,BreadcrumbList | ListItem | Product | Brand | Offer,Yes,1292,6,61,5,Review if impressions overlap another product page,Maintain and monitor
https://www.coachingpromo.in/stationery/lanyard-and-id-card/branding-lanyards-id-cards,Product,200,Yes,https://www.coachingpromo.in/stationery/lanyard-and-id-card/branding-lanyards-id-cards,,,Branding Lanyards &amp; ID Cards,Branding Lanyards ID Cards,"Branding Lanyards &amp; ID Cards. Branding lanyards and ID cards for offices, Institutes, and events — durable and professional.",BreadcrumbList | ListItem | Product | Brand | Offer,Yes,1290,6,61,5,Review if impressions overlap another product page,Maintain and monitor
https://www.coachingpromo.in/stationery/lanyard-and-id-card/personalized-lanyards-id-cards,Product,200,Yes,https://www.coachingpromo.in/stationery/lanyard-and-id-card/personalized-lanyards-id-cards,,,Personalized Lanyards &amp; ID Cards,Personalized Lanyards ID Cards,"Personalized Lanyards &amp; ID Cards. Personalized lanyards and ID cards with names, motivational quotes, and Institute logos.",BreadcrumbList | ListItem | Product | Brand | Offer,Yes,1292,6,61,5,Review if impressions overlap another product page,Maintain and monitor
https://www.coachingpromo.in/stationery/lanyard-and-id-card/printed-lanyards-id-cards,Product,200,Yes,https://www.coachingpromo.in/stationery/lanyard-and-id-card/printed-lanyards-id-cards,,,Printed Lanyards &amp; ID Cards,Printed Lanyards ID Cards,"Printed Lanyards &amp; ID Cards. Printed lanyards and ID cards with logos, slogans, and vibrant designs — ideal for Institute events and promotions.",BreadcrumbList | ListItem | Product | Brand | Offer,Yes,1291,6,61,5,Review if impressions overlap another product page,Maintain and monitor
https://www.coachingpromo.in/stationery/lanyard-and-id-card/designer-lanyards,Product,200,Yes,https://www.coachingpromo.in/stationery/lanyard-and-id-card/designer-lanyards,,,Designer Lanyards,Designer Lanyards,"Designer Lanyards. Premium designer lanyards with elegant materials, perfect for professional and event use.",BreadcrumbList | ListItem | Product | Brand | Offer,Yes,1263,5,61,5,Review if impressions overlap another product page,Maintain and monitor
https://www.coachingpromo.in/stationery/lanyard-and-id-card/custom-logo-lanyards,Product,200,Yes,https://www.coachingpromo.in/stationery/lanyard-and-id-card/custom-logo-lanyards,,,Custom Logo Lanyards,Custom Logo Lanyards,"Custom logo lanyards with foil stamping and high-quality branding — ideal for Institutes, events, and daily use.",BreadcrumbList | ListItem | Product | Brand | Offer,Yes,1277,1,61,5,Review if impressions overlap another product page,Maintain and monitor
https://www.coachingpromo.in/stationery/attendance-registers/custom-attendance-registers,Product,200,Yes,https://www.coachingpromo.in/stationery/attendance-registers/custom-attendance-registers,,,Custom Attendance Registers,Custom Attendance Registers,Custom attendance registers with logo printing and personalized covers — ideal for Institutes and schools.,BreadcrumbList | ListItem | Product | Brand | Offer,Yes,1247,6,61,5,Review if impressions overlap another product page,Maintain and monitor
https://www.coachingpromo.in/stationery/attendance-registers/branding-attendance-registers,Product,200,Yes,https://www.coachingpromo.in/stationery/attendance-registers/branding-attendance-registers,,,Branding Attendance Registers,Branding Attendance Registers,"Branding attendance registers for schools, offices, and institutions with durable covers and custom designs.",BreadcrumbList | ListItem | Product | Brand | Offer,Yes,1244,6,61,5,Review if impressions overlap another product page,Maintain and monitor
https://www.coachingpromo.in/stationery/attendance-registers/personalized-attendance-registers,Product,200,Yes,https://www.coachingpromo.in/stationery/attendance-registers/personalized-attendance-registers,,,Personalized Attendance Registers,Personalized Attendance Registers,"Personalized attendance registers with custom names, subjects, and Institute branding — perfect for teachers.",BreadcrumbList | ListItem | Product | Brand | Offer,Yes,1247,6,61,5,Review if impressions overlap another product page,Maintain and monitor
https://www.coachingpromo.in/stationery/attendance-registers/printed-attendance-registers,Product,200,Yes,https://www.coachingpromo.in/stationery/attendance-registers/printed-attendance-registers,,,Printed Attendance Registers,Printed Attendance Registers,"Printed attendance registers with custom logos, layouts, and branding — great for schools and training Institutes.",BreadcrumbList | ListItem | Product | Brand | Offer,Yes,1245,6,61,5,Review if impressions overlap another product page,Maintain and monitor
https://www.coachingpromo.in/stationery/attendance-registers/designer-attendance-registers,Product,200,Yes,https://www.coachingpromo.in/stationery/attendance-registers/designer-attendance-registers,,,Designer Attendance Registers,Designer Attendance Registers,Designer Attendance Registers. Elegant designer attendance registers made with premium covers and high-quality paper — ideal for academic and office use.,BreadcrumbList | ListItem | Product | Brand | Offer,Yes,1246,5,61,5,Review if impressions overlap another product page,Maintain and monitor
https://www.coachingpromo.in/stationery/attendance-registers/custom-logo-attendance-registers,Product,200,Yes,https://www.coachingpromo.in/stationery/attendance-registers/custom-logo-attendance-registers,,,Custom Logo Attendance Registers,Custom Logo Attendance Registers,"Custom logo attendance registers with emboss or print branding — durable, professional, and organized.",BreadcrumbList | ListItem | Product | Brand | Offer,Yes,1260,1,61,5,Review if impressions overlap another product page,Maintain and monitor
https://www.coachingpromo.in/stationery/customized-pens/custom-metal-pen,Product,200,Yes,https://www.coachingpromo.in/stationery/customized-pens/custom-metal-pen,,,Custom Metal Pens,Custom Metal Pen,"Custom Metal Pen. Premium custom metal pens with engraved logos and names — perfect for branding, staff gifts, and corporate events.",BreadcrumbList | ListItem | Product | Brand | Offer,Yes,1292,6,61,5,Review if impressions overlap another product page,Maintain and monitor
https://www.coachingpromo.in/stationery/customized-pens/branding-plastic-pen,Product,200,Yes,https://www.coachingpromo.in/stationery/customized-pens/branding-plastic-pen,,,Branding Plastic Pens,Branding Plastic Pen,"Branding Plastic Pen. Durable branding plastic pens — ideal for seminars, events, and institutional giveaways.",BreadcrumbList | ListItem | Product | Brand | Offer,Yes,1292,6,61,5,Review if impressions overlap another product page,Maintain and monitor
https://www.coachingpromo.in/stationery/customized-pens/custom-logo-plastic-pen,Product,200,Yes,https://www.coachingpromo.in/stationery/customized-pens/custom-logo-plastic-pen,,,Custom Logo Plastic Pens,Custom Logo Plastic Pen,Custom Logo Plastic Pen. Affordable custom logo plastic pens with vibrant printing — great for institutions and events.,BreadcrumbList | ListItem | Product | Brand | Offer,Yes,1306,6,61,5,Review if impressions overlap another product page,Maintain and monitor
https://www.coachingpromo.in/stationery/customized-pens/printed-paper-pen,Product,200,Yes,https://www.coachingpromo.in/stationery/customized-pens/printed-paper-pen,,,Printed Paper Pens,Printed Paper Pen,Printed Paper Pen. Eco-friendly printed paper pens — perfect for sustainable branding and educational events.,BreadcrumbList | ListItem | Product | Brand | Offer,Yes,1297,6,61,5,Review if impressions overlap another product page,Maintain and monitor
https://www.coachingpromo.in/stationery/customized-pens/eco-bamboo-pen,Product,200,Yes,https://www.coachingpromo.in/stationery/customized-pens/eco-bamboo-pen,,,Eco Bamboo Pens,Eco Bamboo Pen,"Eco Bamboo Pen. Natural bamboo eco pens with logo engraving — sustainable, stylish, and professional.",BreadcrumbList | ListItem | Product | Brand | Offer,Yes,1297,5,61,5,Review if impressions overlap another product page,Maintain and monitor
https://www.coachingpromo.in/stationery/customized-pens/custom-eco-corn-pens,Product,200,Yes,https://www.coachingpromo.in/stationery/customized-pens/custom-eco-corn-pens,,,Custom Eco Corn Pens,Custom Eco Corn Pens,Custom Eco Corn Pens. Custom eco pens made from biodegradable cornstarch — sustainable and affordable promotional writing tools.,BreadcrumbList | ListItem | Product | Brand | Offer,Yes,1307,1,61,5,Review if impressions overlap another product page,Maintain and monitor
https://www.coachingpromo.in/stationery/branding-files-and-folders/custom-files-and-folders,Product,200,Yes,https://www.coachingpromo.in/stationery/branding-files-and-folders/custom-files-and-folders,,,Custom Files &amp; Folders,Custom Files Folders,Custom Files &amp; Folders. Custom files and folders with Institute branding and personalization options for professional documentation.,BreadcrumbList | ListItem | Product | Brand | Offer,Yes,1258,6,61,5,Review if impressions overlap another product page,Maintain and monitor
https://www.coachingpromo.in/stationery/branding-files-and-folders/branding-kobra-files,Product,200,Yes,https://www.coachingpromo.in/stationery/branding-files-and-folders/branding-kobra-files,,,Branding Kobra Files,Branding Kobra Files,"Branding Kobra Files. Durable branding kobra files for Institutes, offices, and events. Perfect for professional document storage.",BreadcrumbList | ListItem | Product | Brand | Offer,Yes,1257,6,61,5,Review if impressions overlap another product page,Maintain and monitor
https://www.coachingpromo.in/stationery/branding-files-and-folders/personalized-paper-folders,Product,200,Yes,https://www.coachingpromo.in/stationery/branding-files-and-folders/personalized-paper-folders,,,Personalized Paper Folders,Personalized Paper Folders,"Personalized Paper Folders. Custom paper folders with Institute names, logos, or motivational quotes for professional branding.",BreadcrumbList | ListItem | Product | Brand | Offer,Yes,1256,6,61,5,Review if impressions overlap another product page,Maintain and monitor
https://www.coachingpromo.in/stationery/branding-files-and-folders/printed-files-and-folders,Product,200,Yes,https://www.coachingpromo.in/stationery/branding-files-and-folders/printed-files-and-folders,,,Printed Files &amp; Folders,Printed Files Folders,"Printed Files &amp; Folders. Printed files and folders with custom logos, designs, and Institute branding for events or offices.",BreadcrumbList | ListItem | Product | Brand | Offer,Yes,1258,6,61,5,Review if impressions overlap another product page,Maintain and monitor
https://www.coachingpromo.in/stationery/branding-files-and-folders/designer-files-and-folders,Product,200,Yes,https://www.coachingpromo.in/stationery/branding-files-and-folders/designer-files-and-folders,,,Designer Files &amp; Folders,Designer Files Folders,Designer Files &amp; Folders. Premium designer files and folders with elegant materials and modern aesthetics.,BreadcrumbList | ListItem | Product | Brand | Offer,Yes,1259,5,61,5,Review if impressions overlap another product page,Maintain and monitor
https://www.coachingpromo.in/stationery/branding-files-and-folders/custom-logo-files-and-folders,Product,200,Yes,https://www.coachingpromo.in/stationery/branding-files-and-folders/custom-logo-files-and-folders,,,Custom Logo Files &amp; Folders,Custom Logo Files Folders,"Custom Logo Files &amp; Folders. Custom logo files and folders with foil stamping, embossing, or printing — perfect for corporate branding.",BreadcrumbList | ListItem | Product | Brand | Offer,Yes,1274,1,61,5,Review if impressions overlap another product page,Maintain and monitor
https://www.coachingpromo.in/stationery/graduation-degree-folders/custom-graduation-folders,Product,200,Yes,https://www.coachingpromo.in/stationery/graduation-degree-folders/custom-graduation-folders,,,Custom Graduation Folders,Custom Graduation Folders,Custom graduation folders featuring your Institute’s logo and design — perfect for degree presentations and ceremonies.,BreadcrumbList | ListItem | Product | Brand | Offer,Yes,1271,5,61,5,Review if impressions overlap another product page,Maintain and monitor
https://www.coachingpromo.in/stationery/graduation-degree-folders/branding-degree-folders,Product,200,Yes,https://www.coachingpromo.in/stationery/graduation-degree-folders/branding-degree-folders,,,Branding Degree Folders,Branding Degree Folders,Branding Degree Folders. Professional branding degree folders for convocation and formal presentations.,BreadcrumbList | ListItem | Product | Brand | Offer,Yes,1272,5,61,5,Review if impressions overlap another product page,Maintain and monitor
https://www.coachingpromo.in/stationery/graduation-degree-folders/personalized-graduation-folders,Product,200,Yes,https://www.coachingpromo.in/stationery/graduation-degree-folders/personalized-graduation-folders,,,Personalized Graduation Folders,Personalized Graduation Folders,"Personalized graduation folders with names, courses, or event details — elegant keepsakes for graduates.",BreadcrumbList | ListItem | Product | Brand | Offer,Yes,1272,5,61,5,Review if impressions overlap another product page,Maintain and monitor
https://www.coachingpromo.in/stationery/graduation-degree-folders/printed-degree-folders,Product,200,Yes,https://www.coachingpromo.in/stationery/graduation-degree-folders/printed-degree-folders,,,Printed Degree Folders,Printed Degree Folders,Printed degree folders with vibrant Institute logos and event branding — ideal for ceremonies and award events.,BreadcrumbList | ListItem | Product | Brand | Offer,Yes,1272,5,61,5,Review if impressions overlap another product page,Maintain and monitor
https://www.coachingpromo.in/stationery/graduation-degree-folders/designer-graduation-folders,Product,200,Yes,https://www.coachingpromo.in/stationery/graduation-degree-folders/designer-graduation-folders,,,Designer Graduation Folders,Designer Graduation Folders,Designer Graduation Folders. Premium designer graduation folders with high-end materials for professional and elegant ceremonies.,BreadcrumbList | ListItem | Product | Brand | Offer,Yes,1274,5,61,5,Review if impressions overlap another product page,Maintain and monitor
https://www.coachingpromo.in/apparel-accessories/sports-jersey/cricket-jersey,Product,200,Yes,https://www.coachingpromo.in/apparel-accessories/sports-jersey/cricket-jersey,,,Custom Cricket Jerseys for Coaching Institutes | CoachingPromo,Cricket Jersey,"Cricket Jersey. Coaching institutes, schools aur academies ke liye custom cricket jerseys. Logo printing, breathable fabric aur bulk pricing available.",BreadcrumbList | ListItem | Product | Brand,Yes,1019,1,57,5,Review if impressions overlap another product page,Maintain and monitor
https://www.coachingpromo.in/promotional-items/umbrella/promotional-umbrellas,Product,200,Yes,https://www.coachingpromo.in/promotional-items/umbrella/promotional-umbrellas,,,Promotional Umbrellas with Logo Printing | Custom Branding Umbrellas,Promotional Umbrellas,"Promotional Umbrellas. Buy promotional umbrellas with custom logo printing. Perfect for corporate branding, events, giveaways and advertising.",BreadcrumbList | ListItem | Product | Brand | Offer,Yes,1355,9,61,5,Review if impressions overlap another product page,Maintain and monitor
https://www.coachingpromo.in/promotional-items/umbrella/corporate-gifting-umbrellas,Product,200,Yes,https://www.coachingpromo.in/promotional-items/umbrella/corporate-gifting-umbrellas,,,Corporate Gifting Umbrellas with Logo Printing,Corporate Gifting Umbrellas,"Corporate Gifting Umbrellas. Premium corporate gifting umbrellas with custom logo branding. Ideal for clients, employees and promotional giveaways.",BreadcrumbList | ListItem | Product | Brand | Offer,Yes,1345,9,61,5,Review if impressions overlap another product page,Maintain and monitor
https://www.coachingpromo.in/promotional-items/umbrella/printed-umbrella,Product,200,Yes,https://www.coachingpromo.in/promotional-items/umbrella/printed-umbrella,,,Printed Umbrella with Custom Logo Branding,Printed Umbrella,"Printed Umbrella. High quality printed umbrellas with custom logo. Ideal for branding, advertising and corporate promotions.",BreadcrumbList | ListItem | Product | Brand | Offer,Yes,1344,9,61,5,Review if impressions overlap another product page,Maintain and monitor
https://www.coachingpromo.in/promotional-items/umbrella/logo-printed-umbrella,Product,200,Yes,https://www.coachingpromo.in/promotional-items/umbrella/logo-printed-umbrella,,,Logo Printed Umbrellas for Corporate Branding,Logo Printed Umbrella,Logo Printed Umbrella. Buy logo printed umbrellas for promotional branding and corporate marketing campaigns.,BreadcrumbList | ListItem | Product | Brand | Offer,Yes,1351,9,61,5,Review if impressions overlap another product page,Maintain and monitor
https://www.coachingpromo.in/promotional-items/umbrella/branding-umbrellas,Product,200,Yes,https://www.coachingpromo.in/promotional-items/umbrella/branding-umbrellas,,,Branding Umbrellas for Business Promotion,Branding Umbrellas,Branding Umbrellas. Custom branding umbrellas with logo printing. Ideal for marketing and promotional campaigns.,BreadcrumbList | ListItem | Product | Brand | Offer,Yes,1327,5,61,5,Review if impressions overlap another product page,Maintain and monitor
https://www.coachingpromo.in/promotional-items/umbrella/customized-umbrellas,Product,200,Yes,https://www.coachingpromo.in/promotional-items/umbrella/customized-umbrellas,,,Customized Umbrellas with Logo Printing,Customized Umbrellas,"Customized Umbrellas. Fully customized umbrellas for branding and advertising. Add logo, text and colors.",BreadcrumbList | ListItem | Product | Brand | Offer,Yes,1318,1,61,5,Review if impressions overlap another product page,Maintain and monitor
https://www.coachingpromo.in/promotional-items/umbrella/personalized-umbrellas,Product,200,Yes,https://www.coachingpromo.in/promotional-items/umbrella/personalized-umbrellas,,,Personalized Umbrellas with Custom Name &amp; Logo Printing,Personalized Umbrellas,"Personalized Umbrellas. Buy personalized umbrellas with custom name or logo printing. Perfect for corporate gifting, promotions and advertising.",BreadcrumbList | ListItem | Product | Brand | Offer,Yes,1322,1,61,5,Review if impressions overlap another product page,Maintain and monitor
https://www.coachingpromo.in/promotional-items/umbrella/advertising-umbrellas,Product,200,Yes,https://www.coachingpromo.in/promotional-items/umbrella/advertising-umbrellas,,,Advertising Umbrellas with Custom Logo Printing,Advertising Umbrellas,Advertising Umbrellas. Buy advertising umbrellas for outdoor brand promotion. Custom logo printed umbrellas for marketing campaigns.,BreadcrumbList | ListItem | Product | Brand | Offer,Yes,1364,1,61,5,Review if impressions overlap another product page,Maintain and monitor
https://www.coachingpromo.in/promotional-items/umbrella/company-logo-umbrellas,Product,200,Yes,https://www.coachingpromo.in/promotional-items/umbrella/company-logo-umbrellas,,,Company Logo Umbrellas for Corporate Branding,Company Logo Umbrellas,Company Logo Umbrellas. Custom company logo umbrellas for corporate branding and promotional giveaways. High quality printed umbrellas.,BreadcrumbList | ListItem | Product | Brand | Offer,Yes,1383,1,61,5,Review if impressions overlap another product page,Maintain and monitor
https://www.coachingpromo.in/blogs/688757fadafcf757a4878736,Article / guide,200,Yes,https://www.coachingpromo.in/blogs/688757fadafcf757a4878736,,,Basu Classes,Basu Classes,Basu Classes. Dispatched: Premium Quality T-Shirts &amp; Bags for Basu Classes! We are delighted to share that we have successfully dispatched a fresh batch of high-quality c,BreadcrumbList | ListItem | BlogPosting | Person,Yes,718,0,59,5,Review if impressions overlap another product page,Maintain and monitor
https://www.coachingpromo.in/blogs/688c589d2c13125a250cf958,Article / guide,200,Yes,https://www.coachingpromo.in/blogs/688c589d2c13125a250cf958,,,Boost Your Institute’s Brand with Promotional T-Shirts &amp; Bags,Boost Your Institute’s Brand with Promotional T-Shirts Bags,Boost Your Institute’s Brand with Promotional T-Shirts &amp; Bags. Customized T-Shirts: Style Meets School Spirit Nothing unites students and staff like a smartly designed cu,BreadcrumbList | ListItem | BlogPosting | Person,Yes,754,0,59,5,Review if impressions overlap another product page,Maintain and monitor
https://www.coachingpromo.in/blogs/68c40da235c73b655db572f9,Article / guide,200,Yes,https://www.coachingpromo.in/blogs/68c40da235c73b655db572f9,,,Promotional Polo -Tshirts in South Delhi,Promotional Polo -Tshirts in South Delhi,"Promotional Polo -Tshirts in South Delhi. Upgrade your coaching institute’s identity with custom polo T-shirts Delhi NCR from CoachingPromo. Perfect for staff, students, ",BreadcrumbList | ListItem | BlogPosting | Person,Yes,661,0,59,5,Review if impressions overlap another product page,Maintain and monitor
https://www.coachingpromo.in/blogs/68c40dfb35c73b655db572ff,Article / guide,200,Yes,https://www.coachingpromo.in/blogs/68c40dfb35c73b655db572ff,,,Bulk promotional T-shirt suppliers in South Delhi,Bulk promotional T-shirt suppliers in South Delhi,Bulk promotional T-shirt suppliers in South Delhi. Custom &amp; Promotional Round Neck T-Shirts Delhi NCR Boost your coaching institute’s style and brand with custom round ne,BreadcrumbList | ListItem | BlogPosting | Person,Yes,746,0,59,5,Review if impressions overlap another product page,Maintain and monitor
https://www.coachingpromo.in/blogs/68c8f8ed312253d401723a42,Article / guide,200,Yes,https://www.coachingpromo.in/blogs/68c8f8ed312253d401723a42,,,Custom T-Shirts for Coaching Institutes in Delhi NCR Comfort Meets Branding,Custom T-Shirts for Coaching Institutes in Delhi NCR Comfort Meets Branding,Custom T-Shirts for Coaching Institutes in Delhi NCR Comfort Meets Branding. Boost your coaching institute’s image with our custom promotional T-shirts in Delhi NCR. Made,BreadcrumbList | ListItem | BlogPosting | Person,Yes,746,0,59,5,Review if impressions overlap another product page,Maintain and monitor
https://www.coachingpromo.in/blogs/68c8fcf28a3dfc1090d2fc7a,Article / guide,200,Yes,https://www.coachingpromo.in/blogs/68c8fcf28a3dfc1090d2fc7a,,,Custom T-Shirts for Coaching Institutes in Gurgaon Comfort Meets Branding,Custom T-Shirts for Coaching Institutes in Gurgaon Comfort Meets Branding,Custom T-Shirts for Coaching Institutes in Gurgaon Comfort Meets Branding. Boost your coaching institute’s image with our custom promotional T-shirts in Delhi NCR. Made w,BreadcrumbList | ListItem | BlogPosting | Person,Yes,743,0,59,5,Review if impressions overlap another product page,Maintain and monitor
https://www.coachingpromo.in/blogs/68db8b6fa1067ff6294de953,Article / guide,200,Yes,https://www.coachingpromo.in/blogs/68db8b6fa1067ff6294de953,,,"Coaching T-Shirt: Stylish, Comfortable &amp; Customizable","Coaching T-Shirt: Stylish, Comfortable Customizable","Coaching T-Shirt: Stylish, Comfortable &amp; Customizable. A coaching t-shirt is the perfect combination of style, comfort, and branding, making it an ideal choice for coachi",BreadcrumbList | ListItem | BlogPosting | Person,Yes,787,0,59,5,Review if impressions overlap another product page,Maintain and monitor
https://www.coachingpromo.in/blogs/68db96dba1067ff6294dec63,Article / guide,200,Yes,https://www.coachingpromo.in/blogs/68db96dba1067ff6294dec63,,,"Coaching Bag: Durable, Stylish, and Fully Customizable","Coaching Bag: Durable, Stylish, and Fully Customizable","Coaching Bag: Durable, Stylish, and Fully Customizable. A coaching bag is the perfect combination of durability, style, and practicality, making it an essential choice fo",BreadcrumbList | ListItem | BlogPosting | Person,Yes,772,0,59,5,Review if impressions overlap another product page,Maintain and monitor
https://www.coachingpromo.in/blogs/69314f47ac3461f7c94e7579,Article / guide,200,Yes,https://www.coachingpromo.in/blogs/69314f47ac3461f7c94e7579,,,Promotional Institute T-Shirt,Promotional Institute T-Shirt,Promotional Institute T-Shirt. Bulk Institute T-Shirt Suppliers in Delhi NCR | Custom Logo Printing for Schools &amp; Colleges Enhance your institute’s identity and create a ,BreadcrumbList | ListItem | BlogPosting | Person,Yes,735,0,59,5,Review if impressions overlap another product page,Maintain and monitor
https://www.coachingpromo.in/blogs/69b25907d6ac12df58cade6f,Article / guide,200,Yes,https://www.coachingpromo.in/blogs/69b25907d6ac12df58cade6f,,,"Custom Jute Bags for Institutes, Colleges, &amp; Academies","Custom Jute Bags for Institutes, Colleges, Academies","Custom Jute Bags for Institutes, Colleges, &amp; Academies. Custom Jute Bags for College Event – Our Experience with Branded Eco-Friendly Bags When we started planning our Ac",BreadcrumbList | ListItem | BlogPosting | Person,Yes,1089,0,59,5,Review if impressions overlap another product page,Maintain and monitor
https://www.coachingpromo.in/blogs/6a02cefb4a587ec42f2cb5c0,Article / guide,200,Yes,https://www.coachingpromo.in/blogs/6a02cefb4a587ec42f2cb5c0,,,Polo T-Shirts For Coaching And Institutes,Polo T-Shirts For Coaching And Institutes,"Polo T-Shirts For Coaching And Institutes. Coaching polo t-shirts have become a popular choice for coaching institutes, training centers, educational organizations, and a",BreadcrumbList | ListItem | BlogPosting | Person,Yes,1635,0,59,5,Review if impressions overlap another product page,Maintain and monitor
