Keyword,Original Cluster,Intent,Priority,Final Keyword Cluster,Primary Keyword,Secondary Keyword,Target URL,Existing or New,Page Type,Current Status,Implementation Status,Canonical Owner,Cannibalization Risk,Location,Notes
promotional products for coaching institutes,Core / Money Keywords,Commercial,P0,promotional products for coaching institutes,promotional products for coaching institutes,,https://www.coachingpromo.in/,Existing,Homepage,Existing page — primary keyword,Implemented — mapped to existing canonical page,https://www.coachingpromo.in/,Low after consolidation,,Consolidated with promotional products for coaching institutes; no separate page required.
promotional products for coaching centers,Core / Money Keywords,Commercial,P0,promotional products for coaching institutes,promotional products for coaching institutes,promotional products for coaching centers,https://www.coachingpromo.in/,Existing,Homepage,Existing page — secondary keyword,Implemented — mapped to existing canonical page,https://www.coachingpromo.in/,Low after consolidation,,Consolidated with promotional products for coaching institutes; no separate page required.
promotional products for educational institutions,Core / Money Keywords,Commercial,P0,custom merchandise for educational institutions,custom merchandise for educational institutions,promotional products for educational institutions,https://www.coachingpromo.in/solutions/custom-merchandise-for-educational-institutions,New,Commercial solution page,New commercial landing page,Implemented — new authoritative page,https://www.coachingpromo.in/solutions/custom-merchandise-for-educational-institutions,Low after consolidation,,Consolidated with custom merchandise for educational institutions; no separate page required.
promotional products for schools,Core / Money Keywords,Commercial,P0,school merchandise India,school merchandise India,promotional products for schools,https://www.coachingpromo.in/industries/schools,New,Industry / audience page,New industry/audience page,Implemented — new authoritative page,https://www.coachingpromo.in/industries/schools,Low after consolidation,,Consolidated with school merchandise India; no separate page required.
promotional products for colleges,Core / Money Keywords,Commercial,P0,college merchandise India,college merchandise India,promotional products for colleges,https://www.coachingpromo.in/industries/colleges-universities,New,Industry / audience page,New industry/audience page,Implemented — new authoritative page,https://www.coachingpromo.in/industries/colleges-universities,Low after consolidation,,Consolidated with college merchandise India; no separate page required.
promotional products for universities,Core / Money Keywords,Commercial,P0,college merchandise India,college merchandise India,promotional products for universities,https://www.coachingpromo.in/industries/colleges-universities,New,Industry / audience page,New industry/audience page,Implemented — new authoritative page,https://www.coachingpromo.in/industries/colleges-universities,Low after consolidation,,Consolidated with college merchandise India; no separate page required.
customized promotional products India,Core / Money Keywords,Commercial,P0,promotional products for coaching institutes,promotional products for coaching institutes,customized promotional products India,https://www.coachingpromo.in/,Existing,Homepage,Existing page — secondary keyword,Implemented — mapped to existing canonical page,https://www.coachingpromo.in/,Low after consolidation,India,Consolidated with promotional products for coaching institutes; no separate page required.
custom promotional products India,Core / Money Keywords,Commercial,P0,promotional products for coaching institutes,promotional products for coaching institutes,custom promotional products India,https://www.coachingpromo.in/,Existing,Homepage,Existing page — secondary keyword,Implemented — mapped to existing canonical page,https://www.coachingpromo.in/,Low after consolidation,India,Consolidated with promotional products for coaching institutes; no separate page required.
promotional merchandise India,Core / Money Keywords,Commercial,P0,promotional products for coaching institutes,promotional products for coaching institutes,promotional merchandise India,https://www.coachingpromo.in/,Existing,Homepage,Existing page — secondary keyword,Implemented — mapped to existing canonical page,https://www.coachingpromo.in/,Low after consolidation,India,Consolidated with promotional products for coaching institutes; no separate page required.
promotional merchandise supplier India,Core / Money Keywords,Commercial,P0,promotional products for coaching institutes,promotional products for coaching institutes,promotional merchandise supplier India,https://www.coachingpromo.in/,Existing,Homepage,Existing page — secondary keyword,Implemented — mapped to existing canonical page,https://www.coachingpromo.in/,Low after consolidation,India,Consolidated with promotional products for coaching institutes; no separate page required.
promotional products supplier India,Core / Money Keywords,Commercial,P0,promotional products for coaching institutes,promotional products for coaching institutes,promotional products supplier India,https://www.coachingpromo.in/,Existing,Homepage,Existing page — secondary keyword,Implemented — mapped to existing canonical page,https://www.coachingpromo.in/,Low after consolidation,India,Consolidated with promotional products for coaching institutes; no separate page required.
promotional products manufacturer India,Core / Money Keywords,Commercial,P0,promotional products for coaching institutes,promotional products for coaching institutes,promotional products manufacturer India,https://www.coachingpromo.in/,Existing,Homepage,Existing page — secondary keyword,Implemented — mapped to existing canonical page,https://www.coachingpromo.in/,Low after consolidation,India,Consolidated with promotional products for coaching institutes; no separate page required.
bulk promotional products India,Core / Money Keywords,Commercial,P0,promotional products for coaching institutes,promotional products for coaching institutes,bulk promotional products India,https://www.coachingpromo.in/,Existing,Homepage,Existing page — secondary keyword,Implemented — mapped to existing canonical page,https://www.coachingpromo.in/,Low after consolidation,India,Consolidated with promotional products for coaching institutes; no separate page required.
customized merchandise India,Core / Money Keywords,Commercial,P0,promotional products for coaching institutes,promotional products for coaching institutes,customized merchandise India,https://www.coachingpromo.in/,Existing,Homepage,Existing page — secondary keyword,Implemented — mapped to existing canonical page,https://www.coachingpromo.in/,Low after consolidation,India,Consolidated with promotional products for coaching institutes; no separate page required.
custom merchandise India,Core / Money Keywords,Commercial,P0,promotional products for coaching institutes,promotional products for coaching institutes,custom merchandise India,https://www.coachingpromo.in/,Existing,Homepage,Existing page — secondary keyword,Implemented — mapped to existing canonical page,https://www.coachingpromo.in/,Low after consolidation,India,Consolidated with promotional products for coaching institutes; no separate page required.
branded merchandise India,Core / Money Keywords,Commercial,P0,promotional products for coaching institutes,promotional products for coaching institutes,branded merchandise India,https://www.coachingpromo.in/,Existing,Homepage,Existing page — secondary keyword,Implemented — mapped to existing canonical page,https://www.coachingpromo.in/,Low after consolidation,India,Consolidated with promotional products for coaching institutes; no separate page required.
institute merchandise India,Core / Money Keywords,Commercial,P0,promotional products for coaching institutes,promotional products for coaching institutes,institute merchandise India,https://www.coachingpromo.in/,Existing,Homepage,Existing page — secondary keyword,Implemented — mapped to existing canonical page,https://www.coachingpromo.in/,Low after consolidation,India,Consolidated with promotional products for coaching institutes; no separate page required.
educational institute merchandise,Core / Money Keywords,Commercial,P0,custom merchandise for educational institutions,custom merchandise for educational institutions,educational institute merchandise,https://www.coachingpromo.in/solutions/custom-merchandise-for-educational-institutions,New,Commercial solution page,New commercial landing page,Implemented — new authoritative page,https://www.coachingpromo.in/solutions/custom-merchandise-for-educational-institutions,Low after consolidation,,Consolidated with custom merchandise for educational institutions; no separate page required.
coaching institute merchandise,Core / Money Keywords,Commercial,P0,promotional products for coaching institutes,promotional products for coaching institutes,coaching institute merchandise,https://www.coachingpromo.in/,Existing,Homepage,Existing page — secondary keyword,Implemented — mapped to existing canonical page,https://www.coachingpromo.in/,Low after consolidation,,Consolidated with promotional products for coaching institutes; no separate page required.
coaching centre merchandise,Core / Money Keywords,Commercial,P0,promotional products for coaching institutes,promotional products for coaching institutes,coaching centre merchandise,https://www.coachingpromo.in/,Existing,Homepage,Existing page — secondary keyword,Implemented — mapped to existing canonical page,https://www.coachingpromo.in/,Low after consolidation,,Consolidated with promotional products for coaching institutes; no separate page required.
school merchandise India,Core / Money Keywords,Commercial,P0,school merchandise India,school merchandise India,,https://www.coachingpromo.in/industries/schools,New,Industry / audience page,New commercial landing page,Implemented — new authoritative page,https://www.coachingpromo.in/industries/schools,Low after consolidation,India,Consolidated with school merchandise India; no separate page required.
college merchandise India,Core / Money Keywords,Commercial,P0,college merchandise India,college merchandise India,,https://www.coachingpromo.in/industries/colleges-universities,New,Industry / audience page,New commercial landing page,Implemented — new authoritative page,https://www.coachingpromo.in/industries/colleges-universities,Low after consolidation,India,Consolidated with college merchandise India; no separate page required.
university merchandise India,Core / Money Keywords,Commercial,P0,college merchandise India,college merchandise India,university merchandise India,https://www.coachingpromo.in/industries/colleges-universities,New,Industry / audience page,New industry/audience page,Implemented — new authoritative page,https://www.coachingpromo.in/industries/colleges-universities,Low after consolidation,India,Consolidated with college merchandise India; no separate page required.
branded merchandise for coaching institutes,Core / Money Keywords,Commercial,P0,promotional products for coaching institutes,promotional products for coaching institutes,branded merchandise for coaching institutes,https://www.coachingpromo.in/,Existing,Homepage,Existing page — secondary keyword,Implemented — mapped to existing canonical page,https://www.coachingpromo.in/,Low after consolidation,,Consolidated with promotional products for coaching institutes; no separate page required.
custom merchandise for coaching institutes,Core / Money Keywords,Commercial,P0,promotional products for coaching institutes,promotional products for coaching institutes,custom merchandise for coaching institutes,https://www.coachingpromo.in/,Existing,Homepage,Existing page — secondary keyword,Implemented — mapped to existing canonical page,https://www.coachingpromo.in/,Low after consolidation,,Consolidated with promotional products for coaching institutes; no separate page required.
customized products for coaching institutes,Core / Money Keywords,Commercial,P0,promotional products for coaching institutes,promotional products for coaching institutes,customized products for coaching institutes,https://www.coachingpromo.in/,Existing,Homepage,Existing page — secondary keyword,Implemented — mapped to existing canonical page,https://www.coachingpromo.in/,Low after consolidation,,Consolidated with promotional products for coaching institutes; no separate page required.
institute branding products,Core / Money Keywords,Commercial,P0,promotional products for coaching institutes,promotional products for coaching institutes,institute branding products,https://www.coachingpromo.in/,Existing,Homepage,Existing page — secondary keyword,Implemented — mapped to existing canonical page,https://www.coachingpromo.in/,Low after consolidation,,Consolidated with promotional products for coaching institutes; no separate page required.
educational branding products,Core / Money Keywords,Commercial,P0,promotional products for coaching institutes,promotional products for coaching institutes,educational branding products,https://www.coachingpromo.in/,Existing,Homepage,Existing page — secondary keyword,Implemented — mapped to existing canonical page,https://www.coachingpromo.in/,Low after consolidation,,Consolidated with promotional products for coaching institutes; no separate page required.
institute promotional items,Core / Money Keywords,Commercial,P0,promotional products for coaching institutes,promotional products for coaching institutes,institute promotional items,https://www.coachingpromo.in/,Existing,Homepage,Existing page — secondary keyword,Implemented — mapped to existing canonical page,https://www.coachingpromo.in/,Low after consolidation,,Consolidated with promotional products for coaching institutes; no separate page required.
coaching promotional items,Core / Money Keywords,Commercial,P0,promotional products for coaching institutes,promotional products for coaching institutes,coaching promotional items,https://www.coachingpromo.in/,Existing,Homepage,Existing page — secondary keyword,Implemented — mapped to existing canonical page,https://www.coachingpromo.in/,Low after consolidation,,Consolidated with promotional products for coaching institutes; no separate page required.
school promotional items,Core / Money Keywords,Commercial,P0,school merchandise India,school merchandise India,school promotional items,https://www.coachingpromo.in/industries/schools,New,Industry / audience page,New industry/audience page,Implemented — new authoritative page,https://www.coachingpromo.in/industries/schools,Low after consolidation,,Consolidated with school merchandise India; no separate page required.
college promotional items,Core / Money Keywords,Commercial,P0,college merchandise India,college merchandise India,college promotional items,https://www.coachingpromo.in/industries/colleges-universities,New,Industry / audience page,New industry/audience page,Implemented — new authoritative page,https://www.coachingpromo.in/industries/colleges-universities,Low after consolidation,,Consolidated with college merchandise India; no separate page required.
educational promotional products,Core / Money Keywords,Commercial,P0,promotional products for coaching institutes,promotional products for coaching institutes,educational promotional products,https://www.coachingpromo.in/,Existing,Homepage,Existing page — secondary keyword,Implemented — mapped to existing canonical page,https://www.coachingpromo.in/,Low after consolidation,,Consolidated with promotional products for coaching institutes; no separate page required.
promotional gift items for institutes,Core / Money Keywords,Commercial,P0,corporate gifting for educational institutions,corporate gifting for educational institutions,promotional gift items for institutes,https://www.coachingpromo.in/solutions/corporate-gifting-for-educational-institutions,New,Commercial solution page,New commercial landing page,Implemented — new authoritative page,https://www.coachingpromo.in/solutions/corporate-gifting-for-educational-institutions,Low after consolidation,,Consolidated with corporate gifting for educational institutions; no separate page required.
promotional gifts for educational institutions,Core / Money Keywords,Commercial,P0,corporate gifting for educational institutions,corporate gifting for educational institutions,promotional gifts for educational institutions,https://www.coachingpromo.in/solutions/corporate-gifting-for-educational-institutions,New,Commercial solution page,New commercial landing page,Implemented — new authoritative page,https://www.coachingpromo.in/solutions/corporate-gifting-for-educational-institutions,Low after consolidation,,Consolidated with corporate gifting for educational institutions; no separate page required.
corporate gifting for educational institutions,Core / Money Keywords,Commercial,P0,corporate gifting for educational institutions,corporate gifting for educational institutions,,https://www.coachingpromo.in/solutions/corporate-gifting-for-educational-institutions,New,Commercial solution page,New commercial landing page,Implemented — new authoritative page,https://www.coachingpromo.in/solutions/corporate-gifting-for-educational-institutions,Low after consolidation,,Consolidated with corporate gifting for educational institutions; no separate page required.
corporate gifts for schools,Core / Money Keywords,Commercial,P0,school merchandise India,school merchandise India,corporate gifts for schools,https://www.coachingpromo.in/industries/schools,New,Industry / audience page,New industry/audience page,Implemented — new authoritative page,https://www.coachingpromo.in/industries/schools,Low after consolidation,,Consolidated with school merchandise India; no separate page required.
corporate gifts for colleges,Core / Money Keywords,Commercial,P0,college merchandise India,college merchandise India,corporate gifts for colleges,https://www.coachingpromo.in/industries/colleges-universities,New,Industry / audience page,New industry/audience page,Implemented — new authoritative page,https://www.coachingpromo.in/industries/colleges-universities,Low after consolidation,,Consolidated with college merchandise India; no separate page required.
institutional gifting solutions,Core / Money Keywords,Commercial,P0,corporate gifting for educational institutions,corporate gifting for educational institutions,institutional gifting solutions,https://www.coachingpromo.in/solutions/corporate-gifting-for-educational-institutions,New,Commercial solution page,New commercial landing page,Implemented — new authoritative page,https://www.coachingpromo.in/solutions/corporate-gifting-for-educational-institutions,Low after consolidation,,Consolidated with corporate gifting for educational institutions; no separate page required.
educational institute gifts,Core / Money Keywords,Commercial,P0,corporate gifting for educational institutions,corporate gifting for educational institutions,educational institute gifts,https://www.coachingpromo.in/solutions/corporate-gifting-for-educational-institutions,New,Commercial solution page,New commercial landing page,Implemented — new authoritative page,https://www.coachingpromo.in/solutions/corporate-gifting-for-educational-institutions,Low after consolidation,,Consolidated with corporate gifting for educational institutions; no separate page required.
bulk customized products India,Core / Money Keywords,Commercial,P0,promotional products for coaching institutes,promotional products for coaching institutes,bulk customized products India,https://www.coachingpromo.in/,Existing,Homepage,Existing page — secondary keyword,Implemented — mapped to existing canonical page,https://www.coachingpromo.in/,Low after consolidation,India,Consolidated with promotional products for coaching institutes; no separate page required.
customized products supplier India,Core / Money Keywords,Commercial,P0,promotional products for coaching institutes,promotional products for coaching institutes,customized products supplier India,https://www.coachingpromo.in/,Existing,Homepage,Existing page — secondary keyword,Implemented — mapped to existing canonical page,https://www.coachingpromo.in/,Low after consolidation,India,Consolidated with promotional products for coaching institutes; no separate page required.
customised promotional products India,Core / Money Keywords,Commercial,P0,promotional products for coaching institutes,promotional products for coaching institutes,customised promotional products India,https://www.coachingpromo.in/,Existing,Homepage,Existing page — secondary keyword,Implemented — mapped to existing canonical page,https://www.coachingpromo.in/,Low after consolidation,India,Consolidated with promotional products for coaching institutes; no separate page required.
customised merchandise India,Core / Money Keywords,Commercial,P0,promotional products for coaching institutes,promotional products for coaching institutes,customised merchandise India,https://www.coachingpromo.in/,Existing,Homepage,Existing page — secondary keyword,Implemented — mapped to existing canonical page,https://www.coachingpromo.in/,Low after consolidation,India,Consolidated with promotional products for coaching institutes; no separate page required.
promotional items for coaching institutes,Coaching Institute Specific,Commercial,P0,promotional products for coaching institutes,promotional products for coaching institutes,promotional items for coaching institutes,https://www.coachingpromo.in/,Existing,Homepage,Existing page — secondary keyword,Implemented — mapped to existing canonical page,https://www.coachingpromo.in/,Low after consolidation,,Consolidated with promotional products for coaching institutes; no separate page required.
merchandise for coaching institutes,Coaching Institute Specific,Commercial,P0,promotional products for coaching institutes,promotional products for coaching institutes,merchandise for coaching institutes,https://www.coachingpromo.in/,Existing,Homepage,Existing page — secondary keyword,Implemented — mapped to existing canonical page,https://www.coachingpromo.in/,Low after consolidation,,Consolidated with promotional products for coaching institutes; no separate page required.
coaching institute branding products,Coaching Institute Specific,Commercial,P0,promotional products for coaching institutes,promotional products for coaching institutes,coaching institute branding products,https://www.coachingpromo.in/,Existing,Homepage,Existing page — secondary keyword,Implemented — mapped to existing canonical page,https://www.coachingpromo.in/,Low after consolidation,,Consolidated with promotional products for coaching institutes; no separate page required.
coaching institute promotional products,Coaching Institute Specific,Commercial,P0,promotional products for coaching institutes,promotional products for coaching institutes,coaching institute promotional products,https://www.coachingpromo.in/,Existing,Homepage,Existing page — secondary keyword,Implemented — mapped to existing canonical page,https://www.coachingpromo.in/,Low after consolidation,,Consolidated with promotional products for coaching institutes; no separate page required.
coaching institute promotional items,Coaching Institute Specific,Commercial,P0,promotional products for coaching institutes,promotional products for coaching institutes,coaching institute promotional items,https://www.coachingpromo.in/,Existing,Homepage,Existing page — secondary keyword,Implemented — mapped to existing canonical page,https://www.coachingpromo.in/,Low after consolidation,,Consolidated with promotional products for coaching institutes; no separate page required.
coaching institute merchandise supplier,Coaching Institute Specific,Commercial,P0,promotional products for coaching institutes,promotional products for coaching institutes,coaching institute merchandise supplier,https://www.coachingpromo.in/,Existing,Homepage,Existing page — secondary keyword,Implemented — mapped to existing canonical page,https://www.coachingpromo.in/,Low after consolidation,,Consolidated with promotional products for coaching institutes; no separate page required.
coaching institute merchandise manufacturer,Coaching Institute Specific,Commercial,P0,promotional products for coaching institutes,promotional products for coaching institutes,coaching institute merchandise manufacturer,https://www.coachingpromo.in/,Existing,Homepage,Existing page — secondary keyword,Implemented — mapped to existing canonical page,https://www.coachingpromo.in/,Low after consolidation,,Consolidated with promotional products for coaching institutes; no separate page required.
coaching institute gifts,Coaching Institute Specific,Commercial,P0,corporate gifting for educational institutions,corporate gifting for educational institutions,coaching institute gifts,https://www.coachingpromo.in/solutions/corporate-gifting-for-educational-institutions,New,Commercial solution page,New commercial landing page,Implemented — new authoritative page,https://www.coachingpromo.in/solutions/corporate-gifting-for-educational-institutions,Low after consolidation,,Consolidated with corporate gifting for educational institutions; no separate page required.
coaching institute corporate gifts,Coaching Institute Specific,Commercial,P0,corporate gifting for educational institutions,corporate gifting for educational institutions,coaching institute corporate gifts,https://www.coachingpromo.in/solutions/corporate-gifting-for-educational-institutions,New,Commercial solution page,New commercial landing page,Implemented — new authoritative page,https://www.coachingpromo.in/solutions/corporate-gifting-for-educational-institutions,Low after consolidation,,Consolidated with corporate gifting for educational institutions; no separate page required.
coaching institute stationery,Coaching Institute Specific,Commercial,P0,promotional products for coaching institutes,promotional products for coaching institutes,coaching institute stationery,https://www.coachingpromo.in/,Existing,Homepage,Existing page — secondary keyword,Implemented — mapped to existing canonical page,https://www.coachingpromo.in/,Low after consolidation,,Consolidated with promotional products for coaching institutes; no separate page required.
coaching institute bags,Coaching Institute Specific,Commercial,P0,custom bags,custom bags,coaching institute bags,https://www.coachingpromo.in/categories/bags,Existing,Category / subcategory page,Existing page — secondary keyword,Implemented — mapped to existing canonical page,https://www.coachingpromo.in/categories/bags,Low after consolidation,,Consolidated with custom bags; no separate page required.
coaching institute backpacks,Coaching Institute Specific,Commercial,P0,custom backpacks India,custom backpacks India,coaching institute backpacks,https://www.coachingpromo.in/bags/institute-backpacks,Existing,Category / subcategory page,Existing page — secondary keyword,Implemented — mapped to existing canonical page,https://www.coachingpromo.in/bags/institute-backpacks,Low after consolidation,,Consolidated with custom backpacks India; no separate page required.
coaching institute notebooks,Coaching Institute Specific,Commercial,P0,custom notebooks India,custom notebooks India,coaching institute notebooks,https://www.coachingpromo.in/stationery/notebook,Existing,Category / subcategory page,Existing page — secondary keyword,Implemented — mapped to existing canonical page,https://www.coachingpromo.in/stationery/notebook,Low after consolidation,,Consolidated with custom notebooks India; no separate page required.
coaching institute diaries,Coaching Institute Specific,Commercial,P0,customized diaries India,customized diaries India,coaching institute diaries,https://www.coachingpromo.in/promotional-items/diary-set,Existing,Category / subcategory page,Existing page — secondary keyword,Implemented — mapped to existing canonical page,https://www.coachingpromo.in/promotional-items/diary-set,Low after consolidation,,Consolidated with customized diaries India; no separate page required.
coaching institute bottles,Coaching Institute Specific,Commercial,P0,customized water bottles India,customized water bottles India,coaching institute bottles,https://www.coachingpromo.in/promotional-items/water-bottle,Existing,Category / subcategory page,Existing page — secondary keyword,Implemented — mapped to existing canonical page,https://www.coachingpromo.in/promotional-items/water-bottle,Low after consolidation,,Consolidated with customized water bottles India; no separate page required.
coaching institute t shirts,Coaching Institute Specific,Commercial,P0,custom t shirts India,custom t shirts India,coaching institute t shirts,https://www.coachingpromo.in/apparel-accessories/round-neck-t-shirts,Existing,Category / subcategory page,Existing page — secondary keyword,Implemented — mapped to existing canonical page,https://www.coachingpromo.in/apparel-accessories/round-neck-t-shirts,Low after consolidation,,Consolidated with custom t shirts India; no separate page required.
coaching institute polo t shirts,Coaching Institute Specific,Commercial,P0,custom polo t shirts India,custom polo t shirts India,coaching institute polo t shirts,https://www.coachingpromo.in/apparel-accessories/polo-t-shirts,Existing,Category / subcategory page,Existing page — secondary keyword,Implemented — mapped to existing canonical page,https://www.coachingpromo.in/apparel-accessories/polo-t-shirts,Low after consolidation,,Consolidated with custom polo t shirts India; no separate page required.
coaching institute uniforms,Coaching Institute Specific,Commercial,P0,promotional products for coaching institutes,promotional products for coaching institutes,coaching institute uniforms,https://www.coachingpromo.in/,Existing,Homepage,Existing page — secondary keyword,Implemented — mapped to existing canonical page,https://www.coachingpromo.in/,Low after consolidation,,Consolidated with promotional products for coaching institutes; no separate page required.
coaching institute jackets,Coaching Institute Specific,Commercial,P0,promotional products for coaching institutes,promotional products for coaching institutes,coaching institute jackets,https://www.coachingpromo.in/,Existing,Homepage,Existing page — secondary keyword,Implemented — mapped to existing canonical page,https://www.coachingpromo.in/,Low after consolidation,,Consolidated with promotional products for coaching institutes; no separate page required.
coaching institute hoodies,Coaching Institute Specific,Commercial,P0,custom hoodies for coaching institutes,custom hoodies for coaching institutes,coaching institute hoodies,https://www.coachingpromo.in/custom-hoodies-for-coaching-institutes,Existing,Category / subcategory page,Existing page — secondary keyword,Implemented — mapped to existing canonical page,https://www.coachingpromo.in/custom-hoodies-for-coaching-institutes,Low after consolidation,,Consolidated with custom hoodies for coaching institutes; no separate page required.
coaching institute staff uniforms,Coaching Institute Specific,Commercial,P0,teacher jackets,teacher jackets,coaching institute staff uniforms,https://www.coachingpromo.in/apparel-accessories/uniform-jackets,Existing,Category / subcategory page,Existing page — secondary keyword,Implemented — mapped to existing canonical page,https://www.coachingpromo.in/apparel-accessories/uniform-jackets,Low after consolidation,,Consolidated with teacher jackets; no separate page required.
coaching institute teacher jackets,Coaching Institute Specific,Commercial,P0,teacher jackets,teacher jackets,coaching institute teacher jackets,https://www.coachingpromo.in/apparel-accessories/uniform-jackets,Existing,Category / subcategory page,Existing page — secondary keyword,Implemented — mapped to existing canonical page,https://www.coachingpromo.in/apparel-accessories/uniform-jackets,Low after consolidation,,Consolidated with teacher jackets; no separate page required.
coaching institute welcome kits,Coaching Institute Specific,Commercial,P0,student welcome kits,student welcome kits,coaching institute welcome kits,https://www.coachingpromo.in/solutions/student-welcome-kits,New,Commercial solution page,New commercial landing page,Implemented — new authoritative page,https://www.coachingpromo.in/solutions/student-welcome-kits,Low after consolidation,,Consolidated with student welcome kits; no separate page required.
coaching institute student kits,Coaching Institute Specific,Commercial,P0,student welcome kits,student welcome kits,coaching institute student kits,https://www.coachingpromo.in/solutions/student-welcome-kits,New,Commercial solution page,New commercial landing page,Implemented — new authoritative page,https://www.coachingpromo.in/solutions/student-welcome-kits,Low after consolidation,,Consolidated with student welcome kits; no separate page required.
coaching institute admission kits,Coaching Institute Specific,Commercial,P0,student welcome kits,student welcome kits,coaching institute admission kits,https://www.coachingpromo.in/solutions/student-welcome-kits,New,Commercial solution page,New commercial landing page,Implemented — new authoritative page,https://www.coachingpromo.in/solutions/student-welcome-kits,Low after consolidation,,Consolidated with student welcome kits; no separate page required.
coaching institute orientation kits,Coaching Institute Specific,Commercial,P0,student welcome kits,student welcome kits,coaching institute orientation kits,https://www.coachingpromo.in/solutions/student-welcome-kits,New,Commercial solution page,New commercial landing page,Implemented — new authoritative page,https://www.coachingpromo.in/solutions/student-welcome-kits,Low after consolidation,,Consolidated with student welcome kits; no separate page required.
coaching institute promotional kit,Coaching Institute Specific,Commercial,P0,promotional products for coaching institutes,promotional products for coaching institutes,coaching institute promotional kit,https://www.coachingpromo.in/,Existing,Homepage,Existing page — secondary keyword,Implemented — mapped to existing canonical page,https://www.coachingpromo.in/,Low after consolidation,,Consolidated with promotional products for coaching institutes; no separate page required.
coaching institute marketing products,Coaching Institute Specific,Commercial,P0,promotional products for coaching institutes,promotional products for coaching institutes,coaching institute marketing products,https://www.coachingpromo.in/,Existing,Homepage,Existing page — secondary keyword,Implemented — mapped to existing canonical page,https://www.coachingpromo.in/,Low after consolidation,,Consolidated with promotional products for coaching institutes; no separate page required.
promotional products for coaching classes,Coaching Institute Specific,Commercial,P0,promotional products for coaching institutes,promotional products for coaching institutes,promotional products for coaching classes,https://www.coachingpromo.in/,Existing,Homepage,Existing page — secondary keyword,Implemented — mapped to existing canonical page,https://www.coachingpromo.in/,Low after consolidation,,Consolidated with promotional products for coaching institutes; no separate page required.
promotional products for coaching centres,Coaching Institute Specific,Commercial,P0,promotional products for coaching institutes,promotional products for coaching institutes,promotional products for coaching centres,https://www.coachingpromo.in/,Existing,Homepage,Existing page — secondary keyword,Implemented — mapped to existing canonical page,https://www.coachingpromo.in/,Low after consolidation,,Consolidated with promotional products for coaching institutes; no separate page required.
merchandise for coaching classes,Coaching Institute Specific,Commercial,P0,promotional products for coaching institutes,promotional products for coaching institutes,merchandise for coaching classes,https://www.coachingpromo.in/,Existing,Homepage,Existing page — secondary keyword,Implemented — mapped to existing canonical page,https://www.coachingpromo.in/,Low after consolidation,,Consolidated with promotional products for coaching institutes; no separate page required.
coaching classes t shirt,Coaching Institute Specific,Commercial,P0,custom t shirts India,custom t shirts India,coaching classes t shirt,https://www.coachingpromo.in/apparel-accessories/round-neck-t-shirts,Existing,Category / subcategory page,Existing page — secondary keyword,Implemented — mapped to existing canonical page,https://www.coachingpromo.in/apparel-accessories/round-neck-t-shirts,Low after consolidation,,Consolidated with custom t shirts India; no separate page required.
coaching classes t shirt design,Coaching Institute Specific,Commercial,P0,custom t shirts India,custom t shirts India,coaching classes t shirt design,https://www.coachingpromo.in/apparel-accessories/round-neck-t-shirts,Existing,Category / subcategory page,Existing page — secondary keyword,Implemented — mapped to existing canonical page,https://www.coachingpromo.in/apparel-accessories/round-neck-t-shirts,Low after consolidation,,Consolidated with custom t shirts India; no separate page required.
coaching classes bags,Coaching Institute Specific,Commercial,P0,custom bags,custom bags,coaching classes bags,https://www.coachingpromo.in/categories/bags,Existing,Category / subcategory page,Existing page — secondary keyword,Implemented — mapped to existing canonical page,https://www.coachingpromo.in/categories/bags,Low after consolidation,,Consolidated with custom bags; no separate page required.
coaching classes notebooks,Coaching Institute Specific,Commercial,P0,custom notebooks India,custom notebooks India,coaching classes notebooks,https://www.coachingpromo.in/stationery/notebook,Existing,Category / subcategory page,Existing page — secondary keyword,Implemented — mapped to existing canonical page,https://www.coachingpromo.in/stationery/notebook,Low after consolidation,,Consolidated with custom notebooks India; no separate page required.
coaching classes promotional products,Coaching Institute Specific,Commercial,P0,promotional products for coaching institutes,promotional products for coaching institutes,coaching classes promotional products,https://www.coachingpromo.in/,Existing,Homepage,Existing page — secondary keyword,Implemented — mapped to existing canonical page,https://www.coachingpromo.in/,Low after consolidation,,Consolidated with promotional products for coaching institutes; no separate page required.
promotional products for IIT coaching institutes,Coaching Institute Specific,Commercial,P0,promotional products for coaching institutes,promotional products for coaching institutes,promotional products for IIT coaching institutes,https://www.coachingpromo.in/,Existing,Homepage,Existing page — secondary keyword,Implemented — mapped to existing canonical page,https://www.coachingpromo.in/,Low after consolidation,,Consolidated with promotional products for coaching institutes; no separate page required.
promotional products for NEET coaching institutes,Coaching Institute Specific,Commercial,P0,promotional products for coaching institutes,promotional products for coaching institutes,promotional products for NEET coaching institutes,https://www.coachingpromo.in/,Existing,Homepage,Existing page — secondary keyword,Implemented — mapped to existing canonical page,https://www.coachingpromo.in/,Low after consolidation,,Consolidated with promotional products for coaching institutes; no separate page required.
IIT JEE coaching merchandise,Coaching Institute Specific,Commercial,P0,promotional products for coaching institutes,promotional products for coaching institutes,IIT JEE coaching merchandise,https://www.coachingpromo.in/,Existing,Homepage,Existing page — secondary keyword,Implemented — mapped to existing canonical page,https://www.coachingpromo.in/,Low after consolidation,,Consolidated with promotional products for coaching institutes; no separate page required.
NEET coaching merchandise,Coaching Institute Specific,Commercial,P0,promotional products for coaching institutes,promotional products for coaching institutes,NEET coaching merchandise,https://www.coachingpromo.in/,Existing,Homepage,Existing page — secondary keyword,Implemented — mapped to existing canonical page,https://www.coachingpromo.in/,Low after consolidation,,Consolidated with promotional products for coaching institutes; no separate page required.
UPSC coaching institute merchandise,Coaching Institute Specific,Commercial,P0,promotional products for coaching institutes,promotional products for coaching institutes,UPSC coaching institute merchandise,https://www.coachingpromo.in/,Existing,Homepage,Existing page — secondary keyword,Implemented — mapped to existing canonical page,https://www.coachingpromo.in/,Low after consolidation,,Consolidated with promotional products for coaching institutes; no separate page required.
SSC coaching institute merchandise,Coaching Institute Specific,Commercial,P0,promotional products for coaching institutes,promotional products for coaching institutes,SSC coaching institute merchandise,https://www.coachingpromo.in/,Existing,Homepage,Existing page — secondary keyword,Implemented — mapped to existing canonical page,https://www.coachingpromo.in/,Low after consolidation,,Consolidated with promotional products for coaching institutes; no separate page required.
banking coaching institute merchandise,Coaching Institute Specific,Commercial,P0,promotional products for coaching institutes,promotional products for coaching institutes,banking coaching institute merchandise,https://www.coachingpromo.in/,Existing,Homepage,Existing page — secondary keyword,Implemented — mapped to existing canonical page,https://www.coachingpromo.in/,Low after consolidation,,Consolidated with promotional products for coaching institutes; no separate page required.
competitive exam coaching promotional products,Coaching Institute Specific,Commercial,P0,promotional products for coaching institutes,promotional products for coaching institutes,competitive exam coaching promotional products,https://www.coachingpromo.in/,Existing,Homepage,Existing page — secondary keyword,Implemented — mapped to existing canonical page,https://www.coachingpromo.in/,Low after consolidation,,Consolidated with promotional products for coaching institutes; no separate page required.
education academy promotional products,Coaching Institute Specific,Commercial,P0,promotional products for coaching institutes,promotional products for coaching institutes,education academy promotional products,https://www.coachingpromo.in/,Existing,Homepage,Existing page — secondary keyword,Implemented — mapped to existing canonical page,https://www.coachingpromo.in/,Low after consolidation,,Consolidated with promotional products for coaching institutes; no separate page required.
training institute promotional products,Coaching Institute Specific,Commercial,P0,promotional products for coaching institutes,promotional products for coaching institutes,training institute promotional products,https://www.coachingpromo.in/,Existing,Homepage,Existing page — secondary keyword,Implemented — mapped to existing canonical page,https://www.coachingpromo.in/,Low after consolidation,,Consolidated with promotional products for coaching institutes; no separate page required.
skill development institute merchandise,Coaching Institute Specific,Commercial,P0,promotional products for coaching institutes,promotional products for coaching institutes,skill development institute merchandise,https://www.coachingpromo.in/,Existing,Homepage,Existing page — secondary keyword,Implemented — mapped to existing canonical page,https://www.coachingpromo.in/,Low after consolidation,,Consolidated with promotional products for coaching institutes; no separate page required.
custom t shirts India,Custom T-Shirts,Commercial,P0,custom t shirts India,custom t shirts India,,https://www.coachingpromo.in/apparel-accessories/round-neck-t-shirts,Existing,Category / subcategory page,Existing page — primary keyword,Implemented — mapped to existing canonical page,https://www.coachingpromo.in/apparel-accessories/round-neck-t-shirts,Low after consolidation,India,Consolidated with custom t shirts India; no separate page required.
customized t shirts India,Custom T-Shirts,Commercial,P0,custom t shirts India,custom t shirts India,customized t shirts India,https://www.coachingpromo.in/apparel-accessories/round-neck-t-shirts,Existing,Category / subcategory page,Existing page — secondary keyword,Implemented — mapped to existing canonical page,https://www.coachingpromo.in/apparel-accessories/round-neck-t-shirts,Low after consolidation,India,Consolidated with custom t shirts India; no separate page required.
custom t shirt printing India,Custom T-Shirts,Commercial,P0,custom t shirts India,custom t shirts India,custom t shirt printing India,https://www.coachingpromo.in/apparel-accessories/round-neck-t-shirts,Existing,Category / subcategory page,Existing page — secondary keyword,Implemented — mapped to existing canonical page,https://www.coachingpromo.in/apparel-accessories/round-neck-t-shirts,Low after consolidation,India,Consolidated with custom t shirts India; no separate page required.
t shirt printing India,Custom T-Shirts,Commercial,P0,custom t shirts India,custom t shirts India,t shirt printing India,https://www.coachingpromo.in/apparel-accessories/round-neck-t-shirts,Existing,Category / subcategory page,Existing page — secondary keyword,Implemented — mapped to existing canonical page,https://www.coachingpromo.in/apparel-accessories/round-neck-t-shirts,Low after consolidation,India,Consolidated with custom t shirts India; no separate page required.
bulk t shirt printing India,Custom T-Shirts,Commercial,P0,custom t shirts India,custom t shirts India,bulk t shirt printing India,https://www.coachingpromo.in/apparel-accessories/round-neck-t-shirts,Existing,Category / subcategory page,Existing page — secondary keyword,Implemented — mapped to existing canonical page,https://www.coachingpromo.in/apparel-accessories/round-neck-t-shirts,Low after consolidation,India,Consolidated with custom t shirts India; no separate page required.
custom t shirts bulk India,Custom T-Shirts,Commercial,P0,custom t shirts India,custom t shirts India,custom t shirts bulk India,https://www.coachingpromo.in/apparel-accessories/round-neck-t-shirts,Existing,Category / subcategory page,Existing page — secondary keyword,Implemented — mapped to existing canonical page,https://www.coachingpromo.in/apparel-accessories/round-neck-t-shirts,Low after consolidation,India,Consolidated with custom t shirts India; no separate page required.
personalized t shirts bulk India,Custom T-Shirts,Commercial,P0,custom t shirts India,custom t shirts India,personalized t shirts bulk India,https://www.coachingpromo.in/apparel-accessories/round-neck-t-shirts,Existing,Category / subcategory page,Existing page — secondary keyword,Implemented — mapped to existing canonical page,https://www.coachingpromo.in/apparel-accessories/round-neck-t-shirts,Low after consolidation,India,Consolidated with custom t shirts India; no separate page required.
branded t shirts India,Custom T-Shirts,Commercial,P0,custom t shirts India,custom t shirts India,branded t shirts India,https://www.coachingpromo.in/apparel-accessories/round-neck-t-shirts,Existing,Category / subcategory page,Existing page — secondary keyword,Implemented — mapped to existing canonical page,https://www.coachingpromo.in/apparel-accessories/round-neck-t-shirts,Low after consolidation,India,Consolidated with custom t shirts India; no separate page required.
logo printed t shirts India,Custom T-Shirts,Commercial,P0,custom t shirts India,custom t shirts India,logo printed t shirts India,https://www.coachingpromo.in/apparel-accessories/round-neck-t-shirts,Existing,Category / subcategory page,Existing page — secondary keyword,Implemented — mapped to existing canonical page,https://www.coachingpromo.in/apparel-accessories/round-neck-t-shirts,Low after consolidation,India,Consolidated with custom t shirts India; no separate page required.
custom logo t shirts India,Custom T-Shirts,Commercial,P0,custom t shirts India,custom t shirts India,custom logo t shirts India,https://www.coachingpromo.in/apparel-accessories/round-neck-t-shirts,Existing,Category / subcategory page,Existing page — secondary keyword,Implemented — mapped to existing canonical page,https://www.coachingpromo.in/apparel-accessories/round-neck-t-shirts,Low after consolidation,India,Consolidated with custom t shirts India; no separate page required.
corporate t shirts India,Custom T-Shirts,Commercial,P0,custom t shirts India,custom t shirts India,corporate t shirts India,https://www.coachingpromo.in/apparel-accessories/round-neck-t-shirts,Existing,Category / subcategory page,Existing page — secondary keyword,Implemented — mapped to existing canonical page,https://www.coachingpromo.in/apparel-accessories/round-neck-t-shirts,Low after consolidation,India,Consolidated with custom t shirts India; no separate page required.
promotional t shirts India,Custom T-Shirts,Commercial,P0,custom t shirts India,custom t shirts India,promotional t shirts India,https://www.coachingpromo.in/apparel-accessories/round-neck-t-shirts,Existing,Category / subcategory page,Existing page — secondary keyword,Implemented — mapped to existing canonical page,https://www.coachingpromo.in/apparel-accessories/round-neck-t-shirts,Low after consolidation,India,Consolidated with custom t shirts India; no separate page required.
institute t shirts,Custom T-Shirts,Commercial,P0,custom t shirts India,custom t shirts India,institute t shirts,https://www.coachingpromo.in/apparel-accessories/round-neck-t-shirts,Existing,Category / subcategory page,Existing page — secondary keyword,Implemented — mapped to existing canonical page,https://www.coachingpromo.in/apparel-accessories/round-neck-t-shirts,Low after consolidation,,Consolidated with custom t shirts India; no separate page required.
school t shirts customized,Custom T-Shirts,Commercial,P0,custom t shirts India,custom t shirts India,school t shirts customized,https://www.coachingpromo.in/apparel-accessories/round-neck-t-shirts,Existing,Category / subcategory page,Existing page — secondary keyword,Implemented — mapped to existing canonical page,https://www.coachingpromo.in/apparel-accessories/round-neck-t-shirts,Low after consolidation,,Consolidated with custom t shirts India; no separate page required.
college t shirts customized,Custom T-Shirts,Commercial,P0,custom t shirts India,custom t shirts India,college t shirts customized,https://www.coachingpromo.in/apparel-accessories/round-neck-t-shirts,Existing,Category / subcategory page,Existing page — secondary keyword,Implemented — mapped to existing canonical page,https://www.coachingpromo.in/apparel-accessories/round-neck-t-shirts,Low after consolidation,,Consolidated with custom t shirts India; no separate page required.
custom t shirts for coaching institutes,Custom T-Shirts,Commercial,P0,custom t shirts India,custom t shirts India,custom t shirts for coaching institutes,https://www.coachingpromo.in/apparel-accessories/round-neck-t-shirts,Existing,Category / subcategory page,Existing page — secondary keyword,Implemented — mapped to existing canonical page,https://www.coachingpromo.in/apparel-accessories/round-neck-t-shirts,Low after consolidation,,Consolidated with custom t shirts India; no separate page required.
coaching institute t shirt printing,Custom T-Shirts,Commercial,P0,custom t shirts India,custom t shirts India,coaching institute t shirt printing,https://www.coachingpromo.in/apparel-accessories/round-neck-t-shirts,Existing,Category / subcategory page,Existing page — secondary keyword,Implemented — mapped to existing canonical page,https://www.coachingpromo.in/apparel-accessories/round-neck-t-shirts,Low after consolidation,,Consolidated with custom t shirts India; no separate page required.
t shirt for coaching institute,Custom T-Shirts,Commercial,P0,custom t shirts India,custom t shirts India,t shirt for coaching institute,https://www.coachingpromo.in/apparel-accessories/round-neck-t-shirts,Existing,Category / subcategory page,Existing page — secondary keyword,Implemented — mapped to existing canonical page,https://www.coachingpromo.in/apparel-accessories/round-neck-t-shirts,Low after consolidation,,Consolidated with custom t shirts India; no separate page required.
t shirt for coaching classes,Custom T-Shirts,Commercial,P0,custom t shirts India,custom t shirts India,t shirt for coaching classes,https://www.coachingpromo.in/apparel-accessories/round-neck-t-shirts,Existing,Category / subcategory page,Existing page — secondary keyword,Implemented — mapped to existing canonical page,https://www.coachingpromo.in/apparel-accessories/round-neck-t-shirts,Low after consolidation,,Consolidated with custom t shirts India; no separate page required.
custom t shirts for students,Custom T-Shirts,Commercial,P0,custom t shirts India,custom t shirts India,custom t shirts for students,https://www.coachingpromo.in/apparel-accessories/round-neck-t-shirts,Existing,Category / subcategory page,Existing page — secondary keyword,Implemented — mapped to existing canonical page,https://www.coachingpromo.in/apparel-accessories/round-neck-t-shirts,Low after consolidation,,Consolidated with custom t shirts India; no separate page required.
institute logo t shirts,Custom T-Shirts,Commercial,P0,custom t shirts India,custom t shirts India,institute logo t shirts,https://www.coachingpromo.in/apparel-accessories/round-neck-t-shirts,Existing,Category / subcategory page,Existing page — secondary keyword,Implemented — mapped to existing canonical page,https://www.coachingpromo.in/apparel-accessories/round-neck-t-shirts,Low after consolidation,,Consolidated with custom t shirts India; no separate page required.
student batch t shirts,Custom T-Shirts,Commercial,P0,custom t shirts India,custom t shirts India,student batch t shirts,https://www.coachingpromo.in/apparel-accessories/round-neck-t-shirts,Existing,Category / subcategory page,Existing page — secondary keyword,Implemented — mapped to existing canonical page,https://www.coachingpromo.in/apparel-accessories/round-neck-t-shirts,Low after consolidation,,Consolidated with custom t shirts India; no separate page required.
custom t shirts for college students,Custom T-Shirts,Commercial,P0,custom t shirts India,custom t shirts India,custom t shirts for college students,https://www.coachingpromo.in/apparel-accessories/round-neck-t-shirts,Existing,Category / subcategory page,Existing page — secondary keyword,Implemented — mapped to existing canonical page,https://www.coachingpromo.in/apparel-accessories/round-neck-t-shirts,Low after consolidation,,Consolidated with custom t shirts India; no separate page required.
custom t shirts for colleges,Custom T-Shirts,Commercial,P0,custom t shirts India,custom t shirts India,custom t shirts for colleges,https://www.coachingpromo.in/apparel-accessories/round-neck-t-shirts,Existing,Category / subcategory page,Existing page — secondary keyword,Implemented — mapped to existing canonical page,https://www.coachingpromo.in/apparel-accessories/round-neck-t-shirts,Low after consolidation,,Consolidated with custom t shirts India; no separate page required.
custom school t shirts,Custom T-Shirts,Commercial,P0,custom t shirts India,custom t shirts India,custom school t shirts,https://www.coachingpromo.in/apparel-accessories/round-neck-t-shirts,Existing,Category / subcategory page,Existing page — secondary keyword,Implemented — mapped to existing canonical page,https://www.coachingpromo.in/apparel-accessories/round-neck-t-shirts,Low after consolidation,,Consolidated with custom t shirts India; no separate page required.
custom university t shirts,Custom T-Shirts,Commercial,P0,custom t shirts India,custom t shirts India,custom university t shirts,https://www.coachingpromo.in/apparel-accessories/round-neck-t-shirts,Existing,Category / subcategory page,Existing page — secondary keyword,Implemented — mapped to existing canonical page,https://www.coachingpromo.in/apparel-accessories/round-neck-t-shirts,Low after consolidation,,Consolidated with custom t shirts India; no separate page required.
faculty t shirts with logo,Custom T-Shirts,Commercial,P0,custom t shirts India,custom t shirts India,faculty t shirts with logo,https://www.coachingpromo.in/apparel-accessories/round-neck-t-shirts,Existing,Category / subcategory page,Existing page — secondary keyword,Implemented — mapped to existing canonical page,https://www.coachingpromo.in/apparel-accessories/round-neck-t-shirts,Low after consolidation,,Consolidated with custom t shirts India; no separate page required.
staff t shirts with logo,Custom T-Shirts,Commercial,P0,custom t shirts India,custom t shirts India,staff t shirts with logo,https://www.coachingpromo.in/apparel-accessories/round-neck-t-shirts,Existing,Category / subcategory page,Existing page — secondary keyword,Implemented — mapped to existing canonical page,https://www.coachingpromo.in/apparel-accessories/round-neck-t-shirts,Low after consolidation,,Consolidated with custom t shirts India; no separate page required.
event t shirts for colleges,Custom T-Shirts,Commercial,P0,custom t shirts India,custom t shirts India,event t shirts for colleges,https://www.coachingpromo.in/apparel-accessories/round-neck-t-shirts,Existing,Category / subcategory page,Existing page — secondary keyword,Implemented — mapped to existing canonical page,https://www.coachingpromo.in/apparel-accessories/round-neck-t-shirts,Low after consolidation,,Consolidated with custom t shirts India; no separate page required.
seminar t shirts bulk,Custom T-Shirts,Commercial,P0,custom t shirts India,custom t shirts India,seminar t shirts bulk,https://www.coachingpromo.in/apparel-accessories/round-neck-t-shirts,Existing,Category / subcategory page,Existing page — secondary keyword,Implemented — mapped to existing canonical page,https://www.coachingpromo.in/apparel-accessories/round-neck-t-shirts,Low after consolidation,,Consolidated with custom t shirts India; no separate page required.
orientation t shirts for colleges,Custom T-Shirts,Commercial,P0,custom t shirts India,custom t shirts India,orientation t shirts for colleges,https://www.coachingpromo.in/apparel-accessories/round-neck-t-shirts,Existing,Category / subcategory page,Existing page — secondary keyword,Implemented — mapped to existing canonical page,https://www.coachingpromo.in/apparel-accessories/round-neck-t-shirts,Low after consolidation,,Consolidated with custom t shirts India; no separate page required.
custom polo t shirts India,Polo T-Shirts,Commercial,P1,custom polo t shirts India,custom polo t shirts India,,https://www.coachingpromo.in/apparel-accessories/polo-t-shirts,Existing,Category / subcategory page,Existing page — primary keyword,Implemented — mapped to existing canonical page,https://www.coachingpromo.in/apparel-accessories/polo-t-shirts,Low after consolidation,India,Consolidated with custom polo t shirts India; no separate page required.
customized polo t shirts India,Polo T-Shirts,Commercial,P1,custom polo t shirts India,custom polo t shirts India,customized polo t shirts India,https://www.coachingpromo.in/apparel-accessories/polo-t-shirts,Existing,Category / subcategory page,Existing page — secondary keyword,Implemented — mapped to existing canonical page,https://www.coachingpromo.in/apparel-accessories/polo-t-shirts,Low after consolidation,India,Consolidated with custom polo t shirts India; no separate page required.
polo t shirts with logo India,Polo T-Shirts,Commercial,P1,custom polo t shirts India,custom polo t shirts India,polo t shirts with logo India,https://www.coachingpromo.in/apparel-accessories/polo-t-shirts,Existing,Category / subcategory page,Existing page — secondary keyword,Implemented — mapped to existing canonical page,https://www.coachingpromo.in/apparel-accessories/polo-t-shirts,Low after consolidation,India,Consolidated with custom polo t shirts India; no separate page required.
bulk polo t shirts India,Polo T-Shirts,Commercial,P1,custom polo t shirts India,custom polo t shirts India,bulk polo t shirts India,https://www.coachingpromo.in/apparel-accessories/polo-t-shirts,Existing,Category / subcategory page,Existing page — secondary keyword,Implemented — mapped to existing canonical page,https://www.coachingpromo.in/apparel-accessories/polo-t-shirts,Low after consolidation,India,Consolidated with custom polo t shirts India; no separate page required.
polo t shirt printing India,Polo T-Shirts,Commercial,P1,custom polo t shirts India,custom polo t shirts India,polo t shirt printing India,https://www.coachingpromo.in/apparel-accessories/polo-t-shirts,Existing,Category / subcategory page,Existing page — secondary keyword,Implemented — mapped to existing canonical page,https://www.coachingpromo.in/apparel-accessories/polo-t-shirts,Low after consolidation,India,Consolidated with custom polo t shirts India; no separate page required.
embroidered polo t shirts India,Polo T-Shirts,Commercial,P1,custom polo t shirts India,custom polo t shirts India,embroidered polo t shirts India,https://www.coachingpromo.in/apparel-accessories/polo-t-shirts,Existing,Category / subcategory page,Existing page — secondary keyword,Implemented — mapped to existing canonical page,https://www.coachingpromo.in/apparel-accessories/polo-t-shirts,Low after consolidation,India,Consolidated with custom polo t shirts India; no separate page required.
corporate polo t shirts India,Polo T-Shirts,Commercial,P1,custom polo t shirts India,custom polo t shirts India,corporate polo t shirts India,https://www.coachingpromo.in/apparel-accessories/polo-t-shirts,Existing,Category / subcategory page,Existing page — secondary keyword,Implemented — mapped to existing canonical page,https://www.coachingpromo.in/apparel-accessories/polo-t-shirts,Low after consolidation,India,Consolidated with custom polo t shirts India; no separate page required.
institute polo t shirts,Polo T-Shirts,Commercial,P1,custom polo t shirts India,custom polo t shirts India,institute polo t shirts,https://www.coachingpromo.in/apparel-accessories/polo-t-shirts,Existing,Category / subcategory page,Existing page — secondary keyword,Implemented — mapped to existing canonical page,https://www.coachingpromo.in/apparel-accessories/polo-t-shirts,Low after consolidation,,Consolidated with custom polo t shirts India; no separate page required.
custom polo t shirts for coaching institutes,Polo T-Shirts,Commercial,P1,custom polo t shirts India,custom polo t shirts India,custom polo t shirts for coaching institutes,https://www.coachingpromo.in/apparel-accessories/polo-t-shirts,Existing,Category / subcategory page,Existing page — secondary keyword,Implemented — mapped to existing canonical page,https://www.coachingpromo.in/apparel-accessories/polo-t-shirts,Low after consolidation,,Consolidated with custom polo t shirts India; no separate page required.
school polo t shirts with logo,Polo T-Shirts,Commercial,P1,custom polo t shirts India,custom polo t shirts India,school polo t shirts with logo,https://www.coachingpromo.in/apparel-accessories/polo-t-shirts,Existing,Category / subcategory page,Existing page — secondary keyword,Implemented — mapped to existing canonical page,https://www.coachingpromo.in/apparel-accessories/polo-t-shirts,Low after consolidation,,Consolidated with custom polo t shirts India; no separate page required.
college polo t shirts with logo,Polo T-Shirts,Commercial,P1,custom polo t shirts India,custom polo t shirts India,college polo t shirts with logo,https://www.coachingpromo.in/apparel-accessories/polo-t-shirts,Existing,Category / subcategory page,Existing page — secondary keyword,Implemented — mapped to existing canonical page,https://www.coachingpromo.in/apparel-accessories/polo-t-shirts,Low after consolidation,,Consolidated with custom polo t shirts India; no separate page required.
staff polo t shirts,Polo T-Shirts,Commercial,P1,custom polo t shirts India,custom polo t shirts India,staff polo t shirts,https://www.coachingpromo.in/apparel-accessories/polo-t-shirts,Existing,Category / subcategory page,Existing page — secondary keyword,Implemented — mapped to existing canonical page,https://www.coachingpromo.in/apparel-accessories/polo-t-shirts,Low after consolidation,,Consolidated with custom polo t shirts India; no separate page required.
faculty polo t shirts,Polo T-Shirts,Commercial,P1,custom polo t shirts India,custom polo t shirts India,faculty polo t shirts,https://www.coachingpromo.in/apparel-accessories/polo-t-shirts,Existing,Category / subcategory page,Existing page — secondary keyword,Implemented — mapped to existing canonical page,https://www.coachingpromo.in/apparel-accessories/polo-t-shirts,Low after consolidation,,Consolidated with custom polo t shirts India; no separate page required.
teacher polo t shirts,Polo T-Shirts,Commercial,P1,custom polo t shirts India,custom polo t shirts India,teacher polo t shirts,https://www.coachingpromo.in/apparel-accessories/polo-t-shirts,Existing,Category / subcategory page,Existing page — secondary keyword,Implemented — mapped to existing canonical page,https://www.coachingpromo.in/apparel-accessories/polo-t-shirts,Low after consolidation,,Consolidated with custom polo t shirts India; no separate page required.
branded polo t shirts bulk,Polo T-Shirts,Commercial,P1,custom polo t shirts India,custom polo t shirts India,branded polo t shirts bulk,https://www.coachingpromo.in/apparel-accessories/polo-t-shirts,Existing,Category / subcategory page,Existing page — secondary keyword,Implemented — mapped to existing canonical page,https://www.coachingpromo.in/apparel-accessories/polo-t-shirts,Low after consolidation,,Consolidated with custom polo t shirts India; no separate page required.
promotional polo shirts India,Polo T-Shirts,Commercial,P1,custom polo t shirts India,custom polo t shirts India,promotional polo shirts India,https://www.coachingpromo.in/apparel-accessories/polo-t-shirts,Existing,Category / subcategory page,Existing page — secondary keyword,Implemented — mapped to existing canonical page,https://www.coachingpromo.in/apparel-accessories/polo-t-shirts,Low after consolidation,India,Consolidated with custom polo t shirts India; no separate page required.
customized collared t shirts India,Polo T-Shirts,Commercial,P1,custom polo t shirts India,custom polo t shirts India,customized collared t shirts India,https://www.coachingpromo.in/apparel-accessories/polo-t-shirts,Existing,Category / subcategory page,Existing page — secondary keyword,Implemented — mapped to existing canonical page,https://www.coachingpromo.in/apparel-accessories/polo-t-shirts,Low after consolidation,India,Consolidated with custom polo t shirts India; no separate page required.
collared t shirts with logo,Polo T-Shirts,Commercial,P1,custom polo t shirts India,custom polo t shirts India,collared t shirts with logo,https://www.coachingpromo.in/apparel-accessories/polo-t-shirts,Existing,Category / subcategory page,Existing page — secondary keyword,Implemented — mapped to existing canonical page,https://www.coachingpromo.in/apparel-accessories/polo-t-shirts,Low after consolidation,,Consolidated with custom polo t shirts India; no separate page required.
uniform polo t shirts India,Polo T-Shirts,Commercial,P1,custom polo t shirts India,custom polo t shirts India,uniform polo t shirts India,https://www.coachingpromo.in/apparel-accessories/polo-t-shirts,Existing,Category / subcategory page,Existing page — secondary keyword,Implemented — mapped to existing canonical page,https://www.coachingpromo.in/apparel-accessories/polo-t-shirts,Low after consolidation,India,Consolidated with custom polo t shirts India; no separate page required.
custom hoodies India,Hoodies / Sweatshirts / Winter Wear,Commercial,P0,custom hoodies for coaching institutes,custom hoodies for coaching institutes,custom hoodies India,https://www.coachingpromo.in/custom-hoodies-for-coaching-institutes,Existing,Category / subcategory page,Existing page — secondary keyword,Implemented — mapped to existing canonical page,https://www.coachingpromo.in/custom-hoodies-for-coaching-institutes,Low after consolidation,India,Consolidated with custom hoodies for coaching institutes; no separate page required.
customized hoodies India,Hoodies / Sweatshirts / Winter Wear,Commercial,P0,custom hoodies for coaching institutes,custom hoodies for coaching institutes,customized hoodies India,https://www.coachingpromo.in/custom-hoodies-for-coaching-institutes,Existing,Category / subcategory page,Existing page — secondary keyword,Implemented — mapped to existing canonical page,https://www.coachingpromo.in/custom-hoodies-for-coaching-institutes,Low after consolidation,India,Consolidated with custom hoodies for coaching institutes; no separate page required.
custom hoodie printing India,Hoodies / Sweatshirts / Winter Wear,Commercial,P0,custom hoodies for coaching institutes,custom hoodies for coaching institutes,custom hoodie printing India,https://www.coachingpromo.in/custom-hoodies-for-coaching-institutes,Existing,Category / subcategory page,Existing page — secondary keyword,Implemented — mapped to existing canonical page,https://www.coachingpromo.in/custom-hoodies-for-coaching-institutes,Low after consolidation,India,Consolidated with custom hoodies for coaching institutes; no separate page required.
hoodie printing India,Hoodies / Sweatshirts / Winter Wear,Commercial,P0,custom hoodies for coaching institutes,custom hoodies for coaching institutes,hoodie printing India,https://www.coachingpromo.in/custom-hoodies-for-coaching-institutes,Existing,Category / subcategory page,Existing page — secondary keyword,Implemented — mapped to existing canonical page,https://www.coachingpromo.in/custom-hoodies-for-coaching-institutes,Low after consolidation,India,Consolidated with custom hoodies for coaching institutes; no separate page required.
bulk hoodies India,Hoodies / Sweatshirts / Winter Wear,Commercial,P0,custom hoodies for coaching institutes,custom hoodies for coaching institutes,bulk hoodies India,https://www.coachingpromo.in/custom-hoodies-for-coaching-institutes,Existing,Category / subcategory page,Existing page — secondary keyword,Implemented — mapped to existing canonical page,https://www.coachingpromo.in/custom-hoodies-for-coaching-institutes,Low after consolidation,India,Consolidated with custom hoodies for coaching institutes; no separate page required.
custom hoodies bulk India,Hoodies / Sweatshirts / Winter Wear,Commercial,P0,custom hoodies for coaching institutes,custom hoodies for coaching institutes,custom hoodies bulk India,https://www.coachingpromo.in/custom-hoodies-for-coaching-institutes,Existing,Category / subcategory page,Existing page — secondary keyword,Implemented — mapped to existing canonical page,https://www.coachingpromo.in/custom-hoodies-for-coaching-institutes,Low after consolidation,India,Consolidated with custom hoodies for coaching institutes; no separate page required.
hoodies with logo India,Hoodies / Sweatshirts / Winter Wear,Commercial,P0,custom hoodies for coaching institutes,custom hoodies for coaching institutes,hoodies with logo India,https://www.coachingpromo.in/custom-hoodies-for-coaching-institutes,Existing,Category / subcategory page,Existing page — secondary keyword,Implemented — mapped to existing canonical page,https://www.coachingpromo.in/custom-hoodies-for-coaching-institutes,Low after consolidation,India,Consolidated with custom hoodies for coaching institutes; no separate page required.
branded hoodies India,Hoodies / Sweatshirts / Winter Wear,Commercial,P0,custom hoodies for coaching institutes,custom hoodies for coaching institutes,branded hoodies India,https://www.coachingpromo.in/custom-hoodies-for-coaching-institutes,Existing,Category / subcategory page,Existing page — secondary keyword,Implemented — mapped to existing canonical page,https://www.coachingpromo.in/custom-hoodies-for-coaching-institutes,Low after consolidation,India,Consolidated with custom hoodies for coaching institutes; no separate page required.
embroidered hoodies India,Hoodies / Sweatshirts / Winter Wear,Commercial,P0,custom hoodies for coaching institutes,custom hoodies for coaching institutes,embroidered hoodies India,https://www.coachingpromo.in/custom-hoodies-for-coaching-institutes,Existing,Category / subcategory page,Existing page — secondary keyword,Implemented — mapped to existing canonical page,https://www.coachingpromo.in/custom-hoodies-for-coaching-institutes,Low after consolidation,India,Consolidated with custom hoodies for coaching institutes; no separate page required.
custom embroidered hoodies,Hoodies / Sweatshirts / Winter Wear,Commercial,P0,custom hoodies for coaching institutes,custom hoodies for coaching institutes,custom embroidered hoodies,https://www.coachingpromo.in/custom-hoodies-for-coaching-institutes,Existing,Category / subcategory page,Existing page — secondary keyword,Implemented — mapped to existing canonical page,https://www.coachingpromo.in/custom-hoodies-for-coaching-institutes,Low after consolidation,,Consolidated with custom hoodies for coaching institutes; no separate page required.
printed hoodies India,Hoodies / Sweatshirts / Winter Wear,Commercial,P0,custom hoodies for coaching institutes,custom hoodies for coaching institutes,printed hoodies India,https://www.coachingpromo.in/custom-hoodies-for-coaching-institutes,Existing,Category / subcategory page,Existing page — secondary keyword,Implemented — mapped to existing canonical page,https://www.coachingpromo.in/custom-hoodies-for-coaching-institutes,Low after consolidation,India,Consolidated with custom hoodies for coaching institutes; no separate page required.
custom sweatshirts India,Hoodies / Sweatshirts / Winter Wear,Commercial,P0,custom hoodies for coaching institutes,custom hoodies for coaching institutes,custom sweatshirts India,https://www.coachingpromo.in/custom-hoodies-for-coaching-institutes,Existing,Category / subcategory page,Existing page — secondary keyword,Implemented — mapped to existing canonical page,https://www.coachingpromo.in/custom-hoodies-for-coaching-institutes,Low after consolidation,India,Consolidated with custom hoodies for coaching institutes; no separate page required.
customized sweatshirts India,Hoodies / Sweatshirts / Winter Wear,Commercial,P0,custom hoodies for coaching institutes,custom hoodies for coaching institutes,customized sweatshirts India,https://www.coachingpromo.in/custom-hoodies-for-coaching-institutes,Existing,Category / subcategory page,Existing page — secondary keyword,Implemented — mapped to existing canonical page,https://www.coachingpromo.in/custom-hoodies-for-coaching-institutes,Low after consolidation,India,Consolidated with custom hoodies for coaching institutes; no separate page required.
sweatshirt printing India,Hoodies / Sweatshirts / Winter Wear,Commercial,P0,custom hoodies for coaching institutes,custom hoodies for coaching institutes,sweatshirt printing India,https://www.coachingpromo.in/custom-hoodies-for-coaching-institutes,Existing,Category / subcategory page,Existing page — secondary keyword,Implemented — mapped to existing canonical page,https://www.coachingpromo.in/custom-hoodies-for-coaching-institutes,Low after consolidation,India,Consolidated with custom hoodies for coaching institutes; no separate page required.
bulk sweatshirt printing India,Hoodies / Sweatshirts / Winter Wear,Commercial,P0,custom hoodies for coaching institutes,custom hoodies for coaching institutes,bulk sweatshirt printing India,https://www.coachingpromo.in/custom-hoodies-for-coaching-institutes,Existing,Category / subcategory page,Existing page — secondary keyword,Implemented — mapped to existing canonical page,https://www.coachingpromo.in/custom-hoodies-for-coaching-institutes,Low after consolidation,India,Consolidated with custom hoodies for coaching institutes; no separate page required.
custom winter wear India,Hoodies / Sweatshirts / Winter Wear,Commercial,P0,custom hoodies for coaching institutes,custom hoodies for coaching institutes,custom winter wear India,https://www.coachingpromo.in/custom-hoodies-for-coaching-institutes,Existing,Category / subcategory page,Existing page — secondary keyword,Implemented — mapped to existing canonical page,https://www.coachingpromo.in/custom-hoodies-for-coaching-institutes,Low after consolidation,India,Consolidated with custom hoodies for coaching institutes; no separate page required.
custom hoodies for coaching institutes,Hoodies / Sweatshirts / Winter Wear,Commercial,P0,custom hoodies for coaching institutes,custom hoodies for coaching institutes,,https://www.coachingpromo.in/custom-hoodies-for-coaching-institutes,Existing,Category / subcategory page,Existing page — primary keyword,Implemented — mapped to existing canonical page,https://www.coachingpromo.in/custom-hoodies-for-coaching-institutes,Low after consolidation,,Consolidated with custom hoodies for coaching institutes; no separate page required.
custom hoodies for coaching centres,Hoodies / Sweatshirts / Winter Wear,Commercial,P0,custom hoodies for coaching institutes,custom hoodies for coaching institutes,custom hoodies for coaching centres,https://www.coachingpromo.in/custom-hoodies-for-coaching-institutes,Existing,Category / subcategory page,Existing page — secondary keyword,Implemented — mapped to existing canonical page,https://www.coachingpromo.in/custom-hoodies-for-coaching-institutes,Low after consolidation,,Consolidated with custom hoodies for coaching institutes; no separate page required.
institute hoodies,Hoodies / Sweatshirts / Winter Wear,Commercial,P0,custom hoodies for coaching institutes,custom hoodies for coaching institutes,institute hoodies,https://www.coachingpromo.in/custom-hoodies-for-coaching-institutes,Existing,Category / subcategory page,Existing page — secondary keyword,Implemented — mapped to existing canonical page,https://www.coachingpromo.in/custom-hoodies-for-coaching-institutes,Low after consolidation,,Consolidated with custom hoodies for coaching institutes; no separate page required.
college hoodies India,Hoodies / Sweatshirts / Winter Wear,Commercial,P0,custom hoodies for coaching institutes,custom hoodies for coaching institutes,college hoodies India,https://www.coachingpromo.in/custom-hoodies-for-coaching-institutes,Existing,Category / subcategory page,Existing page — secondary keyword,Implemented — mapped to existing canonical page,https://www.coachingpromo.in/custom-hoodies-for-coaching-institutes,Low after consolidation,India,Consolidated with custom hoodies for coaching institutes; no separate page required.
custom college hoodies India,Hoodies / Sweatshirts / Winter Wear,Commercial,P0,custom hoodies for coaching institutes,custom hoodies for coaching institutes,custom college hoodies India,https://www.coachingpromo.in/custom-hoodies-for-coaching-institutes,Existing,Category / subcategory page,Existing page — secondary keyword,Implemented — mapped to existing canonical page,https://www.coachingpromo.in/custom-hoodies-for-coaching-institutes,Low after consolidation,India,Consolidated with custom hoodies for coaching institutes; no separate page required.
college hoodies with logo,Hoodies / Sweatshirts / Winter Wear,Commercial,P0,custom hoodies for coaching institutes,custom hoodies for coaching institutes,college hoodies with logo,https://www.coachingpromo.in/custom-hoodies-for-coaching-institutes,Existing,Category / subcategory page,Existing page — secondary keyword,Implemented — mapped to existing canonical page,https://www.coachingpromo.in/custom-hoodies-for-coaching-institutes,Low after consolidation,,Consolidated with custom hoodies for coaching institutes; no separate page required.
university hoodies India,Hoodies / Sweatshirts / Winter Wear,Commercial,P0,custom hoodies for coaching institutes,custom hoodies for coaching institutes,university hoodies India,https://www.coachingpromo.in/custom-hoodies-for-coaching-institutes,Existing,Category / subcategory page,Existing page — secondary keyword,Implemented — mapped to existing canonical page,https://www.coachingpromo.in/custom-hoodies-for-coaching-institutes,Low after consolidation,India,Consolidated with custom hoodies for coaching institutes; no separate page required.
school hoodies India,Hoodies / Sweatshirts / Winter Wear,Commercial,P0,custom hoodies for coaching institutes,custom hoodies for coaching institutes,school hoodies India,https://www.coachingpromo.in/custom-hoodies-for-coaching-institutes,Existing,Category / subcategory page,Existing page — secondary keyword,Implemented — mapped to existing canonical page,https://www.coachingpromo.in/custom-hoodies-for-coaching-institutes,Low after consolidation,India,Consolidated with custom hoodies for coaching institutes; no separate page required.
custom hoodies for students,Hoodies / Sweatshirts / Winter Wear,Commercial,P0,custom hoodies for coaching institutes,custom hoodies for coaching institutes,custom hoodies for students,https://www.coachingpromo.in/custom-hoodies-for-coaching-institutes,Existing,Category / subcategory page,Existing page — secondary keyword,Implemented — mapped to existing canonical page,https://www.coachingpromo.in/custom-hoodies-for-coaching-institutes,Low after consolidation,,Consolidated with custom hoodies for coaching institutes; no separate page required.
student batch hoodies,Hoodies / Sweatshirts / Winter Wear,Commercial,P0,custom hoodies for coaching institutes,custom hoodies for coaching institutes,student batch hoodies,https://www.coachingpromo.in/custom-hoodies-for-coaching-institutes,Existing,Category / subcategory page,Existing page — secondary keyword,Implemented — mapped to existing canonical page,https://www.coachingpromo.in/custom-hoodies-for-coaching-institutes,Low after consolidation,,Consolidated with custom hoodies for coaching institutes; no separate page required.
personalized hoodies for student batches,Hoodies / Sweatshirts / Winter Wear,Commercial,P0,custom hoodies for coaching institutes,custom hoodies for coaching institutes,personalized hoodies for student batches,https://www.coachingpromo.in/custom-hoodies-for-coaching-institutes,Existing,Category / subcategory page,Existing page — secondary keyword,Implemented — mapped to existing canonical page,https://www.coachingpromo.in/custom-hoodies-for-coaching-institutes,Low after consolidation,,Consolidated with custom hoodies for coaching institutes; no separate page required.
faculty hoodies,Hoodies / Sweatshirts / Winter Wear,Commercial,P0,custom hoodies for coaching institutes,custom hoodies for coaching institutes,faculty hoodies,https://www.coachingpromo.in/custom-hoodies-for-coaching-institutes,Existing,Category / subcategory page,Existing page — secondary keyword,Implemented — mapped to existing canonical page,https://www.coachingpromo.in/custom-hoodies-for-coaching-institutes,Low after consolidation,,Consolidated with custom hoodies for coaching institutes; no separate page required.
teacher hoodies,Hoodies / Sweatshirts / Winter Wear,Commercial,P0,custom hoodies for coaching institutes,custom hoodies for coaching institutes,teacher hoodies,https://www.coachingpromo.in/custom-hoodies-for-coaching-institutes,Existing,Category / subcategory page,Existing page — secondary keyword,Implemented — mapped to existing canonical page,https://www.coachingpromo.in/custom-hoodies-for-coaching-institutes,Low after consolidation,,Consolidated with custom hoodies for coaching institutes; no separate page required.
coaching centre winter uniforms,Hoodies / Sweatshirts / Winter Wear,Commercial,P0,custom hoodies for coaching institutes,custom hoodies for coaching institutes,coaching centre winter uniforms,https://www.coachingpromo.in/custom-hoodies-for-coaching-institutes,Existing,Category / subcategory page,Existing page — secondary keyword,Implemented — mapped to existing canonical page,https://www.coachingpromo.in/custom-hoodies-for-coaching-institutes,Low after consolidation,,Consolidated with custom hoodies for coaching institutes; no separate page required.
school winter jackets,Hoodies / Sweatshirts / Winter Wear,Commercial,P0,custom hoodies for coaching institutes,custom hoodies for coaching institutes,school winter jackets,https://www.coachingpromo.in/custom-hoodies-for-coaching-institutes,Existing,Category / subcategory page,Existing page — secondary keyword,Implemented — mapped to existing canonical page,https://www.coachingpromo.in/custom-hoodies-for-coaching-institutes,Low after consolidation,,Consolidated with custom hoodies for coaching institutes; no separate page required.
college winter jackets,Hoodies / Sweatshirts / Winter Wear,Commercial,P0,custom hoodies for coaching institutes,custom hoodies for coaching institutes,college winter jackets,https://www.coachingpromo.in/custom-hoodies-for-coaching-institutes,Existing,Category / subcategory page,Existing page — secondary keyword,Implemented — mapped to existing canonical page,https://www.coachingpromo.in/custom-hoodies-for-coaching-institutes,Low after consolidation,,Consolidated with custom hoodies for coaching institutes; no separate page required.
coaching institute winter jackets,Hoodies / Sweatshirts / Winter Wear,Commercial,P0,custom hoodies for coaching institutes,custom hoodies for coaching institutes,coaching institute winter jackets,https://www.coachingpromo.in/custom-hoodies-for-coaching-institutes,Existing,Category / subcategory page,Existing page — secondary keyword,Implemented — mapped to existing canonical page,https://www.coachingpromo.in/custom-hoodies-for-coaching-institutes,Low after consolidation,,Consolidated with custom hoodies for coaching institutes; no separate page required.
winter uniforms for coaching centres,Hoodies / Sweatshirts / Winter Wear,Commercial,P0,custom hoodies for coaching institutes,custom hoodies for coaching institutes,winter uniforms for coaching centres,https://www.coachingpromo.in/custom-hoodies-for-coaching-institutes,Existing,Category / subcategory page,Existing page — secondary keyword,Implemented — mapped to existing canonical page,https://www.coachingpromo.in/custom-hoodies-for-coaching-institutes,Low after consolidation,,Consolidated with custom hoodies for coaching institutes; no separate page required.
branded winter wear for institutes,Hoodies / Sweatshirts / Winter Wear,Commercial,P0,custom hoodies for coaching institutes,custom hoodies for coaching institutes,branded winter wear for institutes,https://www.coachingpromo.in/custom-hoodies-for-coaching-institutes,Existing,Category / subcategory page,Existing page — secondary keyword,Implemented — mapped to existing canonical page,https://www.coachingpromo.in/custom-hoodies-for-coaching-institutes,Low after consolidation,,Consolidated with custom hoodies for coaching institutes; no separate page required.
custom hoodies with logo in bulk India,Hoodies / Sweatshirts / Winter Wear,Commercial,P0,custom hoodies for coaching institutes,custom hoodies for coaching institutes,custom hoodies with logo in bulk India,https://www.coachingpromo.in/custom-hoodies-for-coaching-institutes,Existing,Category / subcategory page,Existing page — secondary keyword,Implemented — mapped to existing canonical page,https://www.coachingpromo.in/custom-hoodies-for-coaching-institutes,Low after consolidation,India,Consolidated with custom hoodies for coaching institutes; no separate page required.
bulk hoodie printing India,Hoodies / Sweatshirts / Winter Wear,Commercial,P0,custom hoodies for coaching institutes,custom hoodies for coaching institutes,bulk hoodie printing India,https://www.coachingpromo.in/custom-hoodies-for-coaching-institutes,Existing,Category / subcategory page,Existing page — secondary keyword,Implemented — mapped to existing canonical page,https://www.coachingpromo.in/custom-hoodies-for-coaching-institutes,Low after consolidation,India,Consolidated with custom hoodies for coaching institutes; no separate page required.
premium 300 GSM hoodies with institute logo,Hoodies / Sweatshirts / Winter Wear,Commercial,P0,custom hoodies for coaching institutes,custom hoodies for coaching institutes,premium 300 GSM hoodies with institute logo,https://www.coachingpromo.in/custom-hoodies-for-coaching-institutes,Existing,Category / subcategory page,Existing page — secondary keyword,Implemented — mapped to existing canonical page,https://www.coachingpromo.in/custom-hoodies-for-coaching-institutes,Low after consolidation,,Consolidated with custom hoodies for coaching institutes; no separate page required.
300 GSM hoodie manufacturer India,Hoodies / Sweatshirts / Winter Wear,Commercial,P0,custom hoodies for coaching institutes,custom hoodies for coaching institutes,300 GSM hoodie manufacturer India,https://www.coachingpromo.in/custom-hoodies-for-coaching-institutes,Existing,Category / subcategory page,Existing page — secondary keyword,Implemented — mapped to existing canonical page,https://www.coachingpromo.in/custom-hoodies-for-coaching-institutes,Low after consolidation,India,Consolidated with custom hoodies for coaching institutes; no separate page required.
fleece hoodies with logo printing,Hoodies / Sweatshirts / Winter Wear,Commercial,P0,custom hoodies for coaching institutes,custom hoodies for coaching institutes,fleece hoodies with logo printing,https://www.coachingpromo.in/custom-hoodies-for-coaching-institutes,Existing,Category / subcategory page,Existing page — secondary keyword,Implemented — mapped to existing canonical page,https://www.coachingpromo.in/custom-hoodies-for-coaching-institutes,Low after consolidation,,Consolidated with custom hoodies for coaching institutes; no separate page required.
logo printed jackets in bulk,Hoodies / Sweatshirts / Winter Wear,Commercial,P0,custom hoodies for coaching institutes,custom hoodies for coaching institutes,logo printed jackets in bulk,https://www.coachingpromo.in/custom-hoodies-for-coaching-institutes,Existing,Category / subcategory page,Existing page — secondary keyword,Implemented — mapped to existing canonical page,https://www.coachingpromo.in/custom-hoodies-for-coaching-institutes,Low after consolidation,,Consolidated with custom hoodies for coaching institutes; no separate page required.
embroidered hoodies for institutes,Hoodies / Sweatshirts / Winter Wear,Commercial,P0,custom hoodies for coaching institutes,custom hoodies for coaching institutes,embroidered hoodies for institutes,https://www.coachingpromo.in/custom-hoodies-for-coaching-institutes,Existing,Category / subcategory page,Existing page — secondary keyword,Implemented — mapped to existing canonical page,https://www.coachingpromo.in/custom-hoodies-for-coaching-institutes,Low after consolidation,,Consolidated with custom hoodies for coaching institutes; no separate page required.
custom zipper hoodies bulk India,Hoodies / Sweatshirts / Winter Wear,Commercial,P0,custom hoodies for coaching institutes,custom hoodies for coaching institutes,custom zipper hoodies bulk India,https://www.coachingpromo.in/custom-hoodies-for-coaching-institutes,Existing,Category / subcategory page,Existing page — secondary keyword,Implemented — mapped to existing canonical page,https://www.coachingpromo.in/custom-hoodies-for-coaching-institutes,Low after consolidation,India,Consolidated with custom hoodies for coaching institutes; no separate page required.
bulk pullover hoodies for students,Hoodies / Sweatshirts / Winter Wear,Commercial,P0,custom hoodies for coaching institutes,custom hoodies for coaching institutes,bulk pullover hoodies for students,https://www.coachingpromo.in/custom-hoodies-for-coaching-institutes,Existing,Category / subcategory page,Existing page — secondary keyword,Implemented — mapped to existing canonical page,https://www.coachingpromo.in/custom-hoodies-for-coaching-institutes,Low after consolidation,,Consolidated with custom hoodies for coaching institutes; no separate page required.
custom varsity jackets for colleges,Hoodies / Sweatshirts / Winter Wear,Commercial,P0,custom hoodies for coaching institutes,custom hoodies for coaching institutes,custom varsity jackets for colleges,https://www.coachingpromo.in/custom-hoodies-for-coaching-institutes,Existing,Category / subcategory page,Existing page — secondary keyword,Implemented — mapped to existing canonical page,https://www.coachingpromo.in/custom-hoodies-for-coaching-institutes,Low after consolidation,,Consolidated with custom hoodies for coaching institutes; no separate page required.
college society hoodies,Hoodies / Sweatshirts / Winter Wear,Commercial,P0,custom hoodies for coaching institutes,custom hoodies for coaching institutes,college society hoodies,https://www.coachingpromo.in/custom-hoodies-for-coaching-institutes,Existing,Category / subcategory page,Existing page — secondary keyword,Implemented — mapped to existing canonical page,https://www.coachingpromo.in/custom-hoodies-for-coaching-institutes,Low after consolidation,,Consolidated with custom hoodies for coaching institutes; no separate page required.
college fest hoodies,Hoodies / Sweatshirts / Winter Wear,Commercial,P0,custom hoodies for coaching institutes,custom hoodies for coaching institutes,college fest hoodies,https://www.coachingpromo.in/custom-hoodies-for-coaching-institutes,Existing,Category / subcategory page,Existing page — secondary keyword,Implemented — mapped to existing canonical page,https://www.coachingpromo.in/custom-hoodies-for-coaching-institutes,Low after consolidation,,Consolidated with custom hoodies for coaching institutes; no separate page required.
coaching institute hoodie supplier,Hoodies / Sweatshirts / Winter Wear,Commercial,P0,custom hoodies for coaching institutes,custom hoodies for coaching institutes,coaching institute hoodie supplier,https://www.coachingpromo.in/custom-hoodies-for-coaching-institutes,Existing,Category / subcategory page,Existing page — secondary keyword,Implemented — mapped to existing canonical page,https://www.coachingpromo.in/custom-hoodies-for-coaching-institutes,Low after consolidation,,Consolidated with custom hoodies for coaching institutes; no separate page required.
custom hoodie manufacturer India,Hoodies / Sweatshirts / Winter Wear,Commercial,P0,custom hoodies for coaching institutes,custom hoodies for coaching institutes,custom hoodie manufacturer India,https://www.coachingpromo.in/custom-hoodies-for-coaching-institutes,Existing,Category / subcategory page,Existing page — secondary keyword,Implemented — mapped to existing canonical page,https://www.coachingpromo.in/custom-hoodies-for-coaching-institutes,Low after consolidation,India,Consolidated with custom hoodies for coaching institutes; no separate page required.
teacher jacket,Teacher Jackets / Staff Uniforms,Commercial,P1,teacher jackets,teacher jackets,teacher jacket,https://www.coachingpromo.in/apparel-accessories/uniform-jackets,Existing,Category / subcategory page,Existing page — secondary keyword,Implemented — mapped to existing canonical page,https://www.coachingpromo.in/apparel-accessories/uniform-jackets,Low after consolidation,,Consolidated with teacher jackets; no separate page required.
teacher jackets,Teacher Jackets / Staff Uniforms,Commercial,P1,teacher jackets,teacher jackets,,https://www.coachingpromo.in/apparel-accessories/uniform-jackets,Existing,Category / subcategory page,Existing page — primary keyword,Implemented — mapped to existing canonical page,https://www.coachingpromo.in/apparel-accessories/uniform-jackets,Low after consolidation,,Consolidated with teacher jackets; no separate page required.
jackets for teachers,Teacher Jackets / Staff Uniforms,Commercial,P1,teacher jackets,teacher jackets,jackets for teachers,https://www.coachingpromo.in/apparel-accessories/uniform-jackets,Existing,Category / subcategory page,Existing page — secondary keyword,Implemented — mapped to existing canonical page,https://www.coachingpromo.in/apparel-accessories/uniform-jackets,Low after consolidation,,Consolidated with teacher jackets; no separate page required.
teacher jackets with logo,Teacher Jackets / Staff Uniforms,Commercial,P1,teacher jackets,teacher jackets,teacher jackets with logo,https://www.coachingpromo.in/apparel-accessories/uniform-jackets,Existing,Category / subcategory page,Existing page — secondary keyword,Implemented — mapped to existing canonical page,https://www.coachingpromo.in/apparel-accessories/uniform-jackets,Low after consolidation,,Consolidated with teacher jackets; no separate page required.
custom teacher jackets,Teacher Jackets / Staff Uniforms,Commercial,P1,teacher jackets,teacher jackets,custom teacher jackets,https://www.coachingpromo.in/apparel-accessories/uniform-jackets,Existing,Category / subcategory page,Existing page — secondary keyword,Implemented — mapped to existing canonical page,https://www.coachingpromo.in/apparel-accessories/uniform-jackets,Low after consolidation,,Consolidated with teacher jackets; no separate page required.
customized teacher jackets,Teacher Jackets / Staff Uniforms,Commercial,P1,teacher jackets,teacher jackets,customized teacher jackets,https://www.coachingpromo.in/apparel-accessories/uniform-jackets,Existing,Category / subcategory page,Existing page — secondary keyword,Implemented — mapped to existing canonical page,https://www.coachingpromo.in/apparel-accessories/uniform-jackets,Low after consolidation,,Consolidated with teacher jackets; no separate page required.
teacher winter jackets,Teacher Jackets / Staff Uniforms,Commercial,P1,teacher jackets,teacher jackets,teacher winter jackets,https://www.coachingpromo.in/apparel-accessories/uniform-jackets,Existing,Category / subcategory page,Existing page — secondary keyword,Implemented — mapped to existing canonical page,https://www.coachingpromo.in/apparel-accessories/uniform-jackets,Low after consolidation,,Consolidated with teacher jackets; no separate page required.
faculty jackets,Teacher Jackets / Staff Uniforms,Commercial,P1,teacher jackets,teacher jackets,faculty jackets,https://www.coachingpromo.in/apparel-accessories/uniform-jackets,Existing,Category / subcategory page,Existing page — secondary keyword,Implemented — mapped to existing canonical page,https://www.coachingpromo.in/apparel-accessories/uniform-jackets,Low after consolidation,,Consolidated with teacher jackets; no separate page required.
faculty jackets with logo,Teacher Jackets / Staff Uniforms,Commercial,P1,teacher jackets,teacher jackets,faculty jackets with logo,https://www.coachingpromo.in/apparel-accessories/uniform-jackets,Existing,Category / subcategory page,Existing page — secondary keyword,Implemented — mapped to existing canonical page,https://www.coachingpromo.in/apparel-accessories/uniform-jackets,Low after consolidation,,Consolidated with teacher jackets; no separate page required.
staff jackets with logo,Teacher Jackets / Staff Uniforms,Commercial,P1,teacher jackets,teacher jackets,staff jackets with logo,https://www.coachingpromo.in/apparel-accessories/uniform-jackets,Existing,Category / subcategory page,Existing page — secondary keyword,Implemented — mapped to existing canonical page,https://www.coachingpromo.in/apparel-accessories/uniform-jackets,Low after consolidation,,Consolidated with teacher jackets; no separate page required.
school staff jackets,Teacher Jackets / Staff Uniforms,Commercial,P1,teacher jackets,teacher jackets,school staff jackets,https://www.coachingpromo.in/apparel-accessories/uniform-jackets,Existing,Category / subcategory page,Existing page — secondary keyword,Implemented — mapped to existing canonical page,https://www.coachingpromo.in/apparel-accessories/uniform-jackets,Low after consolidation,,Consolidated with teacher jackets; no separate page required.
school staff winter jackets,Teacher Jackets / Staff Uniforms,Commercial,P1,teacher jackets,teacher jackets,school staff winter jackets,https://www.coachingpromo.in/apparel-accessories/uniform-jackets,Existing,Category / subcategory page,Existing page — secondary keyword,Implemented — mapped to existing canonical page,https://www.coachingpromo.in/apparel-accessories/uniform-jackets,Low after consolidation,,Consolidated with teacher jackets; no separate page required.
coaching staff jackets,Teacher Jackets / Staff Uniforms,Commercial,P1,teacher jackets,teacher jackets,coaching staff jackets,https://www.coachingpromo.in/apparel-accessories/uniform-jackets,Existing,Category / subcategory page,Existing page — secondary keyword,Implemented — mapped to existing canonical page,https://www.coachingpromo.in/apparel-accessories/uniform-jackets,Low after consolidation,,Consolidated with teacher jackets; no separate page required.
institute staff uniforms,Teacher Jackets / Staff Uniforms,Commercial,P1,teacher jackets,teacher jackets,institute staff uniforms,https://www.coachingpromo.in/apparel-accessories/uniform-jackets,Existing,Category / subcategory page,Existing page — secondary keyword,Implemented — mapped to existing canonical page,https://www.coachingpromo.in/apparel-accessories/uniform-jackets,Low after consolidation,,Consolidated with teacher jackets; no separate page required.
faculty uniforms,Teacher Jackets / Staff Uniforms,Commercial,P1,teacher jackets,teacher jackets,faculty uniforms,https://www.coachingpromo.in/apparel-accessories/uniform-jackets,Existing,Category / subcategory page,Existing page — secondary keyword,Implemented — mapped to existing canonical page,https://www.coachingpromo.in/apparel-accessories/uniform-jackets,Low after consolidation,,Consolidated with teacher jackets; no separate page required.
teacher uniforms India,Teacher Jackets / Staff Uniforms,Commercial,P1,teacher jackets,teacher jackets,teacher uniforms India,https://www.coachingpromo.in/apparel-accessories/uniform-jackets,Existing,Category / subcategory page,Existing page — secondary keyword,Implemented — mapped to existing canonical page,https://www.coachingpromo.in/apparel-accessories/uniform-jackets,Low after consolidation,India,Consolidated with teacher jackets; no separate page required.
winter uniform for teachers,Teacher Jackets / Staff Uniforms,Commercial,P1,teacher jackets,teacher jackets,winter uniform for teachers,https://www.coachingpromo.in/apparel-accessories/uniform-jackets,Existing,Category / subcategory page,Existing page — secondary keyword,Implemented — mapped to existing canonical page,https://www.coachingpromo.in/apparel-accessories/uniform-jackets,Low after consolidation,,Consolidated with teacher jackets; no separate page required.
customised staff jackets,Teacher Jackets / Staff Uniforms,Commercial,P1,teacher jackets,teacher jackets,customised staff jackets,https://www.coachingpromo.in/apparel-accessories/uniform-jackets,Existing,Category / subcategory page,Existing page — secondary keyword,Implemented — mapped to existing canonical page,https://www.coachingpromo.in/apparel-accessories/uniform-jackets,Low after consolidation,,Consolidated with teacher jackets; no separate page required.
corporate jackets with logo,Teacher Jackets / Staff Uniforms,Commercial,P1,teacher jackets,teacher jackets,corporate jackets with logo,https://www.coachingpromo.in/apparel-accessories/uniform-jackets,Existing,Category / subcategory page,Existing page — secondary keyword,Implemented — mapped to existing canonical page,https://www.coachingpromo.in/apparel-accessories/uniform-jackets,Low after consolidation,,Consolidated with teacher jackets; no separate page required.
branded jackets for staff,Teacher Jackets / Staff Uniforms,Commercial,P1,teacher jackets,teacher jackets,branded jackets for staff,https://www.coachingpromo.in/apparel-accessories/uniform-jackets,Existing,Category / subcategory page,Existing page — secondary keyword,Implemented — mapped to existing canonical page,https://www.coachingpromo.in/apparel-accessories/uniform-jackets,Low after consolidation,,Consolidated with teacher jackets; no separate page required.
staff winter uniforms,Teacher Jackets / Staff Uniforms,Commercial,P1,teacher jackets,teacher jackets,staff winter uniforms,https://www.coachingpromo.in/apparel-accessories/uniform-jackets,Existing,Category / subcategory page,Existing page — secondary keyword,Implemented — mapped to existing canonical page,https://www.coachingpromo.in/apparel-accessories/uniform-jackets,Low after consolidation,,Consolidated with teacher jackets; no separate page required.
custom Nehru jackets,Teacher Jackets / Staff Uniforms,Commercial,P1,teacher jackets,teacher jackets,custom Nehru jackets,https://www.coachingpromo.in/apparel-accessories/uniform-jackets,Existing,Category / subcategory page,Existing page — secondary keyword,Implemented — mapped to existing canonical page,https://www.coachingpromo.in/apparel-accessories/uniform-jackets,Low after consolidation,,Consolidated with teacher jackets; no separate page required.
Nehru jackets with logo,Teacher Jackets / Staff Uniforms,Commercial,P1,teacher jackets,teacher jackets,Nehru jackets with logo,https://www.coachingpromo.in/apparel-accessories/uniform-jackets,Existing,Category / subcategory page,Existing page — secondary keyword,Implemented — mapped to existing canonical page,https://www.coachingpromo.in/apparel-accessories/uniform-jackets,Low after consolidation,,Consolidated with teacher jackets; no separate page required.
staff Nehru jackets,Teacher Jackets / Staff Uniforms,Commercial,P1,teacher jackets,teacher jackets,staff Nehru jackets,https://www.coachingpromo.in/apparel-accessories/uniform-jackets,Existing,Category / subcategory page,Existing page — secondary keyword,Implemented — mapped to existing canonical page,https://www.coachingpromo.in/apparel-accessories/uniform-jackets,Low after consolidation,,Consolidated with teacher jackets; no separate page required.
institute Nehru jackets,Teacher Jackets / Staff Uniforms,Commercial,P1,teacher jackets,teacher jackets,institute Nehru jackets,https://www.coachingpromo.in/apparel-accessories/uniform-jackets,Existing,Category / subcategory page,Existing page — secondary keyword,Implemented — mapped to existing canonical page,https://www.coachingpromo.in/apparel-accessories/uniform-jackets,Low after consolidation,,Consolidated with teacher jackets; no separate page required.
custom bags India,Backpacks / Bags,Commercial,P1,custom bags,custom bags,custom bags India,https://www.coachingpromo.in/categories/bags,Existing,Category / subcategory page,Existing page — secondary keyword,Implemented — mapped to existing canonical page,https://www.coachingpromo.in/categories/bags,Low after consolidation,India,Consolidated with custom bags; no separate page required.
customized bags India,Backpacks / Bags,Commercial,P1,custom bags,custom bags,customized bags India,https://www.coachingpromo.in/categories/bags,Existing,Category / subcategory page,Existing page — secondary keyword,Implemented — mapped to existing canonical page,https://www.coachingpromo.in/categories/bags,Low after consolidation,India,Consolidated with custom bags; no separate page required.
promotional bags India,Backpacks / Bags,Commercial,P1,custom bags,custom bags,promotional bags India,https://www.coachingpromo.in/categories/bags,Existing,Category / subcategory page,Existing page — secondary keyword,Implemented — mapped to existing canonical page,https://www.coachingpromo.in/categories/bags,Low after consolidation,India,Consolidated with custom bags; no separate page required.
branded bags India,Backpacks / Bags,Commercial,P1,custom bags,custom bags,branded bags India,https://www.coachingpromo.in/categories/bags,Existing,Category / subcategory page,Existing page — secondary keyword,Implemented — mapped to existing canonical page,https://www.coachingpromo.in/categories/bags,Low after consolidation,India,Consolidated with custom bags; no separate page required.
bulk bags India,Backpacks / Bags,Commercial,P1,custom bags,custom bags,bulk bags India,https://www.coachingpromo.in/categories/bags,Existing,Category / subcategory page,Existing page — secondary keyword,Implemented — mapped to existing canonical page,https://www.coachingpromo.in/categories/bags,Low after consolidation,India,Consolidated with custom bags; no separate page required.
logo printed bags,Backpacks / Bags,Commercial,P1,custom bags,custom bags,logo printed bags,https://www.coachingpromo.in/categories/bags,Existing,Category / subcategory page,Existing page — secondary keyword,Implemented — mapped to existing canonical page,https://www.coachingpromo.in/categories/bags,Low after consolidation,,Consolidated with custom bags; no separate page required.
custom logo bags,Backpacks / Bags,Commercial,P1,custom bags,custom bags,custom logo bags,https://www.coachingpromo.in/categories/bags,Existing,Category / subcategory page,Existing page — secondary keyword,Implemented — mapped to existing canonical page,https://www.coachingpromo.in/categories/bags,Low after consolidation,,Consolidated with custom bags; no separate page required.
institute bags,Backpacks / Bags,Commercial,P1,custom bags,custom bags,institute bags,https://www.coachingpromo.in/categories/bags,Existing,Category / subcategory page,Existing page — secondary keyword,Implemented — mapped to existing canonical page,https://www.coachingpromo.in/categories/bags,Low after consolidation,,Consolidated with custom bags; no separate page required.
custom backpacks for coaching institutes,Backpacks / Bags,Commercial,P1,custom backpacks India,custom backpacks India,custom backpacks for coaching institutes,https://www.coachingpromo.in/bags/institute-backpacks,Existing,Category / subcategory page,Existing page — secondary keyword,Implemented — mapped to existing canonical page,https://www.coachingpromo.in/bags/institute-backpacks,Low after consolidation,,Consolidated with custom backpacks India; no separate page required.
customized backpacks India,Backpacks / Bags,Commercial,P1,custom backpacks India,custom backpacks India,customized backpacks India,https://www.coachingpromo.in/bags/institute-backpacks,Existing,Category / subcategory page,Existing page — secondary keyword,Implemented — mapped to existing canonical page,https://www.coachingpromo.in/bags/institute-backpacks,Low after consolidation,India,Consolidated with custom backpacks India; no separate page required.
school bags with logo,Backpacks / Bags,Commercial,P1,custom bags,custom bags,school bags with logo,https://www.coachingpromo.in/categories/bags,Existing,Category / subcategory page,Existing page — secondary keyword,Implemented — mapped to existing canonical page,https://www.coachingpromo.in/categories/bags,Low after consolidation,,Consolidated with custom bags; no separate page required.
school bags bulk order,Backpacks / Bags,Commercial,P1,custom bags,custom bags,school bags bulk order,https://www.coachingpromo.in/categories/bags,Existing,Category / subcategory page,Existing page — secondary keyword,Implemented — mapped to existing canonical page,https://www.coachingpromo.in/categories/bags,Low after consolidation,,Consolidated with custom bags; no separate page required.
college bags customized,Backpacks / Bags,Commercial,P1,custom bags,custom bags,college bags customized,https://www.coachingpromo.in/categories/bags,Existing,Category / subcategory page,Existing page — secondary keyword,Implemented — mapped to existing canonical page,https://www.coachingpromo.in/categories/bags,Low after consolidation,,Consolidated with custom bags; no separate page required.
university backpacks,Backpacks / Bags,Commercial,P1,custom backpacks India,custom backpacks India,university backpacks,https://www.coachingpromo.in/bags/institute-backpacks,Existing,Category / subcategory page,Existing page — secondary keyword,Implemented — mapped to existing canonical page,https://www.coachingpromo.in/bags/institute-backpacks,Low after consolidation,,Consolidated with custom backpacks India; no separate page required.
student backpacks with logo,Backpacks / Bags,Commercial,P1,custom backpacks India,custom backpacks India,student backpacks with logo,https://www.coachingpromo.in/bags/institute-backpacks,Existing,Category / subcategory page,Existing page — secondary keyword,Implemented — mapped to existing canonical page,https://www.coachingpromo.in/bags/institute-backpacks,Low after consolidation,,Consolidated with custom backpacks India; no separate page required.
promotional backpacks,Backpacks / Bags,Commercial,P1,custom backpacks India,custom backpacks India,promotional backpacks,https://www.coachingpromo.in/bags/institute-backpacks,Existing,Category / subcategory page,Existing page — secondary keyword,Implemented — mapped to existing canonical page,https://www.coachingpromo.in/bags/institute-backpacks,Low after consolidation,,Consolidated with custom backpacks India; no separate page required.
branded backpacks India,Backpacks / Bags,Commercial,P1,custom backpacks India,custom backpacks India,branded backpacks India,https://www.coachingpromo.in/bags/institute-backpacks,Existing,Category / subcategory page,Existing page — secondary keyword,Implemented — mapped to existing canonical page,https://www.coachingpromo.in/bags/institute-backpacks,Low after consolidation,India,Consolidated with custom backpacks India; no separate page required.
backpacks for students bulk,Backpacks / Bags,Commercial,P1,custom backpacks India,custom backpacks India,backpacks for students bulk,https://www.coachingpromo.in/bags/institute-backpacks,Existing,Category / subcategory page,Existing page — secondary keyword,Implemented — mapped to existing canonical page,https://www.coachingpromo.in/bags/institute-backpacks,Low after consolidation,,Consolidated with custom backpacks India; no separate page required.
student kit bags,Backpacks / Bags,Commercial,P1,student welcome kits,student welcome kits,student kit bags,https://www.coachingpromo.in/solutions/student-welcome-kits,New,Commercial solution page,New commercial landing page,Implemented — new authoritative page,https://www.coachingpromo.in/solutions/student-welcome-kits,Low after consolidation,,Consolidated with student welcome kits; no separate page required.
admission kit bags,Backpacks / Bags,Commercial,P1,student welcome kits,student welcome kits,admission kit bags,https://www.coachingpromo.in/solutions/student-welcome-kits,New,Commercial solution page,New commercial landing page,Implemented — new authoritative page,https://www.coachingpromo.in/solutions/student-welcome-kits,Low after consolidation,,Consolidated with student welcome kits; no separate page required.
orientation kit bags,Backpacks / Bags,Commercial,P1,student welcome kits,student welcome kits,orientation kit bags,https://www.coachingpromo.in/solutions/student-welcome-kits,New,Commercial solution page,New commercial landing page,Implemented — new authoritative page,https://www.coachingpromo.in/solutions/student-welcome-kits,Low after consolidation,,Consolidated with student welcome kits; no separate page required.
staff backpacks with logo,Backpacks / Bags,Commercial,P1,custom backpacks India,custom backpacks India,staff backpacks with logo,https://www.coachingpromo.in/bags/institute-backpacks,Existing,Category / subcategory page,Existing page — secondary keyword,Implemented — mapped to existing canonical page,https://www.coachingpromo.in/bags/institute-backpacks,Low after consolidation,,Consolidated with custom backpacks India; no separate page required.
laptop bags with logo,Backpacks / Bags,Commercial,P1,custom bags,custom bags,laptop bags with logo,https://www.coachingpromo.in/categories/bags,Existing,Category / subcategory page,Existing page — secondary keyword,Implemented — mapped to existing canonical page,https://www.coachingpromo.in/categories/bags,Low after consolidation,,Consolidated with custom bags; no separate page required.
messenger bags with logo,Backpacks / Bags,Commercial,P1,custom bags,custom bags,messenger bags with logo,https://www.coachingpromo.in/categories/bags,Existing,Category / subcategory page,Existing page — secondary keyword,Implemented — mapped to existing canonical page,https://www.coachingpromo.in/categories/bags,Low after consolidation,,Consolidated with custom bags; no separate page required.
customized messenger bags,Backpacks / Bags,Commercial,P1,custom bags,custom bags,customized messenger bags,https://www.coachingpromo.in/categories/bags,Existing,Category / subcategory page,Existing page — secondary keyword,Implemented — mapped to existing canonical page,https://www.coachingpromo.in/categories/bags,Low after consolidation,,Consolidated with custom bags; no separate page required.
institute messenger bags,Backpacks / Bags,Commercial,P1,custom bags,custom bags,institute messenger bags,https://www.coachingpromo.in/categories/bags,Existing,Category / subcategory page,Existing page — secondary keyword,Implemented — mapped to existing canonical page,https://www.coachingpromo.in/categories/bags,Low after consolidation,,Consolidated with custom bags; no separate page required.
custom tote bags India,Tote / Jute Bags,Commercial,P1,custom tote bags India,custom tote bags India,,https://www.coachingpromo.in/bags/tote-bag,Existing,Category / subcategory page,Existing page — primary keyword,Implemented — mapped to existing canonical page,https://www.coachingpromo.in/bags/tote-bag,Low after consolidation,India,Consolidated with custom tote bags India; no separate page required.
customized tote bags India,Tote / Jute Bags,Commercial,P1,custom tote bags India,custom tote bags India,customized tote bags India,https://www.coachingpromo.in/bags/tote-bag,Existing,Category / subcategory page,Existing page — secondary keyword,Implemented — mapped to existing canonical page,https://www.coachingpromo.in/bags/tote-bag,Low after consolidation,India,Consolidated with custom tote bags India; no separate page required.
printed tote bags India,Tote / Jute Bags,Commercial,P1,custom tote bags India,custom tote bags India,printed tote bags India,https://www.coachingpromo.in/bags/tote-bag,Existing,Category / subcategory page,Existing page — secondary keyword,Implemented — mapped to existing canonical page,https://www.coachingpromo.in/bags/tote-bag,Low after consolidation,India,Consolidated with custom tote bags India; no separate page required.
tote bags with logo,Tote / Jute Bags,Commercial,P1,custom tote bags India,custom tote bags India,tote bags with logo,https://www.coachingpromo.in/bags/tote-bag,Existing,Category / subcategory page,Existing page — secondary keyword,Implemented — mapped to existing canonical page,https://www.coachingpromo.in/bags/tote-bag,Low after consolidation,,Consolidated with custom tote bags India; no separate page required.
promotional tote bags,Tote / Jute Bags,Commercial,P1,custom tote bags India,custom tote bags India,promotional tote bags,https://www.coachingpromo.in/bags/tote-bag,Existing,Category / subcategory page,Existing page — secondary keyword,Implemented — mapped to existing canonical page,https://www.coachingpromo.in/bags/tote-bag,Low after consolidation,,Consolidated with custom tote bags India; no separate page required.
bulk tote bags India,Tote / Jute Bags,Commercial,P1,custom tote bags India,custom tote bags India,bulk tote bags India,https://www.coachingpromo.in/bags/tote-bag,Existing,Category / subcategory page,Existing page — secondary keyword,Implemented — mapped to existing canonical page,https://www.coachingpromo.in/bags/tote-bag,Low after consolidation,India,Consolidated with custom tote bags India; no separate page required.
institute tote bags,Tote / Jute Bags,Commercial,P1,custom tote bags India,custom tote bags India,institute tote bags,https://www.coachingpromo.in/bags/tote-bag,Existing,Category / subcategory page,Existing page — secondary keyword,Implemented — mapped to existing canonical page,https://www.coachingpromo.in/bags/tote-bag,Low after consolidation,,Consolidated with custom tote bags India; no separate page required.
coaching institute tote bags,Tote / Jute Bags,Commercial,P1,custom tote bags India,custom tote bags India,coaching institute tote bags,https://www.coachingpromo.in/bags/tote-bag,Existing,Category / subcategory page,Existing page — secondary keyword,Implemented — mapped to existing canonical page,https://www.coachingpromo.in/bags/tote-bag,Low after consolidation,,Consolidated with custom tote bags India; no separate page required.
college tote bags,Tote / Jute Bags,Commercial,P1,custom tote bags India,custom tote bags India,college tote bags,https://www.coachingpromo.in/bags/tote-bag,Existing,Category / subcategory page,Existing page — secondary keyword,Implemented — mapped to existing canonical page,https://www.coachingpromo.in/bags/tote-bag,Low after consolidation,,Consolidated with custom tote bags India; no separate page required.
school tote bags,Tote / Jute Bags,Commercial,P1,custom tote bags India,custom tote bags India,school tote bags,https://www.coachingpromo.in/bags/tote-bag,Existing,Category / subcategory page,Existing page — secondary keyword,Implemented — mapped to existing canonical page,https://www.coachingpromo.in/bags/tote-bag,Low after consolidation,,Consolidated with custom tote bags India; no separate page required.
student tote bags,Tote / Jute Bags,Commercial,P1,custom tote bags India,custom tote bags India,student tote bags,https://www.coachingpromo.in/bags/tote-bag,Existing,Category / subcategory page,Existing page — secondary keyword,Implemented — mapped to existing canonical page,https://www.coachingpromo.in/bags/tote-bag,Low after consolidation,,Consolidated with custom tote bags India; no separate page required.
canvas tote bags printed,Tote / Jute Bags,Commercial,P1,custom tote bags India,custom tote bags India,canvas tote bags printed,https://www.coachingpromo.in/bags/tote-bag,Existing,Category / subcategory page,Existing page — secondary keyword,Implemented — mapped to existing canonical page,https://www.coachingpromo.in/bags/tote-bag,Low after consolidation,,Consolidated with custom tote bags India; no separate page required.
cotton tote bags customized,Tote / Jute Bags,Commercial,P1,custom tote bags India,custom tote bags India,cotton tote bags customized,https://www.coachingpromo.in/bags/tote-bag,Existing,Category / subcategory page,Existing page — secondary keyword,Implemented — mapped to existing canonical page,https://www.coachingpromo.in/bags/tote-bag,Low after consolidation,,Consolidated with custom tote bags India; no separate page required.
jute bags India,Tote / Jute Bags,Commercial,P1,custom jute bags India,custom jute bags India,jute bags India,https://www.coachingpromo.in/bags/jute-bag,Existing,Category / subcategory page,Existing page — secondary keyword,Implemented — mapped to existing canonical page,https://www.coachingpromo.in/bags/jute-bag,Low after consolidation,India,Consolidated with custom jute bags India; no separate page required.
custom jute bags India,Tote / Jute Bags,Commercial,P1,custom jute bags India,custom jute bags India,,https://www.coachingpromo.in/bags/jute-bag,Existing,Category / subcategory page,Existing page — primary keyword,Implemented — mapped to existing canonical page,https://www.coachingpromo.in/bags/jute-bag,Low after consolidation,India,Consolidated with custom jute bags India; no separate page required.
customized jute bags with logo,Tote / Jute Bags,Commercial,P1,custom jute bags India,custom jute bags India,customized jute bags with logo,https://www.coachingpromo.in/bags/jute-bag,Existing,Category / subcategory page,Existing page — secondary keyword,Implemented — mapped to existing canonical page,https://www.coachingpromo.in/bags/jute-bag,Low after consolidation,,Consolidated with custom jute bags India; no separate page required.
promotional jute bags India,Tote / Jute Bags,Commercial,P1,custom jute bags India,custom jute bags India,promotional jute bags India,https://www.coachingpromo.in/bags/jute-bag,Existing,Category / subcategory page,Existing page — secondary keyword,Implemented — mapped to existing canonical page,https://www.coachingpromo.in/bags/jute-bag,Low after consolidation,India,Consolidated with custom jute bags India; no separate page required.
bulk jute bags India,Tote / Jute Bags,Commercial,P1,custom jute bags India,custom jute bags India,bulk jute bags India,https://www.coachingpromo.in/bags/jute-bag,Existing,Category / subcategory page,Existing page — secondary keyword,Implemented — mapped to existing canonical page,https://www.coachingpromo.in/bags/jute-bag,Low after consolidation,India,Consolidated with custom jute bags India; no separate page required.
eco friendly promotional bags,Tote / Jute Bags,Commercial,P1,custom bags,custom bags,eco friendly promotional bags,https://www.coachingpromo.in/categories/bags,Existing,Category / subcategory page,Existing page — secondary keyword,Implemented — mapped to existing canonical page,https://www.coachingpromo.in/categories/bags,Low after consolidation,,Consolidated with custom bags; no separate page required.
eco friendly bags with logo,Tote / Jute Bags,Commercial,P1,custom bags,custom bags,eco friendly bags with logo,https://www.coachingpromo.in/categories/bags,Existing,Category / subcategory page,Existing page — secondary keyword,Implemented — mapped to existing canonical page,https://www.coachingpromo.in/categories/bags,Low after consolidation,,Consolidated with custom bags; no separate page required.
sustainable promotional bags India,Tote / Jute Bags,Commercial,P1,custom bags,custom bags,sustainable promotional bags India,https://www.coachingpromo.in/categories/bags,Existing,Category / subcategory page,Existing page — secondary keyword,Implemented — mapped to existing canonical page,https://www.coachingpromo.in/categories/bags,Low after consolidation,India,Consolidated with custom bags; no separate page required.
custom notebooks India,Notebooks,Commercial,P0,custom notebooks India,custom notebooks India,,https://www.coachingpromo.in/stationery/notebook,Existing,Category / subcategory page,Existing page — primary keyword,Implemented — mapped to existing canonical page,https://www.coachingpromo.in/stationery/notebook,Low after consolidation,India,Consolidated with custom notebooks India; no separate page required.
customized notebooks India,Notebooks,Commercial,P0,custom notebooks India,custom notebooks India,customized notebooks India,https://www.coachingpromo.in/stationery/notebook,Existing,Category / subcategory page,Existing page — secondary keyword,Implemented — mapped to existing canonical page,https://www.coachingpromo.in/stationery/notebook,Low after consolidation,India,Consolidated with custom notebooks India; no separate page required.
personalised notebooks India,Notebooks,Commercial,P0,custom notebooks India,custom notebooks India,personalised notebooks India,https://www.coachingpromo.in/stationery/notebook,Existing,Category / subcategory page,Existing page — secondary keyword,Implemented — mapped to existing canonical page,https://www.coachingpromo.in/stationery/notebook,Low after consolidation,India,Consolidated with custom notebooks India; no separate page required.
printed notebooks India,Notebooks,Commercial,P0,custom notebooks India,custom notebooks India,printed notebooks India,https://www.coachingpromo.in/stationery/notebook,Existing,Category / subcategory page,Existing page — secondary keyword,Implemented — mapped to existing canonical page,https://www.coachingpromo.in/stationery/notebook,Low after consolidation,India,Consolidated with custom notebooks India; no separate page required.
notebooks with logo India,Notebooks,Commercial,P0,custom notebooks India,custom notebooks India,notebooks with logo India,https://www.coachingpromo.in/stationery/notebook,Existing,Category / subcategory page,Existing page — secondary keyword,Implemented — mapped to existing canonical page,https://www.coachingpromo.in/stationery/notebook,Low after consolidation,India,Consolidated with custom notebooks India; no separate page required.
branded notebooks India,Notebooks,Commercial,P0,custom notebooks India,custom notebooks India,branded notebooks India,https://www.coachingpromo.in/stationery/notebook,Existing,Category / subcategory page,Existing page — secondary keyword,Implemented — mapped to existing canonical page,https://www.coachingpromo.in/stationery/notebook,Low after consolidation,India,Consolidated with custom notebooks India; no separate page required.
promotional notebooks India,Notebooks,Commercial,P0,custom notebooks India,custom notebooks India,promotional notebooks India,https://www.coachingpromo.in/stationery/notebook,Existing,Category / subcategory page,Existing page — secondary keyword,Implemented — mapped to existing canonical page,https://www.coachingpromo.in/stationery/notebook,Low after consolidation,India,Consolidated with custom notebooks India; no separate page required.
corporate notebooks India,Notebooks,Commercial,P0,custom notebooks India,custom notebooks India,corporate notebooks India,https://www.coachingpromo.in/stationery/notebook,Existing,Category / subcategory page,Existing page — secondary keyword,Implemented — mapped to existing canonical page,https://www.coachingpromo.in/stationery/notebook,Low after consolidation,India,Consolidated with custom notebooks India; no separate page required.
custom notebook printing,Notebooks,Commercial,P0,custom notebooks India,custom notebooks India,custom notebook printing,https://www.coachingpromo.in/stationery/notebook,Existing,Category / subcategory page,Existing page — secondary keyword,Implemented — mapped to existing canonical page,https://www.coachingpromo.in/stationery/notebook,Low after consolidation,,Consolidated with custom notebooks India; no separate page required.
bulk notebook printing India,Notebooks,Commercial,P0,custom notebooks India,custom notebooks India,bulk notebook printing India,https://www.coachingpromo.in/stationery/notebook,Existing,Category / subcategory page,Existing page — secondary keyword,Implemented — mapped to existing canonical page,https://www.coachingpromo.in/stationery/notebook,Low after consolidation,India,Consolidated with custom notebooks India; no separate page required.
custom notebooks bulk,Notebooks,Commercial,P0,custom notebooks India,custom notebooks India,custom notebooks bulk,https://www.coachingpromo.in/stationery/notebook,Existing,Category / subcategory page,Existing page — secondary keyword,Implemented — mapped to existing canonical page,https://www.coachingpromo.in/stationery/notebook,Low after consolidation,,Consolidated with custom notebooks India; no separate page required.
notebook manufacturer India,Notebooks,Commercial,P0,custom notebooks India,custom notebooks India,notebook manufacturer India,https://www.coachingpromo.in/stationery/notebook,Existing,Category / subcategory page,Existing page — secondary keyword,Implemented — mapped to existing canonical page,https://www.coachingpromo.in/stationery/notebook,Low after consolidation,India,Consolidated with custom notebooks India; no separate page required.
customized notebook manufacturer,Notebooks,Commercial,P0,custom notebooks India,custom notebooks India,customized notebook manufacturer,https://www.coachingpromo.in/stationery/notebook,Existing,Category / subcategory page,Existing page — secondary keyword,Implemented — mapped to existing canonical page,https://www.coachingpromo.in/stationery/notebook,Low after consolidation,,Consolidated with custom notebooks India; no separate page required.
customized notebook supplier,Notebooks,Commercial,P0,custom notebooks India,custom notebooks India,customized notebook supplier,https://www.coachingpromo.in/stationery/notebook,Existing,Category / subcategory page,Existing page — secondary keyword,Implemented — mapped to existing canonical page,https://www.coachingpromo.in/stationery/notebook,Low after consolidation,,Consolidated with custom notebooks India; no separate page required.
promotional notebook supplier,Notebooks,Commercial,P0,custom notebooks India,custom notebooks India,promotional notebook supplier,https://www.coachingpromo.in/stationery/notebook,Existing,Category / subcategory page,Existing page — secondary keyword,Implemented — mapped to existing canonical page,https://www.coachingpromo.in/stationery/notebook,Low after consolidation,,Consolidated with custom notebooks India; no separate page required.
custom logo notebooks,Notebooks,Commercial,P0,custom notebooks India,custom notebooks India,custom logo notebooks,https://www.coachingpromo.in/stationery/notebook,Existing,Category / subcategory page,Existing page — secondary keyword,Implemented — mapped to existing canonical page,https://www.coachingpromo.in/stationery/notebook,Low after consolidation,,Consolidated with custom notebooks India; no separate page required.
custom notebooks for students,Notebooks,Commercial,P0,custom notebooks India,custom notebooks India,custom notebooks for students,https://www.coachingpromo.in/stationery/notebook,Existing,Category / subcategory page,Existing page — secondary keyword,Implemented — mapped to existing canonical page,https://www.coachingpromo.in/stationery/notebook,Low after consolidation,,Consolidated with custom notebooks India; no separate page required.
custom notebooks for coaching institutes,Notebooks,Commercial,P0,custom notebooks India,custom notebooks India,custom notebooks for coaching institutes,https://www.coachingpromo.in/stationery/notebook,Existing,Category / subcategory page,Existing page — secondary keyword,Implemented — mapped to existing canonical page,https://www.coachingpromo.in/stationery/notebook,Low after consolidation,,Consolidated with custom notebooks India; no separate page required.
institute notebooks,Notebooks,Commercial,P0,custom notebooks India,custom notebooks India,institute notebooks,https://www.coachingpromo.in/stationery/notebook,Existing,Category / subcategory page,Existing page — secondary keyword,Implemented — mapped to existing canonical page,https://www.coachingpromo.in/stationery/notebook,Low after consolidation,,Consolidated with custom notebooks India; no separate page required.
school notebooks customized,Notebooks,Commercial,P0,custom notebooks India,custom notebooks India,school notebooks customized,https://www.coachingpromo.in/stationery/notebook,Existing,Category / subcategory page,Existing page — secondary keyword,Implemented — mapped to existing canonical page,https://www.coachingpromo.in/stationery/notebook,Low after consolidation,,Consolidated with custom notebooks India; no separate page required.
college notebooks customized,Notebooks,Commercial,P0,custom notebooks India,custom notebooks India,college notebooks customized,https://www.coachingpromo.in/stationery/notebook,Existing,Category / subcategory page,Existing page — secondary keyword,Implemented — mapped to existing canonical page,https://www.coachingpromo.in/stationery/notebook,Low after consolidation,,Consolidated with custom notebooks India; no separate page required.
university notebooks,Notebooks,Commercial,P0,custom notebooks India,custom notebooks India,university notebooks,https://www.coachingpromo.in/stationery/notebook,Existing,Category / subcategory page,Existing page — secondary keyword,Implemented — mapped to existing canonical page,https://www.coachingpromo.in/stationery/notebook,Low after consolidation,,Consolidated with custom notebooks India; no separate page required.
student notebooks with institute logo,Notebooks,Commercial,P0,custom notebooks India,custom notebooks India,student notebooks with institute logo,https://www.coachingpromo.in/stationery/notebook,Existing,Category / subcategory page,Existing page — secondary keyword,Implemented — mapped to existing canonical page,https://www.coachingpromo.in/stationery/notebook,Low after consolidation,,Consolidated with custom notebooks India; no separate page required.
admission notebooks,Notebooks,Commercial,P0,custom notebooks India,custom notebooks India,admission notebooks,https://www.coachingpromo.in/stationery/notebook,Existing,Category / subcategory page,Existing page — secondary keyword,Implemented — mapped to existing canonical page,https://www.coachingpromo.in/stationery/notebook,Low after consolidation,,Consolidated with custom notebooks India; no separate page required.
seminar notebooks,Notebooks,Commercial,P0,custom notebooks India,custom notebooks India,seminar notebooks,https://www.coachingpromo.in/stationery/notebook,Existing,Category / subcategory page,Existing page — secondary keyword,Implemented — mapped to existing canonical page,https://www.coachingpromo.in/stationery/notebook,Low after consolidation,,Consolidated with custom notebooks India; no separate page required.
event notebooks,Notebooks,Commercial,P0,custom notebooks India,custom notebooks India,event notebooks,https://www.coachingpromo.in/stationery/notebook,Existing,Category / subcategory page,Existing page — secondary keyword,Implemented — mapped to existing canonical page,https://www.coachingpromo.in/stationery/notebook,Low after consolidation,,Consolidated with custom notebooks India; no separate page required.
workshop notebooks,Notebooks,Commercial,P0,custom notebooks India,custom notebooks India,workshop notebooks,https://www.coachingpromo.in/stationery/notebook,Existing,Category / subcategory page,Existing page — secondary keyword,Implemented — mapped to existing canonical page,https://www.coachingpromo.in/stationery/notebook,Low after consolidation,,Consolidated with custom notebooks India; no separate page required.
training notebooks,Notebooks,Commercial,P0,custom notebooks India,custom notebooks India,training notebooks,https://www.coachingpromo.in/stationery/notebook,Existing,Category / subcategory page,Existing page — secondary keyword,Implemented — mapped to existing canonical page,https://www.coachingpromo.in/stationery/notebook,Low after consolidation,,Consolidated with custom notebooks India; no separate page required.
branded notebooks for institutes,Notebooks,Commercial,P0,custom notebooks India,custom notebooks India,branded notebooks for institutes,https://www.coachingpromo.in/stationery/notebook,Existing,Category / subcategory page,Existing page — secondary keyword,Implemented — mapped to existing canonical page,https://www.coachingpromo.in/stationery/notebook,Low after consolidation,,Consolidated with custom notebooks India; no separate page required.
custom study notebooks,Notebooks,Commercial,P0,custom notebooks India,custom notebooks India,custom study notebooks,https://www.coachingpromo.in/stationery/notebook,Existing,Category / subcategory page,Existing page — secondary keyword,Implemented — mapped to existing canonical page,https://www.coachingpromo.in/stationery/notebook,Low after consolidation,,Consolidated with custom notebooks India; no separate page required.
custom exercise books,Notebooks,Commercial,P0,custom notebooks India,custom notebooks India,custom exercise books,https://www.coachingpromo.in/stationery/notebook,Existing,Category / subcategory page,Existing page — secondary keyword,Implemented — mapped to existing canonical page,https://www.coachingpromo.in/stationery/notebook,Low after consolidation,,Consolidated with custom notebooks India; no separate page required.
student workbook printing,Notebooks,Commercial,P0,custom notebooks India,custom notebooks India,student workbook printing,https://www.coachingpromo.in/stationery/notebook,Existing,Category / subcategory page,Existing page — secondary keyword,Implemented — mapped to existing canonical page,https://www.coachingpromo.in/stationery/notebook,Low after consolidation,,Consolidated with custom notebooks India; no separate page required.
customized workbook printing,Notebooks,Commercial,P0,custom notebooks India,custom notebooks India,customized workbook printing,https://www.coachingpromo.in/stationery/notebook,Existing,Category / subcategory page,Existing page — secondary keyword,Implemented — mapped to existing canonical page,https://www.coachingpromo.in/stationery/notebook,Low after consolidation,,Consolidated with custom notebooks India; no separate page required.
custom notepads India,Notepads,Commercial,P1,custom notepads India,custom notepads India,,https://www.coachingpromo.in/stationery/notepad,Existing,Category / subcategory page,Existing page — primary keyword,Implemented — mapped to existing canonical page,https://www.coachingpromo.in/stationery/notepad,Low after consolidation,India,Consolidated with custom notepads India; no separate page required.
customized notepads India,Notepads,Commercial,P1,custom notepads India,custom notepads India,customized notepads India,https://www.coachingpromo.in/stationery/notepad,Existing,Category / subcategory page,Existing page — secondary keyword,Implemented — mapped to existing canonical page,https://www.coachingpromo.in/stationery/notepad,Low after consolidation,India,Consolidated with custom notepads India; no separate page required.
printed notepads India,Notepads,Commercial,P1,custom notepads India,custom notepads India,printed notepads India,https://www.coachingpromo.in/stationery/notepad,Existing,Category / subcategory page,Existing page — secondary keyword,Implemented — mapped to existing canonical page,https://www.coachingpromo.in/stationery/notepad,Low after consolidation,India,Consolidated with custom notepads India; no separate page required.
personalized notepads India,Notepads,Commercial,P1,custom notepads India,custom notepads India,personalized notepads India,https://www.coachingpromo.in/stationery/notepad,Existing,Category / subcategory page,Existing page — secondary keyword,Implemented — mapped to existing canonical page,https://www.coachingpromo.in/stationery/notepad,Low after consolidation,India,Consolidated with custom notepads India; no separate page required.
branded notepads India,Notepads,Commercial,P1,custom notepads India,custom notepads India,branded notepads India,https://www.coachingpromo.in/stationery/notepad,Existing,Category / subcategory page,Existing page — secondary keyword,Implemented — mapped to existing canonical page,https://www.coachingpromo.in/stationery/notepad,Low after consolidation,India,Consolidated with custom notepads India; no separate page required.
promotional notepads India,Notepads,Commercial,P1,custom notepads India,custom notepads India,promotional notepads India,https://www.coachingpromo.in/stationery/notepad,Existing,Category / subcategory page,Existing page — secondary keyword,Implemented — mapped to existing canonical page,https://www.coachingpromo.in/stationery/notepad,Low after consolidation,India,Consolidated with custom notepads India; no separate page required.
notepad printing India,Notepads,Commercial,P1,custom notepads India,custom notepads India,notepad printing India,https://www.coachingpromo.in/stationery/notepad,Existing,Category / subcategory page,Existing page — secondary keyword,Implemented — mapped to existing canonical page,https://www.coachingpromo.in/stationery/notepad,Low after consolidation,India,Consolidated with custom notepads India; no separate page required.
bulk notepad printing,Notepads,Commercial,P1,custom notepads India,custom notepads India,bulk notepad printing,https://www.coachingpromo.in/stationery/notepad,Existing,Category / subcategory page,Existing page — secondary keyword,Implemented — mapped to existing canonical page,https://www.coachingpromo.in/stationery/notepad,Low after consolidation,,Consolidated with custom notepads India; no separate page required.
custom logo notepads,Notepads,Commercial,P1,custom notepads India,custom notepads India,custom logo notepads,https://www.coachingpromo.in/stationery/notepad,Existing,Category / subcategory page,Existing page — secondary keyword,Implemented — mapped to existing canonical page,https://www.coachingpromo.in/stationery/notepad,Low after consolidation,,Consolidated with custom notepads India; no separate page required.
company logo notepads,Notepads,Commercial,P1,custom notepads India,custom notepads India,company logo notepads,https://www.coachingpromo.in/stationery/notepad,Existing,Category / subcategory page,Existing page — secondary keyword,Implemented — mapped to existing canonical page,https://www.coachingpromo.in/stationery/notepad,Low after consolidation,,Consolidated with custom notepads India; no separate page required.
coaching institute notepad,Notepads,Commercial,P1,custom notepads India,custom notepads India,coaching institute notepad,https://www.coachingpromo.in/stationery/notepad,Existing,Category / subcategory page,Existing page — secondary keyword,Implemented — mapped to existing canonical page,https://www.coachingpromo.in/stationery/notepad,Low after consolidation,,Consolidated with custom notepads India; no separate page required.
college notepads,Notepads,Commercial,P1,custom notepads India,custom notepads India,college notepads,https://www.coachingpromo.in/stationery/notepad,Existing,Category / subcategory page,Existing page — secondary keyword,Implemented — mapped to existing canonical page,https://www.coachingpromo.in/stationery/notepad,Low after consolidation,,Consolidated with custom notepads India; no separate page required.
school notepads,Notepads,Commercial,P1,custom notepads India,custom notepads India,school notepads,https://www.coachingpromo.in/stationery/notepad,Existing,Category / subcategory page,Existing page — secondary keyword,Implemented — mapped to existing canonical page,https://www.coachingpromo.in/stationery/notepad,Low after consolidation,,Consolidated with custom notepads India; no separate page required.
student notepads,Notepads,Commercial,P1,custom notepads India,custom notepads India,student notepads,https://www.coachingpromo.in/stationery/notepad,Existing,Category / subcategory page,Existing page — secondary keyword,Implemented — mapped to existing canonical page,https://www.coachingpromo.in/stationery/notepad,Low after consolidation,,Consolidated with custom notepads India; no separate page required.
custom writing pads,Notepads,Commercial,P1,custom notepads India,custom notepads India,custom writing pads,https://www.coachingpromo.in/stationery/notepad,Existing,Category / subcategory page,Existing page — secondary keyword,Implemented — mapped to existing canonical page,https://www.coachingpromo.in/stationery/notepad,Low after consolidation,,Consolidated with custom notepads India; no separate page required.
promotional writing pads,Notepads,Commercial,P1,custom notepads India,custom notepads India,promotional writing pads,https://www.coachingpromo.in/stationery/notepad,Existing,Category / subcategory page,Existing page — secondary keyword,Implemented — mapped to existing canonical page,https://www.coachingpromo.in/stationery/notepad,Low after consolidation,,Consolidated with custom notepads India; no separate page required.
customized diaries India,Diaries,Commercial,P1,customized diaries India,customized diaries India,,https://www.coachingpromo.in/promotional-items/diary-set,Existing,Category / subcategory page,Existing page — primary keyword,Implemented — mapped to existing canonical page,https://www.coachingpromo.in/promotional-items/diary-set,Low after consolidation,India,Consolidated with customized diaries India; no separate page required.
custom diaries India,Diaries,Commercial,P1,customized diaries India,customized diaries India,custom diaries India,https://www.coachingpromo.in/promotional-items/diary-set,Existing,Category / subcategory page,Existing page — secondary keyword,Implemented — mapped to existing canonical page,https://www.coachingpromo.in/promotional-items/diary-set,Low after consolidation,India,Consolidated with customized diaries India; no separate page required.
branded diaries India,Diaries,Commercial,P1,customized diaries India,customized diaries India,branded diaries India,https://www.coachingpromo.in/promotional-items/diary-set,Existing,Category / subcategory page,Existing page — secondary keyword,Implemented — mapped to existing canonical page,https://www.coachingpromo.in/promotional-items/diary-set,Low after consolidation,India,Consolidated with customized diaries India; no separate page required.
corporate diaries India,Diaries,Commercial,P1,customized diaries India,customized diaries India,corporate diaries India,https://www.coachingpromo.in/promotional-items/diary-set,Existing,Category / subcategory page,Existing page — secondary keyword,Implemented — mapped to existing canonical page,https://www.coachingpromo.in/promotional-items/diary-set,Low after consolidation,India,Consolidated with customized diaries India; no separate page required.
promotional diaries India,Diaries,Commercial,P1,customized diaries India,customized diaries India,promotional diaries India,https://www.coachingpromo.in/promotional-items/diary-set,Existing,Category / subcategory page,Existing page — secondary keyword,Implemented — mapped to existing canonical page,https://www.coachingpromo.in/promotional-items/diary-set,Low after consolidation,India,Consolidated with customized diaries India; no separate page required.
diary printing India,Diaries,Commercial,P1,customized diaries India,customized diaries India,diary printing India,https://www.coachingpromo.in/promotional-items/diary-set,Existing,Category / subcategory page,Existing page — secondary keyword,Implemented — mapped to existing canonical page,https://www.coachingpromo.in/promotional-items/diary-set,Low after consolidation,India,Consolidated with customized diaries India; no separate page required.
customized diary with logo,Diaries,Commercial,P1,customized diaries India,customized diaries India,customized diary with logo,https://www.coachingpromo.in/promotional-items/diary-set,Existing,Category / subcategory page,Existing page — secondary keyword,Implemented — mapped to existing canonical page,https://www.coachingpromo.in/promotional-items/diary-set,Low after consolidation,,Consolidated with customized diaries India; no separate page required.
diary with company logo,Diaries,Commercial,P1,customized diaries India,customized diaries India,diary with company logo,https://www.coachingpromo.in/promotional-items/diary-set,Existing,Category / subcategory page,Existing page — secondary keyword,Implemented — mapped to existing canonical page,https://www.coachingpromo.in/promotional-items/diary-set,Low after consolidation,,Consolidated with customized diaries India; no separate page required.
logo printed diaries,Diaries,Commercial,P1,customized diaries India,customized diaries India,logo printed diaries,https://www.coachingpromo.in/promotional-items/diary-set,Existing,Category / subcategory page,Existing page — secondary keyword,Implemented — mapped to existing canonical page,https://www.coachingpromo.in/promotional-items/diary-set,Low after consolidation,,Consolidated with customized diaries India; no separate page required.
bulk diaries India,Diaries,Commercial,P1,customized diaries India,customized diaries India,bulk diaries India,https://www.coachingpromo.in/promotional-items/diary-set,Existing,Category / subcategory page,Existing page — secondary keyword,Implemented — mapped to existing canonical page,https://www.coachingpromo.in/promotional-items/diary-set,Low after consolidation,India,Consolidated with customized diaries India; no separate page required.
corporate diary supplier India,Diaries,Commercial,P1,customized diaries India,customized diaries India,corporate diary supplier India,https://www.coachingpromo.in/promotional-items/diary-set,Existing,Category / subcategory page,Existing page — secondary keyword,Implemented — mapped to existing canonical page,https://www.coachingpromo.in/promotional-items/diary-set,Low after consolidation,India,Consolidated with customized diaries India; no separate page required.
corporate diary manufacturer India,Diaries,Commercial,P1,customized diaries India,customized diaries India,corporate diary manufacturer India,https://www.coachingpromo.in/promotional-items/diary-set,Existing,Category / subcategory page,Existing page — secondary keyword,Implemented — mapped to existing canonical page,https://www.coachingpromo.in/promotional-items/diary-set,Low after consolidation,India,Consolidated with customized diaries India; no separate page required.
diary manufacturer Delhi,Diaries,Commercial,P1,customized diaries India,customized diaries India,diary manufacturer Delhi,https://www.coachingpromo.in/promotional-items/diary-set,Existing,Category / subcategory page,Existing page — secondary keyword,Implemented — mapped to existing canonical page,https://www.coachingpromo.in/promotional-items/diary-set,Low after consolidation,Delhi,Consolidated with customized diaries India; no separate page required.
custom diaries Delhi,Diaries,Commercial,P1,customized diaries India,customized diaries India,custom diaries Delhi,https://www.coachingpromo.in/promotional-items/diary-set,Existing,Category / subcategory page,Existing page — secondary keyword,Implemented — mapped to existing canonical page,https://www.coachingpromo.in/promotional-items/diary-set,Low after consolidation,Delhi,Consolidated with customized diaries India; no separate page required.
diary supplier Delhi NCR,Diaries,Commercial,P1,customized diaries India,customized diaries India,diary supplier Delhi NCR,https://www.coachingpromo.in/promotional-items/diary-set,Existing,Category / subcategory page,Existing page — secondary keyword,Implemented — mapped to existing canonical page,https://www.coachingpromo.in/promotional-items/diary-set,Low after consolidation,Delhi NCR,Consolidated with customized diaries India; no separate page required.
New Year diaries,Diaries,Commercial,P1,customized diaries India,customized diaries India,New Year diaries,https://www.coachingpromo.in/promotional-items/diary-set,Existing,Category / subcategory page,Existing page — secondary keyword,Implemented — mapped to existing canonical page,https://www.coachingpromo.in/promotional-items/diary-set,Low after consolidation,,Consolidated with customized diaries India; no separate page required.
customized New Year diaries,Diaries,Commercial,P1,customized diaries India,customized diaries India,customized New Year diaries,https://www.coachingpromo.in/promotional-items/diary-set,Existing,Category / subcategory page,Existing page — secondary keyword,Implemented — mapped to existing canonical page,https://www.coachingpromo.in/promotional-items/diary-set,Low after consolidation,,Consolidated with customized diaries India; no separate page required.
corporate New Year diary,Diaries,Commercial,P1,customized diaries India,customized diaries India,corporate New Year diary,https://www.coachingpromo.in/promotional-items/diary-set,Existing,Category / subcategory page,Existing page — secondary keyword,Implemented — mapped to existing canonical page,https://www.coachingpromo.in/promotional-items/diary-set,Low after consolidation,,Consolidated with customized diaries India; no separate page required.
diary gift set,Diaries,Commercial,P1,customized diaries India,customized diaries India,diary gift set,https://www.coachingpromo.in/promotional-items/diary-set,Existing,Category / subcategory page,Existing page — secondary keyword,Implemented — mapped to existing canonical page,https://www.coachingpromo.in/promotional-items/diary-set,Low after consolidation,,Consolidated with customized diaries India; no separate page required.
customized diary set,Diaries,Commercial,P1,customized diaries India,customized diaries India,customized diary set,https://www.coachingpromo.in/promotional-items/diary-set,Existing,Category / subcategory page,Existing page — secondary keyword,Implemented — mapped to existing canonical page,https://www.coachingpromo.in/promotional-items/diary-set,Low after consolidation,,Consolidated with customized diaries India; no separate page required.
diary pen gift set,Diaries,Commercial,P1,customized diaries India,customized diaries India,diary pen gift set,https://www.coachingpromo.in/promotional-items/diary-set,Existing,Category / subcategory page,Existing page — secondary keyword,Implemented — mapped to existing canonical page,https://www.coachingpromo.in/promotional-items/diary-set,Low after consolidation,,Consolidated with customized diaries India; no separate page required.
diary and pen set with logo,Diaries,Commercial,P1,customized diaries India,customized diaries India,diary and pen set with logo,https://www.coachingpromo.in/promotional-items/diary-set,Existing,Category / subcategory page,Existing page — secondary keyword,Implemented — mapped to existing canonical page,https://www.coachingpromo.in/promotional-items/diary-set,Low after consolidation,,Consolidated with customized diaries India; no separate page required.
institute branded diaries,Diaries,Commercial,P1,customized diaries India,customized diaries India,institute branded diaries,https://www.coachingpromo.in/promotional-items/diary-set,Existing,Category / subcategory page,Existing page — secondary keyword,Implemented — mapped to existing canonical page,https://www.coachingpromo.in/promotional-items/diary-set,Low after consolidation,,Consolidated with customized diaries India; no separate page required.
school diaries customized,Diaries,Commercial,P1,customized diaries India,customized diaries India,school diaries customized,https://www.coachingpromo.in/promotional-items/diary-set,Existing,Category / subcategory page,Existing page — secondary keyword,Implemented — mapped to existing canonical page,https://www.coachingpromo.in/promotional-items/diary-set,Low after consolidation,,Consolidated with customized diaries India; no separate page required.
college diaries customized,Diaries,Commercial,P1,customized diaries India,customized diaries India,college diaries customized,https://www.coachingpromo.in/promotional-items/diary-set,Existing,Category / subcategory page,Existing page — secondary keyword,Implemented — mapped to existing canonical page,https://www.coachingpromo.in/promotional-items/diary-set,Low after consolidation,,Consolidated with customized diaries India; no separate page required.
student diaries,Diaries,Commercial,P1,customized diaries India,customized diaries India,student diaries,https://www.coachingpromo.in/promotional-items/diary-set,Existing,Category / subcategory page,Existing page — secondary keyword,Implemented — mapped to existing canonical page,https://www.coachingpromo.in/promotional-items/diary-set,Low after consolidation,,Consolidated with customized diaries India; no separate page required.
teacher diaries,Diaries,Commercial,P1,customized diaries India,customized diaries India,teacher diaries,https://www.coachingpromo.in/promotional-items/diary-set,Existing,Category / subcategory page,Existing page — secondary keyword,Implemented — mapped to existing canonical page,https://www.coachingpromo.in/promotional-items/diary-set,Low after consolidation,,Consolidated with customized diaries India; no separate page required.
faculty diaries,Diaries,Commercial,P1,customized diaries India,customized diaries India,faculty diaries,https://www.coachingpromo.in/promotional-items/diary-set,Existing,Category / subcategory page,Existing page — secondary keyword,Implemented — mapped to existing canonical page,https://www.coachingpromo.in/promotional-items/diary-set,Low after consolidation,,Consolidated with customized diaries India; no separate page required.
customized planners India,Planners,Commercial,P1,customized planners India,customized planners India,,https://www.coachingpromo.in/promotional-items/planner,Existing,Category / subcategory page,Existing page — primary keyword,Implemented — mapped to existing canonical page,https://www.coachingpromo.in/promotional-items/planner,Low after consolidation,India,Consolidated with customized planners India; no separate page required.
custom planners India,Planners,Commercial,P1,customized planners India,customized planners India,custom planners India,https://www.coachingpromo.in/promotional-items/planner,Existing,Category / subcategory page,Existing page — secondary keyword,Implemented — mapped to existing canonical page,https://www.coachingpromo.in/promotional-items/planner,Low after consolidation,India,Consolidated with customized planners India; no separate page required.
corporate planners India,Planners,Commercial,P1,customized planners India,customized planners India,corporate planners India,https://www.coachingpromo.in/promotional-items/planner,Existing,Category / subcategory page,Existing page — secondary keyword,Implemented — mapped to existing canonical page,https://www.coachingpromo.in/promotional-items/planner,Low after consolidation,India,Consolidated with customized planners India; no separate page required.
promotional planners,Planners,Commercial,P1,customized planners India,customized planners India,promotional planners,https://www.coachingpromo.in/promotional-items/planner,Existing,Category / subcategory page,Existing page — secondary keyword,Implemented — mapped to existing canonical page,https://www.coachingpromo.in/promotional-items/planner,Low after consolidation,,Consolidated with customized planners India; no separate page required.
branded planners,Planners,Commercial,P1,customized planners India,customized planners India,branded planners,https://www.coachingpromo.in/promotional-items/planner,Existing,Category / subcategory page,Existing page — secondary keyword,Implemented — mapped to existing canonical page,https://www.coachingpromo.in/promotional-items/planner,Low after consolidation,,Consolidated with customized planners India; no separate page required.
planner with logo,Planners,Commercial,P1,customized planners India,customized planners India,planner with logo,https://www.coachingpromo.in/promotional-items/planner,Existing,Category / subcategory page,Existing page — secondary keyword,Implemented — mapped to existing canonical page,https://www.coachingpromo.in/promotional-items/planner,Low after consolidation,,Consolidated with customized planners India; no separate page required.
custom planner printing,Planners,Commercial,P1,customized planners India,customized planners India,custom planner printing,https://www.coachingpromo.in/promotional-items/planner,Existing,Category / subcategory page,Existing page — secondary keyword,Implemented — mapped to existing canonical page,https://www.coachingpromo.in/promotional-items/planner,Low after consolidation,,Consolidated with customized planners India; no separate page required.
student planner India,Planners,Commercial,P1,customized planners India,customized planners India,student planner India,https://www.coachingpromo.in/promotional-items/planner,Existing,Category / subcategory page,Existing page — secondary keyword,Implemented — mapped to existing canonical page,https://www.coachingpromo.in/promotional-items/planner,Low after consolidation,India,Consolidated with customized planners India; no separate page required.
academic planner India,Planners,Commercial,P1,customized planners India,customized planners India,academic planner India,https://www.coachingpromo.in/promotional-items/planner,Existing,Category / subcategory page,Existing page — secondary keyword,Implemented — mapped to existing canonical page,https://www.coachingpromo.in/promotional-items/planner,Low after consolidation,India,Consolidated with customized planners India; no separate page required.
institute planner,Planners,Commercial,P1,customized planners India,customized planners India,institute planner,https://www.coachingpromo.in/promotional-items/planner,Existing,Category / subcategory page,Existing page — secondary keyword,Implemented — mapped to existing canonical page,https://www.coachingpromo.in/promotional-items/planner,Low after consolidation,,Consolidated with customized planners India; no separate page required.
coaching institute planner,Planners,Commercial,P1,customized planners India,customized planners India,coaching institute planner,https://www.coachingpromo.in/promotional-items/planner,Existing,Category / subcategory page,Existing page — secondary keyword,Implemented — mapped to existing canonical page,https://www.coachingpromo.in/promotional-items/planner,Low after consolidation,,Consolidated with customized planners India; no separate page required.
school planner,Planners,Commercial,P1,customized planners India,customized planners India,school planner,https://www.coachingpromo.in/promotional-items/planner,Existing,Category / subcategory page,Existing page — secondary keyword,Implemented — mapped to existing canonical page,https://www.coachingpromo.in/promotional-items/planner,Low after consolidation,,Consolidated with customized planners India; no separate page required.
college planner,Planners,Commercial,P1,customized planners India,customized planners India,college planner,https://www.coachingpromo.in/promotional-items/planner,Existing,Category / subcategory page,Existing page — secondary keyword,Implemented — mapped to existing canonical page,https://www.coachingpromo.in/promotional-items/planner,Low after consolidation,,Consolidated with customized planners India; no separate page required.
teacher planner,Planners,Commercial,P1,customized planners India,customized planners India,teacher planner,https://www.coachingpromo.in/promotional-items/planner,Existing,Category / subcategory page,Existing page — secondary keyword,Implemented — mapped to existing canonical page,https://www.coachingpromo.in/promotional-items/planner,Low after consolidation,,Consolidated with customized planners India; no separate page required.
student organizer,Planners,Commercial,P1,customized planners India,customized planners India,student organizer,https://www.coachingpromo.in/promotional-items/planner,Existing,Category / subcategory page,Existing page — secondary keyword,Implemented — mapped to existing canonical page,https://www.coachingpromo.in/promotional-items/planner,Low after consolidation,,Consolidated with customized planners India; no separate page required.
promotional organizers India,Planners,Commercial,P1,customized planners India,customized planners India,promotional organizers India,https://www.coachingpromo.in/promotional-items/planner,Existing,Category / subcategory page,Existing page — secondary keyword,Implemented — mapped to existing canonical page,https://www.coachingpromo.in/promotional-items/planner,Low after consolidation,India,Consolidated with customized planners India; no separate page required.
customized pens India,Pens,Commercial,P1,promotional pens India,promotional pens India,customized pens India,https://www.coachingpromo.in/stationery/customized-pens,Existing,Category / subcategory page,Existing page — secondary keyword,Implemented — mapped to existing canonical page,https://www.coachingpromo.in/stationery/customized-pens,Low after consolidation,India,Consolidated with promotional pens India; no separate page required.
custom pens India,Pens,Commercial,P1,promotional pens India,promotional pens India,custom pens India,https://www.coachingpromo.in/stationery/customized-pens,Existing,Category / subcategory page,Existing page — secondary keyword,Implemented — mapped to existing canonical page,https://www.coachingpromo.in/stationery/customized-pens,Low after consolidation,India,Consolidated with promotional pens India; no separate page required.
personalised pens India,Pens,Commercial,P1,promotional pens India,promotional pens India,personalised pens India,https://www.coachingpromo.in/stationery/customized-pens,Existing,Category / subcategory page,Existing page — secondary keyword,Implemented — mapped to existing canonical page,https://www.coachingpromo.in/stationery/customized-pens,Low after consolidation,India,Consolidated with promotional pens India; no separate page required.
promotional pens India,Pens,Commercial,P1,promotional pens India,promotional pens India,,https://www.coachingpromo.in/stationery/customized-pens,Existing,Category / subcategory page,Existing page — primary keyword,Implemented — mapped to existing canonical page,https://www.coachingpromo.in/stationery/customized-pens,Low after consolidation,India,Consolidated with promotional pens India; no separate page required.
branded pens India,Pens,Commercial,P1,promotional pens India,promotional pens India,branded pens India,https://www.coachingpromo.in/stationery/customized-pens,Existing,Category / subcategory page,Existing page — secondary keyword,Implemented — mapped to existing canonical page,https://www.coachingpromo.in/stationery/customized-pens,Low after consolidation,India,Consolidated with promotional pens India; no separate page required.
logo printed pens India,Pens,Commercial,P1,promotional pens India,promotional pens India,logo printed pens India,https://www.coachingpromo.in/stationery/customized-pens,Existing,Category / subcategory page,Existing page — secondary keyword,Implemented — mapped to existing canonical page,https://www.coachingpromo.in/stationery/customized-pens,Low after consolidation,India,Consolidated with promotional pens India; no separate page required.
custom pens with logo,Pens,Commercial,P1,promotional pens India,promotional pens India,custom pens with logo,https://www.coachingpromo.in/stationery/customized-pens,Existing,Category / subcategory page,Existing page — secondary keyword,Implemented — mapped to existing canonical page,https://www.coachingpromo.in/stationery/customized-pens,Low after consolidation,,Consolidated with promotional pens India; no separate page required.
bulk customized pens,Pens,Commercial,P1,promotional pens India,promotional pens India,bulk customized pens,https://www.coachingpromo.in/stationery/customized-pens,Existing,Category / subcategory page,Existing page — secondary keyword,Implemented — mapped to existing canonical page,https://www.coachingpromo.in/stationery/customized-pens,Low after consolidation,,Consolidated with promotional pens India; no separate page required.
corporate pens India,Pens,Commercial,P1,promotional pens India,promotional pens India,corporate pens India,https://www.coachingpromo.in/stationery/customized-pens,Existing,Category / subcategory page,Existing page — secondary keyword,Implemented — mapped to existing canonical page,https://www.coachingpromo.in/stationery/customized-pens,Low after consolidation,India,Consolidated with promotional pens India; no separate page required.
promotional pen supplier India,Pens,Commercial,P1,promotional pens India,promotional pens India,promotional pen supplier India,https://www.coachingpromo.in/stationery/customized-pens,Existing,Category / subcategory page,Existing page — secondary keyword,Implemented — mapped to existing canonical page,https://www.coachingpromo.in/stationery/customized-pens,Low after consolidation,India,Consolidated with promotional pens India; no separate page required.
pen branding India,Pens,Commercial,P1,promotional pens India,promotional pens India,pen branding India,https://www.coachingpromo.in/stationery/customized-pens,Existing,Category / subcategory page,Existing page — secondary keyword,Implemented — mapped to existing canonical page,https://www.coachingpromo.in/stationery/customized-pens,Low after consolidation,India,Consolidated with promotional pens India; no separate page required.
coaching institute pens,Pens,Commercial,P1,promotional pens India,promotional pens India,coaching institute pens,https://www.coachingpromo.in/stationery/customized-pens,Existing,Category / subcategory page,Existing page — secondary keyword,Implemented — mapped to existing canonical page,https://www.coachingpromo.in/stationery/customized-pens,Low after consolidation,,Consolidated with promotional pens India; no separate page required.
school pens customized,Pens,Commercial,P1,promotional pens India,promotional pens India,school pens customized,https://www.coachingpromo.in/stationery/customized-pens,Existing,Category / subcategory page,Existing page — secondary keyword,Implemented — mapped to existing canonical page,https://www.coachingpromo.in/stationery/customized-pens,Low after consolidation,,Consolidated with promotional pens India; no separate page required.
college pens customized,Pens,Commercial,P1,promotional pens India,promotional pens India,college pens customized,https://www.coachingpromo.in/stationery/customized-pens,Existing,Category / subcategory page,Existing page — secondary keyword,Implemented — mapped to existing canonical page,https://www.coachingpromo.in/stationery/customized-pens,Low after consolidation,,Consolidated with promotional pens India; no separate page required.
student pens with logo,Pens,Commercial,P1,promotional pens India,promotional pens India,student pens with logo,https://www.coachingpromo.in/stationery/customized-pens,Existing,Category / subcategory page,Existing page — secondary keyword,Implemented — mapped to existing canonical page,https://www.coachingpromo.in/stationery/customized-pens,Low after consolidation,,Consolidated with promotional pens India; no separate page required.
institute branded pens,Pens,Commercial,P1,promotional pens India,promotional pens India,institute branded pens,https://www.coachingpromo.in/stationery/customized-pens,Existing,Category / subcategory page,Existing page — secondary keyword,Implemented — mapped to existing canonical page,https://www.coachingpromo.in/stationery/customized-pens,Low after consolidation,,Consolidated with promotional pens India; no separate page required.
custom pen and notebook set,Pens,Commercial,P1,promotional pens India,promotional pens India,custom pen and notebook set,https://www.coachingpromo.in/stationery/customized-pens,Existing,Category / subcategory page,Existing page — secondary keyword,Implemented — mapped to existing canonical page,https://www.coachingpromo.in/stationery/customized-pens,Low after consolidation,,Consolidated with promotional pens India; no separate page required.
customized water bottles India,Bottles / Drinkware,Commercial,P1,customized water bottles India,customized water bottles India,,https://www.coachingpromo.in/promotional-items/water-bottle,Existing,Category / subcategory page,Existing page — primary keyword,Implemented — mapped to existing canonical page,https://www.coachingpromo.in/promotional-items/water-bottle,Low after consolidation,India,Consolidated with customized water bottles India; no separate page required.
custom water bottles India,Bottles / Drinkware,Commercial,P1,customized water bottles India,customized water bottles India,custom water bottles India,https://www.coachingpromo.in/promotional-items/water-bottle,Existing,Category / subcategory page,Existing page — secondary keyword,Implemented — mapped to existing canonical page,https://www.coachingpromo.in/promotional-items/water-bottle,Low after consolidation,India,Consolidated with customized water bottles India; no separate page required.
promotional bottles India,Bottles / Drinkware,Commercial,P1,customized water bottles India,customized water bottles India,promotional bottles India,https://www.coachingpromo.in/promotional-items/water-bottle,Existing,Category / subcategory page,Existing page — secondary keyword,Implemented — mapped to existing canonical page,https://www.coachingpromo.in/promotional-items/water-bottle,Low after consolidation,India,Consolidated with customized water bottles India; no separate page required.
branded water bottles India,Bottles / Drinkware,Commercial,P1,customized water bottles India,customized water bottles India,branded water bottles India,https://www.coachingpromo.in/promotional-items/water-bottle,Existing,Category / subcategory page,Existing page — secondary keyword,Implemented — mapped to existing canonical page,https://www.coachingpromo.in/promotional-items/water-bottle,Low after consolidation,India,Consolidated with customized water bottles India; no separate page required.
water bottles with logo,Bottles / Drinkware,Commercial,P1,customized water bottles India,customized water bottles India,water bottles with logo,https://www.coachingpromo.in/promotional-items/water-bottle,Existing,Category / subcategory page,Existing page — secondary keyword,Implemented — mapped to existing canonical page,https://www.coachingpromo.in/promotional-items/water-bottle,Low after consolidation,,Consolidated with customized water bottles India; no separate page required.
logo printed water bottles,Bottles / Drinkware,Commercial,P1,customized water bottles India,customized water bottles India,logo printed water bottles,https://www.coachingpromo.in/promotional-items/water-bottle,Existing,Category / subcategory page,Existing page — secondary keyword,Implemented — mapped to existing canonical page,https://www.coachingpromo.in/promotional-items/water-bottle,Low after consolidation,,Consolidated with customized water bottles India; no separate page required.
bulk water bottles India,Bottles / Drinkware,Commercial,P1,customized water bottles India,customized water bottles India,bulk water bottles India,https://www.coachingpromo.in/promotional-items/water-bottle,Existing,Category / subcategory page,Existing page — secondary keyword,Implemented — mapped to existing canonical page,https://www.coachingpromo.in/promotional-items/water-bottle,Low after consolidation,India,Consolidated with customized water bottles India; no separate page required.
custom bottles for students,Bottles / Drinkware,Commercial,P1,customized water bottles India,customized water bottles India,custom bottles for students,https://www.coachingpromo.in/promotional-items/water-bottle,Existing,Category / subcategory page,Existing page — secondary keyword,Implemented — mapped to existing canonical page,https://www.coachingpromo.in/promotional-items/water-bottle,Low after consolidation,,Consolidated with customized water bottles India; no separate page required.
school water bottles customized,Bottles / Drinkware,Commercial,P1,customized water bottles India,customized water bottles India,school water bottles customized,https://www.coachingpromo.in/promotional-items/water-bottle,Existing,Category / subcategory page,Existing page — secondary keyword,Implemented — mapped to existing canonical page,https://www.coachingpromo.in/promotional-items/water-bottle,Low after consolidation,,Consolidated with customized water bottles India; no separate page required.
college water bottles,Bottles / Drinkware,Commercial,P1,customized water bottles India,customized water bottles India,college water bottles,https://www.coachingpromo.in/promotional-items/water-bottle,Existing,Category / subcategory page,Existing page — secondary keyword,Implemented — mapped to existing canonical page,https://www.coachingpromo.in/promotional-items/water-bottle,Low after consolidation,,Consolidated with customized water bottles India; no separate page required.
student water bottle with logo,Bottles / Drinkware,Commercial,P1,customized water bottles India,customized water bottles India,student water bottle with logo,https://www.coachingpromo.in/promotional-items/water-bottle,Existing,Category / subcategory page,Existing page — secondary keyword,Implemented — mapped to existing canonical page,https://www.coachingpromo.in/promotional-items/water-bottle,Low after consolidation,,Consolidated with customized water bottles India; no separate page required.
institute water bottles,Bottles / Drinkware,Commercial,P1,customized water bottles India,customized water bottles India,institute water bottles,https://www.coachingpromo.in/promotional-items/water-bottle,Existing,Category / subcategory page,Existing page — secondary keyword,Implemented — mapped to existing canonical page,https://www.coachingpromo.in/promotional-items/water-bottle,Low after consolidation,,Consolidated with customized water bottles India; no separate page required.
promotional sippers India,Bottles / Drinkware,Commercial,P1,customized water bottles India,customized water bottles India,promotional sippers India,https://www.coachingpromo.in/promotional-items/water-bottle,Existing,Category / subcategory page,Existing page — secondary keyword,Implemented — mapped to existing canonical page,https://www.coachingpromo.in/promotional-items/water-bottle,Low after consolidation,India,Consolidated with customized water bottles India; no separate page required.
customized sippers India,Bottles / Drinkware,Commercial,P1,customized water bottles India,customized water bottles India,customized sippers India,https://www.coachingpromo.in/promotional-items/water-bottle,Existing,Category / subcategory page,Existing page — secondary keyword,Implemented — mapped to existing canonical page,https://www.coachingpromo.in/promotional-items/water-bottle,Low after consolidation,India,Consolidated with customized water bottles India; no separate page required.
sipper bottles with logo,Bottles / Drinkware,Commercial,P1,customized water bottles India,customized water bottles India,sipper bottles with logo,https://www.coachingpromo.in/promotional-items/water-bottle,Existing,Category / subcategory page,Existing page — secondary keyword,Implemented — mapped to existing canonical page,https://www.coachingpromo.in/promotional-items/water-bottle,Low after consolidation,,Consolidated with customized water bottles India; no separate page required.
corporate water bottles,Bottles / Drinkware,Commercial,P1,customized water bottles India,customized water bottles India,corporate water bottles,https://www.coachingpromo.in/promotional-items/water-bottle,Existing,Category / subcategory page,Existing page — secondary keyword,Implemented — mapped to existing canonical page,https://www.coachingpromo.in/promotional-items/water-bottle,Low after consolidation,,Consolidated with customized water bottles India; no separate page required.
custom stainless steel bottles,Bottles / Drinkware,Commercial,P1,customized water bottles India,customized water bottles India,custom stainless steel bottles,https://www.coachingpromo.in/promotional-items/water-bottle,Existing,Category / subcategory page,Existing page — secondary keyword,Implemented — mapped to existing canonical page,https://www.coachingpromo.in/promotional-items/water-bottle,Low after consolidation,,Consolidated with customized water bottles India; no separate page required.
personalized bottles India,Bottles / Drinkware,Commercial,P1,customized water bottles India,customized water bottles India,personalized bottles India,https://www.coachingpromo.in/promotional-items/water-bottle,Existing,Category / subcategory page,Existing page — secondary keyword,Implemented — mapped to existing canonical page,https://www.coachingpromo.in/promotional-items/water-bottle,Low after consolidation,India,Consolidated with customized water bottles India; no separate page required.
bottle printing India,Bottles / Drinkware,Commercial,P1,customized water bottles India,customized water bottles India,bottle printing India,https://www.coachingpromo.in/promotional-items/water-bottle,Existing,Category / subcategory page,Existing page — secondary keyword,Implemented — mapped to existing canonical page,https://www.coachingpromo.in/promotional-items/water-bottle,Low after consolidation,India,Consolidated with customized water bottles India; no separate page required.
customized mugs India,Mugs,Commercial,P1,promotional mugs India,promotional mugs India,customized mugs India,https://www.coachingpromo.in/promotional-items/mug,Existing,Category / subcategory page,Existing page — secondary keyword,Implemented — mapped to existing canonical page,https://www.coachingpromo.in/promotional-items/mug,Low after consolidation,India,Consolidated with promotional mugs India; no separate page required.
promotional mugs India,Mugs,Commercial,P1,promotional mugs India,promotional mugs India,,https://www.coachingpromo.in/promotional-items/mug,Existing,Category / subcategory page,Existing page — primary keyword,Implemented — mapped to existing canonical page,https://www.coachingpromo.in/promotional-items/mug,Low after consolidation,India,Consolidated with promotional mugs India; no separate page required.
custom mugs India,Mugs,Commercial,P1,promotional mugs India,promotional mugs India,custom mugs India,https://www.coachingpromo.in/promotional-items/mug,Existing,Category / subcategory page,Existing page — secondary keyword,Implemented — mapped to existing canonical page,https://www.coachingpromo.in/promotional-items/mug,Low after consolidation,India,Consolidated with promotional mugs India; no separate page required.
printed mugs India,Mugs,Commercial,P1,promotional mugs India,promotional mugs India,printed mugs India,https://www.coachingpromo.in/promotional-items/mug,Existing,Category / subcategory page,Existing page — secondary keyword,Implemented — mapped to existing canonical page,https://www.coachingpromo.in/promotional-items/mug,Low after consolidation,India,Consolidated with promotional mugs India; no separate page required.
mugs with logo India,Mugs,Commercial,P1,promotional mugs India,promotional mugs India,mugs with logo India,https://www.coachingpromo.in/promotional-items/mug,Existing,Category / subcategory page,Existing page — secondary keyword,Implemented — mapped to existing canonical page,https://www.coachingpromo.in/promotional-items/mug,Low after consolidation,India,Consolidated with promotional mugs India; no separate page required.
corporate mugs India,Mugs,Commercial,P1,promotional mugs India,promotional mugs India,corporate mugs India,https://www.coachingpromo.in/promotional-items/mug,Existing,Category / subcategory page,Existing page — secondary keyword,Implemented — mapped to existing canonical page,https://www.coachingpromo.in/promotional-items/mug,Low after consolidation,India,Consolidated with promotional mugs India; no separate page required.
branded mugs,Mugs,Commercial,P1,promotional mugs India,promotional mugs India,branded mugs,https://www.coachingpromo.in/promotional-items/mug,Existing,Category / subcategory page,Existing page — secondary keyword,Implemented — mapped to existing canonical page,https://www.coachingpromo.in/promotional-items/mug,Low after consolidation,,Consolidated with promotional mugs India; no separate page required.
logo printed mugs,Mugs,Commercial,P1,promotional mugs India,promotional mugs India,logo printed mugs,https://www.coachingpromo.in/promotional-items/mug,Existing,Category / subcategory page,Existing page — secondary keyword,Implemented — mapped to existing canonical page,https://www.coachingpromo.in/promotional-items/mug,Low after consolidation,,Consolidated with promotional mugs India; no separate page required.
bulk customized mugs,Mugs,Commercial,P1,promotional mugs India,promotional mugs India,bulk customized mugs,https://www.coachingpromo.in/promotional-items/mug,Existing,Category / subcategory page,Existing page — secondary keyword,Implemented — mapped to existing canonical page,https://www.coachingpromo.in/promotional-items/mug,Low after consolidation,,Consolidated with promotional mugs India; no separate page required.
institute mugs,Mugs,Commercial,P1,promotional mugs India,promotional mugs India,institute mugs,https://www.coachingpromo.in/promotional-items/mug,Existing,Category / subcategory page,Existing page — secondary keyword,Implemented — mapped to existing canonical page,https://www.coachingpromo.in/promotional-items/mug,Low after consolidation,,Consolidated with promotional mugs India; no separate page required.
coaching institute mugs,Mugs,Commercial,P1,promotional mugs India,promotional mugs India,coaching institute mugs,https://www.coachingpromo.in/promotional-items/mug,Existing,Category / subcategory page,Existing page — secondary keyword,Implemented — mapped to existing canonical page,https://www.coachingpromo.in/promotional-items/mug,Low after consolidation,,Consolidated with promotional mugs India; no separate page required.
school mugs,Mugs,Commercial,P1,promotional mugs India,promotional mugs India,school mugs,https://www.coachingpromo.in/promotional-items/mug,Existing,Category / subcategory page,Existing page — secondary keyword,Implemented — mapped to existing canonical page,https://www.coachingpromo.in/promotional-items/mug,Low after consolidation,,Consolidated with promotional mugs India; no separate page required.
college mugs,Mugs,Commercial,P1,promotional mugs India,promotional mugs India,college mugs,https://www.coachingpromo.in/promotional-items/mug,Existing,Category / subcategory page,Existing page — secondary keyword,Implemented — mapped to existing canonical page,https://www.coachingpromo.in/promotional-items/mug,Low after consolidation,,Consolidated with promotional mugs India; no separate page required.
faculty mugs,Mugs,Commercial,P1,promotional mugs India,promotional mugs India,faculty mugs,https://www.coachingpromo.in/promotional-items/mug,Existing,Category / subcategory page,Existing page — secondary keyword,Implemented — mapped to existing canonical page,https://www.coachingpromo.in/promotional-items/mug,Low after consolidation,,Consolidated with promotional mugs India; no separate page required.
teacher gift mugs,Mugs,Commercial,P1,promotional mugs India,promotional mugs India,teacher gift mugs,https://www.coachingpromo.in/promotional-items/mug,Existing,Category / subcategory page,Existing page — secondary keyword,Implemented — mapped to existing canonical page,https://www.coachingpromo.in/promotional-items/mug,Low after consolidation,,Consolidated with promotional mugs India; no separate page required.
trophy manufacturer India,Trophies / Awards / Medals,Commercial,P1,customized trophies India,customized trophies India,trophy manufacturer India,https://www.coachingpromo.in/promotional-items/trophy,Existing,Category / subcategory page,Existing page — secondary keyword,Implemented — mapped to existing canonical page,https://www.coachingpromo.in/promotional-items/trophy,Low after consolidation,India,Consolidated with customized trophies India; no separate page required.
trophy supplier India,Trophies / Awards / Medals,Commercial,P1,customized trophies India,customized trophies India,trophy supplier India,https://www.coachingpromo.in/promotional-items/trophy,Existing,Category / subcategory page,Existing page — secondary keyword,Implemented — mapped to existing canonical page,https://www.coachingpromo.in/promotional-items/trophy,Low after consolidation,India,Consolidated with customized trophies India; no separate page required.
customized trophy India,Trophies / Awards / Medals,Commercial,P1,customized trophies India,customized trophies India,customized trophy India,https://www.coachingpromo.in/promotional-items/trophy,Existing,Category / subcategory page,Existing page — secondary keyword,Implemented — mapped to existing canonical page,https://www.coachingpromo.in/promotional-items/trophy,Low after consolidation,India,Consolidated with customized trophies India; no separate page required.
custom trophy India,Trophies / Awards / Medals,Commercial,P1,customized trophies India,customized trophies India,custom trophy India,https://www.coachingpromo.in/promotional-items/trophy,Existing,Category / subcategory page,Existing page — secondary keyword,Implemented — mapped to existing canonical page,https://www.coachingpromo.in/promotional-items/trophy,Low after consolidation,India,Consolidated with customized trophies India; no separate page required.
trophies in bulk,Trophies / Awards / Medals,Commercial,P1,customized trophies India,customized trophies India,trophies in bulk,https://www.coachingpromo.in/promotional-items/trophy,Existing,Category / subcategory page,Existing page — secondary keyword,Implemented — mapped to existing canonical page,https://www.coachingpromo.in/promotional-items/trophy,Low after consolidation,,Consolidated with customized trophies India; no separate page required.
corporate trophies India,Trophies / Awards / Medals,Commercial,P1,customized trophies India,customized trophies India,corporate trophies India,https://www.coachingpromo.in/promotional-items/trophy,Existing,Category / subcategory page,Existing page — secondary keyword,Implemented — mapped to existing canonical page,https://www.coachingpromo.in/promotional-items/trophy,Low after consolidation,India,Consolidated with customized trophies India; no separate page required.
promotional trophies,Trophies / Awards / Medals,Commercial,P1,customized trophies India,customized trophies India,promotional trophies,https://www.coachingpromo.in/promotional-items/trophy,Existing,Category / subcategory page,Existing page — secondary keyword,Implemented — mapped to existing canonical page,https://www.coachingpromo.in/promotional-items/trophy,Low after consolidation,,Consolidated with customized trophies India; no separate page required.
award trophy manufacturer,Trophies / Awards / Medals,Commercial,P1,customized trophies India,customized trophies India,award trophy manufacturer,https://www.coachingpromo.in/promotional-items/trophy,Existing,Category / subcategory page,Existing page — secondary keyword,Implemented — mapped to existing canonical page,https://www.coachingpromo.in/promotional-items/trophy,Low after consolidation,,Consolidated with customized trophies India; no separate page required.
award manufacturer India,Trophies / Awards / Medals,Commercial,P1,customized trophies India,customized trophies India,award manufacturer India,https://www.coachingpromo.in/promotional-items/trophy,Existing,Category / subcategory page,Existing page — secondary keyword,Implemented — mapped to existing canonical page,https://www.coachingpromo.in/promotional-items/trophy,Low after consolidation,India,Consolidated with customized trophies India; no separate page required.
customised awards India,Trophies / Awards / Medals,Commercial,P1,customized trophies India,customized trophies India,customised awards India,https://www.coachingpromo.in/promotional-items/trophy,Existing,Category / subcategory page,Existing page — secondary keyword,Implemented — mapped to existing canonical page,https://www.coachingpromo.in/promotional-items/trophy,Low after consolidation,India,Consolidated with customized trophies India; no separate page required.
school trophies,Trophies / Awards / Medals,Commercial,P1,customized trophies India,customized trophies India,school trophies,https://www.coachingpromo.in/promotional-items/trophy,Existing,Category / subcategory page,Existing page — secondary keyword,Implemented — mapped to existing canonical page,https://www.coachingpromo.in/promotional-items/trophy,Low after consolidation,,Consolidated with customized trophies India; no separate page required.
college trophies,Trophies / Awards / Medals,Commercial,P1,customized trophies India,customized trophies India,college trophies,https://www.coachingpromo.in/promotional-items/trophy,Existing,Category / subcategory page,Existing page — secondary keyword,Implemented — mapped to existing canonical page,https://www.coachingpromo.in/promotional-items/trophy,Low after consolidation,,Consolidated with customized trophies India; no separate page required.
coaching institute trophies,Trophies / Awards / Medals,Commercial,P1,customized trophies India,customized trophies India,coaching institute trophies,https://www.coachingpromo.in/promotional-items/trophy,Existing,Category / subcategory page,Existing page — secondary keyword,Implemented — mapped to existing canonical page,https://www.coachingpromo.in/promotional-items/trophy,Low after consolidation,,Consolidated with customized trophies India; no separate page required.
student award trophies,Trophies / Awards / Medals,Commercial,P1,customized trophies India,customized trophies India,student award trophies,https://www.coachingpromo.in/promotional-items/trophy,Existing,Category / subcategory page,Existing page — secondary keyword,Implemented — mapped to existing canonical page,https://www.coachingpromo.in/promotional-items/trophy,Low after consolidation,,Consolidated with customized trophies India; no separate page required.
academic trophies,Trophies / Awards / Medals,Commercial,P1,customized trophies India,customized trophies India,academic trophies,https://www.coachingpromo.in/promotional-items/trophy,Existing,Category / subcategory page,Existing page — secondary keyword,Implemented — mapped to existing canonical page,https://www.coachingpromo.in/promotional-items/trophy,Low after consolidation,,Consolidated with customized trophies India; no separate page required.
educational trophies,Trophies / Awards / Medals,Commercial,P1,customized trophies India,customized trophies India,educational trophies,https://www.coachingpromo.in/promotional-items/trophy,Existing,Category / subcategory page,Existing page — secondary keyword,Implemented — mapped to existing canonical page,https://www.coachingpromo.in/promotional-items/trophy,Low after consolidation,,Consolidated with customized trophies India; no separate page required.
competition trophies,Trophies / Awards / Medals,Commercial,P1,customized trophies India,customized trophies India,competition trophies,https://www.coachingpromo.in/promotional-items/trophy,Existing,Category / subcategory page,Existing page — secondary keyword,Implemented — mapped to existing canonical page,https://www.coachingpromo.in/promotional-items/trophy,Low after consolidation,,Consolidated with customized trophies India; no separate page required.
seminar trophies,Trophies / Awards / Medals,Commercial,P1,customized trophies India,customized trophies India,seminar trophies,https://www.coachingpromo.in/promotional-items/trophy,Existing,Category / subcategory page,Existing page — secondary keyword,Implemented — mapped to existing canonical page,https://www.coachingpromo.in/promotional-items/trophy,Low after consolidation,,Consolidated with customized trophies India; no separate page required.
event trophies,Trophies / Awards / Medals,Commercial,P1,customized trophies India,customized trophies India,event trophies,https://www.coachingpromo.in/promotional-items/trophy,Existing,Category / subcategory page,Existing page — secondary keyword,Implemented — mapped to existing canonical page,https://www.coachingpromo.in/promotional-items/trophy,Low after consolidation,,Consolidated with customized trophies India; no separate page required.
wooden trophy India,Trophies / Awards / Medals,Commercial,P1,customized trophies India,customized trophies India,wooden trophy India,https://www.coachingpromo.in/promotional-items/trophy,Existing,Category / subcategory page,Existing page — secondary keyword,Implemented — mapped to existing canonical page,https://www.coachingpromo.in/promotional-items/trophy,Low after consolidation,India,Consolidated with customized trophies India; no separate page required.
customized wooden trophies,Trophies / Awards / Medals,Commercial,P1,customized trophies India,customized trophies India,customized wooden trophies,https://www.coachingpromo.in/promotional-items/trophy,Existing,Category / subcategory page,Existing page — secondary keyword,Implemented — mapped to existing canonical page,https://www.coachingpromo.in/promotional-items/trophy,Low after consolidation,,Consolidated with customized trophies India; no separate page required.
wooden awards India,Trophies / Awards / Medals,Commercial,P1,customized trophies India,customized trophies India,wooden awards India,https://www.coachingpromo.in/promotional-items/trophy,Existing,Category / subcategory page,Existing page — secondary keyword,Implemented — mapped to existing canonical page,https://www.coachingpromo.in/promotional-items/trophy,Low after consolidation,India,Consolidated with customized trophies India; no separate page required.
custom medals India,Trophies / Awards / Medals,Commercial,P1,custom medals India,custom medals India,,https://www.coachingpromo.in/promotional-items/medals,Existing,Category / subcategory page,Existing page — primary keyword,Implemented — mapped to existing canonical page,https://www.coachingpromo.in/promotional-items/medals,Low after consolidation,India,Consolidated with custom medals India; no separate page required.
customized medals India,Trophies / Awards / Medals,Commercial,P1,custom medals India,custom medals India,customized medals India,https://www.coachingpromo.in/promotional-items/medals,Existing,Category / subcategory page,Existing page — secondary keyword,Implemented — mapped to existing canonical page,https://www.coachingpromo.in/promotional-items/medals,Low after consolidation,India,Consolidated with custom medals India; no separate page required.
school medals,Trophies / Awards / Medals,Commercial,P1,custom medals India,custom medals India,school medals,https://www.coachingpromo.in/promotional-items/medals,Existing,Category / subcategory page,Existing page — secondary keyword,Implemented — mapped to existing canonical page,https://www.coachingpromo.in/promotional-items/medals,Low after consolidation,,Consolidated with custom medals India; no separate page required.
sports medals bulk,Trophies / Awards / Medals,Commercial,P1,custom medals India,custom medals India,sports medals bulk,https://www.coachingpromo.in/promotional-items/medals,Existing,Category / subcategory page,Existing page — secondary keyword,Implemented — mapped to existing canonical page,https://www.coachingpromo.in/promotional-items/medals,Low after consolidation,,Consolidated with custom medals India; no separate page required.
college medals,Trophies / Awards / Medals,Commercial,P1,custom medals India,custom medals India,college medals,https://www.coachingpromo.in/promotional-items/medals,Existing,Category / subcategory page,Existing page — secondary keyword,Implemented — mapped to existing canonical page,https://www.coachingpromo.in/promotional-items/medals,Low after consolidation,,Consolidated with custom medals India; no separate page required.
custom badges India,Trophies / Awards / Medals,Commercial,P1,custom badges India,custom badges India,,https://www.coachingpromo.in/promotional-items/badges,Existing,Category / subcategory page,Existing page — primary keyword,Implemented — mapped to existing canonical page,https://www.coachingpromo.in/promotional-items/badges,Low after consolidation,India,Consolidated with custom badges India; no separate page required.
badges with logo,Trophies / Awards / Medals,Commercial,P1,custom badges India,custom badges India,badges with logo,https://www.coachingpromo.in/promotional-items/badges,Existing,Category / subcategory page,Existing page — secondary keyword,Implemented — mapped to existing canonical page,https://www.coachingpromo.in/promotional-items/badges,Low after consolidation,,Consolidated with custom badges India; no separate page required.
student badges,Trophies / Awards / Medals,Commercial,P1,custom badges India,custom badges India,student badges,https://www.coachingpromo.in/promotional-items/badges,Existing,Category / subcategory page,Existing page — secondary keyword,Implemented — mapped to existing canonical page,https://www.coachingpromo.in/promotional-items/badges,Low after consolidation,,Consolidated with custom badges India; no separate page required.
institute badges,Trophies / Awards / Medals,Commercial,P1,custom badges India,custom badges India,institute badges,https://www.coachingpromo.in/promotional-items/badges,Existing,Category / subcategory page,Existing page — secondary keyword,Implemented — mapped to existing canonical page,https://www.coachingpromo.in/promotional-items/badges,Low after consolidation,,Consolidated with custom badges India; no separate page required.
graduation gown India,Graduation / Convocation,Commercial,P1,graduation gowns India,graduation gowns India,graduation gown India,https://www.coachingpromo.in/apparel-accessories/graduation-gown,Existing,Category / subcategory page,Existing page — secondary keyword,Implemented — mapped to existing canonical page,https://www.coachingpromo.in/apparel-accessories/graduation-gown,Low after consolidation,India,Consolidated with graduation gowns India; no separate page required.
graduation gown supplier India,Graduation / Convocation,Commercial,P1,graduation gowns India,graduation gowns India,graduation gown supplier India,https://www.coachingpromo.in/apparel-accessories/graduation-gown,Existing,Category / subcategory page,Existing page — secondary keyword,Implemented — mapped to existing canonical page,https://www.coachingpromo.in/apparel-accessories/graduation-gown,Low after consolidation,India,Consolidated with graduation gowns India; no separate page required.
graduation gown manufacturer India,Graduation / Convocation,Commercial,P1,graduation gowns India,graduation gowns India,graduation gown manufacturer India,https://www.coachingpromo.in/apparel-accessories/graduation-gown,Existing,Category / subcategory page,Existing page — secondary keyword,Implemented — mapped to existing canonical page,https://www.coachingpromo.in/apparel-accessories/graduation-gown,Low after consolidation,India,Consolidated with graduation gowns India; no separate page required.
graduation gowns bulk,Graduation / Convocation,Commercial,P1,graduation gowns India,graduation gowns India,graduation gowns bulk,https://www.coachingpromo.in/apparel-accessories/graduation-gown,Existing,Category / subcategory page,Existing page — secondary keyword,Implemented — mapped to existing canonical page,https://www.coachingpromo.in/apparel-accessories/graduation-gown,Low after consolidation,,Consolidated with graduation gowns India; no separate page required.
convocation gowns India,Graduation / Convocation,Commercial,P1,convocation products,convocation products,convocation gowns India,https://www.coachingpromo.in/solutions/convocation-products,New,Commercial solution page,New commercial landing page,Implemented — new authoritative page,https://www.coachingpromo.in/solutions/convocation-products,Low after consolidation,India,Consolidated with convocation products; no separate page required.
convocation gown supplier,Graduation / Convocation,Commercial,P1,convocation products,convocation products,convocation gown supplier,https://www.coachingpromo.in/solutions/convocation-products,New,Commercial solution page,New commercial landing page,Implemented — new authoritative page,https://www.coachingpromo.in/solutions/convocation-products,Low after consolidation,,Consolidated with convocation products; no separate page required.
college convocation gowns,Graduation / Convocation,Commercial,P1,convocation products,convocation products,college convocation gowns,https://www.coachingpromo.in/solutions/convocation-products,New,Commercial solution page,New commercial landing page,Implemented — new authoritative page,https://www.coachingpromo.in/solutions/convocation-products,Low after consolidation,,Consolidated with convocation products; no separate page required.
university graduation gowns,Graduation / Convocation,Commercial,P1,graduation gowns India,graduation gowns India,university graduation gowns,https://www.coachingpromo.in/apparel-accessories/graduation-gown,Existing,Category / subcategory page,Existing page — secondary keyword,Implemented — mapped to existing canonical page,https://www.coachingpromo.in/apparel-accessories/graduation-gown,Low after consolidation,,Consolidated with graduation gowns India; no separate page required.
graduation caps India,Graduation / Convocation,Commercial,P1,graduation caps India,graduation caps India,,https://www.coachingpromo.in/apparel-accessories/graduation-hat,Existing,Category / subcategory page,Existing page — primary keyword,Implemented — mapped to existing canonical page,https://www.coachingpromo.in/apparel-accessories/graduation-hat,Low after consolidation,India,Consolidated with graduation caps India; no separate page required.
graduation hats India,Graduation / Convocation,Commercial,P1,graduation caps India,graduation caps India,graduation hats India,https://www.coachingpromo.in/apparel-accessories/graduation-hat,Existing,Category / subcategory page,Existing page — secondary keyword,Implemented — mapped to existing canonical page,https://www.coachingpromo.in/apparel-accessories/graduation-hat,Low after consolidation,India,Consolidated with graduation caps India; no separate page required.
convocation caps,Graduation / Convocation,Commercial,P1,convocation products,convocation products,convocation caps,https://www.coachingpromo.in/solutions/convocation-products,New,Commercial solution page,New commercial landing page,Implemented — new authoritative page,https://www.coachingpromo.in/solutions/convocation-products,Low after consolidation,,Consolidated with convocation products; no separate page required.
graduation cap and gown India,Graduation / Convocation,Commercial,P1,graduation caps India,graduation caps India,graduation cap and gown India,https://www.coachingpromo.in/apparel-accessories/graduation-hat,Existing,Category / subcategory page,Existing page — secondary keyword,Implemented — mapped to existing canonical page,https://www.coachingpromo.in/apparel-accessories/graduation-hat,Low after consolidation,India,Consolidated with graduation caps India; no separate page required.
convocation dress supplier,Graduation / Convocation,Commercial,P1,convocation products,convocation products,convocation dress supplier,https://www.coachingpromo.in/solutions/convocation-products,New,Commercial solution page,New commercial landing page,Implemented — new authoritative page,https://www.coachingpromo.in/solutions/convocation-products,Low after consolidation,,Consolidated with convocation products; no separate page required.
academic gowns India,Graduation / Convocation,Commercial,P1,promotional products for coaching institutes,promotional products for coaching institutes,academic gowns India,https://www.coachingpromo.in/,Existing,Homepage,Existing page — secondary keyword,Implemented — mapped to existing canonical page,https://www.coachingpromo.in/,Low after consolidation,India,Consolidated with promotional products for coaching institutes; no separate page required.
university gowns India,Graduation / Convocation,Commercial,P1,promotional products for coaching institutes,promotional products for coaching institutes,university gowns India,https://www.coachingpromo.in/,Existing,Homepage,Existing page — secondary keyword,Implemented — mapped to existing canonical page,https://www.coachingpromo.in/,Low after consolidation,India,Consolidated with promotional products for coaching institutes; no separate page required.
graduation stoles,Graduation / Convocation,Commercial,P1,graduation stoles India,graduation stoles India,graduation stoles,https://www.coachingpromo.in/apparel-accessories/graduation-stole,Existing,Category / subcategory page,Existing page — secondary keyword,Implemented — mapped to existing canonical page,https://www.coachingpromo.in/apparel-accessories/graduation-stole,Low after consolidation,,Consolidated with graduation stoles India; no separate page required.
custom graduation stoles,Graduation / Convocation,Commercial,P1,graduation stoles India,graduation stoles India,custom graduation stoles,https://www.coachingpromo.in/apparel-accessories/graduation-stole,Existing,Category / subcategory page,Existing page — secondary keyword,Implemented — mapped to existing canonical page,https://www.coachingpromo.in/apparel-accessories/graduation-stole,Low after consolidation,,Consolidated with graduation stoles India; no separate page required.
graduation sash,Graduation / Convocation,Commercial,P1,graduation stoles India,graduation stoles India,graduation sash,https://www.coachingpromo.in/apparel-accessories/graduation-stole,Existing,Category / subcategory page,Existing page — secondary keyword,Implemented — mapped to existing canonical page,https://www.coachingpromo.in/apparel-accessories/graduation-stole,Low after consolidation,,Consolidated with graduation stoles India; no separate page required.
custom graduation sash,Graduation / Convocation,Commercial,P1,graduation stoles India,graduation stoles India,custom graduation sash,https://www.coachingpromo.in/apparel-accessories/graduation-stole,Existing,Category / subcategory page,Existing page — secondary keyword,Implemented — mapped to existing canonical page,https://www.coachingpromo.in/apparel-accessories/graduation-stole,Low after consolidation,,Consolidated with graduation stoles India; no separate page required.
convocation stole,Graduation / Convocation,Commercial,P1,convocation products,convocation products,convocation stole,https://www.coachingpromo.in/solutions/convocation-products,New,Commercial solution page,New commercial landing page,Implemented — new authoritative page,https://www.coachingpromo.in/solutions/convocation-products,Low after consolidation,,Consolidated with convocation products; no separate page required.
graduation hood,Graduation / Convocation,Commercial,P1,promotional products for coaching institutes,promotional products for coaching institutes,graduation hood,https://www.coachingpromo.in/,Existing,Homepage,Existing page — secondary keyword,Implemented — mapped to existing canonical page,https://www.coachingpromo.in/,Low after consolidation,,Consolidated with promotional products for coaching institutes; no separate page required.
academic hood,Graduation / Convocation,Commercial,P1,promotional products for coaching institutes,promotional products for coaching institutes,academic hood,https://www.coachingpromo.in/,Existing,Homepage,Existing page — secondary keyword,Implemented — mapped to existing canonical page,https://www.coachingpromo.in/,Low after consolidation,,Consolidated with promotional products for coaching institutes; no separate page required.
degree folder India,Graduation / Convocation,Commercial,P1,degree certificate folders,degree certificate folders,degree folder India,https://www.coachingpromo.in/stationery/graduation-degree-folders,Existing,Category / subcategory page,Existing page — secondary keyword,Implemented — mapped to existing canonical page,https://www.coachingpromo.in/stationery/graduation-degree-folders,Low after consolidation,India,Consolidated with degree certificate folders; no separate page required.
graduation degree folders,Graduation / Convocation,Commercial,P1,degree certificate folders,degree certificate folders,graduation degree folders,https://www.coachingpromo.in/stationery/graduation-degree-folders,Existing,Category / subcategory page,Existing page — secondary keyword,Implemented — mapped to existing canonical page,https://www.coachingpromo.in/stationery/graduation-degree-folders,Low after consolidation,,Consolidated with degree certificate folders; no separate page required.
certificate folders India,Graduation / Convocation,Commercial,P1,degree certificate folders,degree certificate folders,certificate folders India,https://www.coachingpromo.in/stationery/graduation-degree-folders,Existing,Category / subcategory page,Existing page — secondary keyword,Implemented — mapped to existing canonical page,https://www.coachingpromo.in/stationery/graduation-degree-folders,Low after consolidation,India,Consolidated with degree certificate folders; no separate page required.
customised degree folders,Graduation / Convocation,Commercial,P1,degree certificate folders,degree certificate folders,customised degree folders,https://www.coachingpromo.in/stationery/graduation-degree-folders,Existing,Category / subcategory page,Existing page — secondary keyword,Implemented — mapped to existing canonical page,https://www.coachingpromo.in/stationery/graduation-degree-folders,Low after consolidation,,Consolidated with degree certificate folders; no separate page required.
university degree folder,Graduation / Convocation,Commercial,P1,degree certificate folders,degree certificate folders,university degree folder,https://www.coachingpromo.in/stationery/graduation-degree-folders,Existing,Category / subcategory page,Existing page — secondary keyword,Implemented — mapped to existing canonical page,https://www.coachingpromo.in/stationery/graduation-degree-folders,Low after consolidation,,Consolidated with degree certificate folders; no separate page required.
convocation folder,Graduation / Convocation,Commercial,P1,convocation products,convocation products,convocation folder,https://www.coachingpromo.in/solutions/convocation-products,New,Commercial solution page,New commercial landing page,Implemented — new authoritative page,https://www.coachingpromo.in/solutions/convocation-products,Low after consolidation,,Consolidated with convocation products; no separate page required.
certificate holder with logo,Graduation / Convocation,Commercial,P1,promotional products for coaching institutes,promotional products for coaching institutes,certificate holder with logo,https://www.coachingpromo.in/,Existing,Homepage,Existing page — secondary keyword,Implemented — mapped to existing canonical page,https://www.coachingpromo.in/,Low after consolidation,,Consolidated with promotional products for coaching institutes; no separate page required.
customized folders India,Files / Folders,Commercial,P1,customized folders India,customized folders India,,https://www.coachingpromo.in/stationery/branding-files-and-folders,Existing,Category / subcategory page,Existing page — primary keyword,Implemented — mapped to existing canonical page,https://www.coachingpromo.in/stationery/branding-files-and-folders,Low after consolidation,India,Consolidated with customized folders India; no separate page required.
custom file folders India,Files / Folders,Commercial,P1,customized folders India,customized folders India,custom file folders India,https://www.coachingpromo.in/stationery/branding-files-and-folders,Existing,Category / subcategory page,Existing page — secondary keyword,Implemented — mapped to existing canonical page,https://www.coachingpromo.in/stationery/branding-files-and-folders,Low after consolidation,India,Consolidated with customized folders India; no separate page required.
branded folders India,Files / Folders,Commercial,P1,customized folders India,customized folders India,branded folders India,https://www.coachingpromo.in/stationery/branding-files-and-folders,Existing,Category / subcategory page,Existing page — secondary keyword,Implemented — mapped to existing canonical page,https://www.coachingpromo.in/stationery/branding-files-and-folders,Low after consolidation,India,Consolidated with customized folders India; no separate page required.
promotional folders India,Files / Folders,Commercial,P1,customized folders India,customized folders India,promotional folders India,https://www.coachingpromo.in/stationery/branding-files-and-folders,Existing,Category / subcategory page,Existing page — secondary keyword,Implemented — mapped to existing canonical page,https://www.coachingpromo.in/stationery/branding-files-and-folders,Low after consolidation,India,Consolidated with customized folders India; no separate page required.
corporate folders India,Files / Folders,Commercial,P1,customized folders India,customized folders India,corporate folders India,https://www.coachingpromo.in/stationery/branding-files-and-folders,Existing,Category / subcategory page,Existing page — secondary keyword,Implemented — mapped to existing canonical page,https://www.coachingpromo.in/stationery/branding-files-and-folders,Low after consolidation,India,Consolidated with customized folders India; no separate page required.
document folders with logo,Files / Folders,Commercial,P1,customized folders India,customized folders India,document folders with logo,https://www.coachingpromo.in/stationery/branding-files-and-folders,Existing,Category / subcategory page,Existing page — secondary keyword,Implemented — mapped to existing canonical page,https://www.coachingpromo.in/stationery/branding-files-and-folders,Low after consolidation,,Consolidated with customized folders India; no separate page required.
certificate folders,Files / Folders,Commercial,P1,degree certificate folders,degree certificate folders,certificate folders,https://www.coachingpromo.in/stationery/graduation-degree-folders,Existing,Category / subcategory page,Existing page — secondary keyword,Implemented — mapped to existing canonical page,https://www.coachingpromo.in/stationery/graduation-degree-folders,Low after consolidation,,Consolidated with degree certificate folders; no separate page required.
institute file folders,Files / Folders,Commercial,P1,customized folders India,customized folders India,institute file folders,https://www.coachingpromo.in/stationery/branding-files-and-folders,Existing,Category / subcategory page,Existing page — secondary keyword,Implemented — mapped to existing canonical page,https://www.coachingpromo.in/stationery/branding-files-and-folders,Low after consolidation,,Consolidated with customized folders India; no separate page required.
coaching institute folders,Files / Folders,Commercial,P1,customized folders India,customized folders India,coaching institute folders,https://www.coachingpromo.in/stationery/branding-files-and-folders,Existing,Category / subcategory page,Existing page — secondary keyword,Implemented — mapped to existing canonical page,https://www.coachingpromo.in/stationery/branding-files-and-folders,Low after consolidation,,Consolidated with customized folders India; no separate page required.
school folders,Files / Folders,Commercial,P1,customized folders India,customized folders India,school folders,https://www.coachingpromo.in/stationery/branding-files-and-folders,Existing,Category / subcategory page,Existing page — secondary keyword,Implemented — mapped to existing canonical page,https://www.coachingpromo.in/stationery/branding-files-and-folders,Low after consolidation,,Consolidated with customized folders India; no separate page required.
college folders,Files / Folders,Commercial,P1,customized folders India,customized folders India,college folders,https://www.coachingpromo.in/stationery/branding-files-and-folders,Existing,Category / subcategory page,Existing page — secondary keyword,Implemented — mapped to existing canonical page,https://www.coachingpromo.in/stationery/branding-files-and-folders,Low after consolidation,,Consolidated with customized folders India; no separate page required.
admission folders,Files / Folders,Commercial,P1,customized folders India,customized folders India,admission folders,https://www.coachingpromo.in/stationery/branding-files-and-folders,Existing,Category / subcategory page,Existing page — secondary keyword,Implemented — mapped to existing canonical page,https://www.coachingpromo.in/stationery/branding-files-and-folders,Low after consolidation,,Consolidated with customized folders India; no separate page required.
student folders,Files / Folders,Commercial,P1,customized folders India,customized folders India,student folders,https://www.coachingpromo.in/stationery/branding-files-and-folders,Existing,Category / subcategory page,Existing page — secondary keyword,Implemented — mapped to existing canonical page,https://www.coachingpromo.in/stationery/branding-files-and-folders,Low after consolidation,,Consolidated with customized folders India; no separate page required.
seminar folders,Files / Folders,Commercial,P1,customized folders India,customized folders India,seminar folders,https://www.coachingpromo.in/stationery/branding-files-and-folders,Existing,Category / subcategory page,Existing page — secondary keyword,Implemented — mapped to existing canonical page,https://www.coachingpromo.in/stationery/branding-files-and-folders,Low after consolidation,,Consolidated with customized folders India; no separate page required.
conference folders,Files / Folders,Commercial,P1,customized folders India,customized folders India,conference folders,https://www.coachingpromo.in/stationery/branding-files-and-folders,Existing,Category / subcategory page,Existing page — secondary keyword,Implemented — mapped to existing canonical page,https://www.coachingpromo.in/stationery/branding-files-and-folders,Low after consolidation,,Consolidated with customized folders India; no separate page required.
custom presentation folders,Files / Folders,Commercial,P1,customized folders India,customized folders India,custom presentation folders,https://www.coachingpromo.in/stationery/branding-files-and-folders,Existing,Category / subcategory page,Existing page — secondary keyword,Implemented — mapped to existing canonical page,https://www.coachingpromo.in/stationery/branding-files-and-folders,Low after consolidation,,Consolidated with customized folders India; no separate page required.
personalized folders India,Files / Folders,Commercial,P1,customized folders India,customized folders India,personalized folders India,https://www.coachingpromo.in/stationery/branding-files-and-folders,Existing,Category / subcategory page,Existing page — secondary keyword,Implemented — mapped to existing canonical page,https://www.coachingpromo.in/stationery/branding-files-and-folders,Low after consolidation,India,Consolidated with customized folders India; no separate page required.
custom lanyards India,ID Cards / Lanyards,Commercial,P1,custom lanyards and ID cards,custom lanyards and ID cards,custom lanyards India,https://www.coachingpromo.in/stationery/lanyard-and-id-card,Existing,Category / subcategory page,Existing page — secondary keyword,Implemented — mapped to existing canonical page,https://www.coachingpromo.in/stationery/lanyard-and-id-card,Low after consolidation,India,Consolidated with custom lanyards and ID cards; no separate page required.
customized lanyards India,ID Cards / Lanyards,Commercial,P1,custom lanyards and ID cards,custom lanyards and ID cards,customized lanyards India,https://www.coachingpromo.in/stationery/lanyard-and-id-card,Existing,Category / subcategory page,Existing page — secondary keyword,Implemented — mapped to existing canonical page,https://www.coachingpromo.in/stationery/lanyard-and-id-card,Low after consolidation,India,Consolidated with custom lanyards and ID cards; no separate page required.
printed lanyards India,ID Cards / Lanyards,Commercial,P1,custom lanyards and ID cards,custom lanyards and ID cards,printed lanyards India,https://www.coachingpromo.in/stationery/lanyard-and-id-card,Existing,Category / subcategory page,Existing page — secondary keyword,Implemented — mapped to existing canonical page,https://www.coachingpromo.in/stationery/lanyard-and-id-card,Low after consolidation,India,Consolidated with custom lanyards and ID cards; no separate page required.
lanyard manufacturer India,ID Cards / Lanyards,Commercial,P1,custom lanyards and ID cards,custom lanyards and ID cards,lanyard manufacturer India,https://www.coachingpromo.in/stationery/lanyard-and-id-card,Existing,Category / subcategory page,Existing page — secondary keyword,Implemented — mapped to existing canonical page,https://www.coachingpromo.in/stationery/lanyard-and-id-card,Low after consolidation,India,Consolidated with custom lanyards and ID cards; no separate page required.
lanyards with logo,ID Cards / Lanyards,Commercial,P1,custom lanyards and ID cards,custom lanyards and ID cards,lanyards with logo,https://www.coachingpromo.in/stationery/lanyard-and-id-card,Existing,Category / subcategory page,Existing page — secondary keyword,Implemented — mapped to existing canonical page,https://www.coachingpromo.in/stationery/lanyard-and-id-card,Low after consolidation,,Consolidated with custom lanyards and ID cards; no separate page required.
institute lanyards,ID Cards / Lanyards,Commercial,P1,custom lanyards and ID cards,custom lanyards and ID cards,institute lanyards,https://www.coachingpromo.in/stationery/lanyard-and-id-card,Existing,Category / subcategory page,Existing page — secondary keyword,Implemented — mapped to existing canonical page,https://www.coachingpromo.in/stationery/lanyard-and-id-card,Low after consolidation,,Consolidated with custom lanyards and ID cards; no separate page required.
coaching institute lanyards,ID Cards / Lanyards,Commercial,P1,custom lanyards and ID cards,custom lanyards and ID cards,coaching institute lanyards,https://www.coachingpromo.in/stationery/lanyard-and-id-card,Existing,Category / subcategory page,Existing page — secondary keyword,Implemented — mapped to existing canonical page,https://www.coachingpromo.in/stationery/lanyard-and-id-card,Low after consolidation,,Consolidated with custom lanyards and ID cards; no separate page required.
school lanyards,ID Cards / Lanyards,Commercial,P1,custom lanyards and ID cards,custom lanyards and ID cards,school lanyards,https://www.coachingpromo.in/stationery/lanyard-and-id-card,Existing,Category / subcategory page,Existing page — secondary keyword,Implemented — mapped to existing canonical page,https://www.coachingpromo.in/stationery/lanyard-and-id-card,Low after consolidation,,Consolidated with custom lanyards and ID cards; no separate page required.
college lanyards,ID Cards / Lanyards,Commercial,P1,custom lanyards and ID cards,custom lanyards and ID cards,college lanyards,https://www.coachingpromo.in/stationery/lanyard-and-id-card,Existing,Category / subcategory page,Existing page — secondary keyword,Implemented — mapped to existing canonical page,https://www.coachingpromo.in/stationery/lanyard-and-id-card,Low after consolidation,,Consolidated with custom lanyards and ID cards; no separate page required.
student lanyards,ID Cards / Lanyards,Commercial,P1,custom lanyards and ID cards,custom lanyards and ID cards,student lanyards,https://www.coachingpromo.in/stationery/lanyard-and-id-card,Existing,Category / subcategory page,Existing page — secondary keyword,Implemented — mapped to existing canonical page,https://www.coachingpromo.in/stationery/lanyard-and-id-card,Low after consolidation,,Consolidated with custom lanyards and ID cards; no separate page required.
ID cards for coaching institutes,ID Cards / Lanyards,Commercial,P1,custom lanyards and ID cards,custom lanyards and ID cards,ID cards for coaching institutes,https://www.coachingpromo.in/stationery/lanyard-and-id-card,Existing,Category / subcategory page,Existing page — secondary keyword,Implemented — mapped to existing canonical page,https://www.coachingpromo.in/stationery/lanyard-and-id-card,Low after consolidation,,Consolidated with custom lanyards and ID cards; no separate page required.
customized ID cards India,ID Cards / Lanyards,Commercial,P1,custom lanyards and ID cards,custom lanyards and ID cards,customized ID cards India,https://www.coachingpromo.in/stationery/lanyard-and-id-card,Existing,Category / subcategory page,Existing page — secondary keyword,Implemented — mapped to existing canonical page,https://www.coachingpromo.in/stationery/lanyard-and-id-card,Low after consolidation,India,Consolidated with custom lanyards and ID cards; no separate page required.
student ID cards,ID Cards / Lanyards,Commercial,P1,custom lanyards and ID cards,custom lanyards and ID cards,student ID cards,https://www.coachingpromo.in/stationery/lanyard-and-id-card,Existing,Category / subcategory page,Existing page — secondary keyword,Implemented — mapped to existing canonical page,https://www.coachingpromo.in/stationery/lanyard-and-id-card,Low after consolidation,,Consolidated with custom lanyards and ID cards; no separate page required.
school ID cards,ID Cards / Lanyards,Commercial,P1,custom lanyards and ID cards,custom lanyards and ID cards,school ID cards,https://www.coachingpromo.in/stationery/lanyard-and-id-card,Existing,Category / subcategory page,Existing page — secondary keyword,Implemented — mapped to existing canonical page,https://www.coachingpromo.in/stationery/lanyard-and-id-card,Low after consolidation,,Consolidated with custom lanyards and ID cards; no separate page required.
college ID cards,ID Cards / Lanyards,Commercial,P1,custom lanyards and ID cards,custom lanyards and ID cards,college ID cards,https://www.coachingpromo.in/stationery/lanyard-and-id-card,Existing,Category / subcategory page,Existing page — secondary keyword,Implemented — mapped to existing canonical page,https://www.coachingpromo.in/stationery/lanyard-and-id-card,Low after consolidation,,Consolidated with custom lanyards and ID cards; no separate page required.
employee ID cards,ID Cards / Lanyards,Commercial,P1,custom lanyards and ID cards,custom lanyards and ID cards,employee ID cards,https://www.coachingpromo.in/stationery/lanyard-and-id-card,Existing,Category / subcategory page,Existing page — secondary keyword,Implemented — mapped to existing canonical page,https://www.coachingpromo.in/stationery/lanyard-and-id-card,Low after consolidation,,Consolidated with custom lanyards and ID cards; no separate page required.
ID card and lanyard supplier,ID Cards / Lanyards,Commercial,P1,custom lanyards and ID cards,custom lanyards and ID cards,ID card and lanyard supplier,https://www.coachingpromo.in/stationery/lanyard-and-id-card,Existing,Category / subcategory page,Existing page — secondary keyword,Implemented — mapped to existing canonical page,https://www.coachingpromo.in/stationery/lanyard-and-id-card,Low after consolidation,,Consolidated with custom lanyards and ID cards; no separate page required.
student welcome kit,Student Welcome Kits,Commercial,P0,student welcome kits,student welcome kits,student welcome kit,https://www.coachingpromo.in/solutions/student-welcome-kits,New,Commercial solution page,New commercial landing page,Implemented — new authoritative page,https://www.coachingpromo.in/solutions/student-welcome-kits,Low after consolidation,,Consolidated with student welcome kits; no separate page required.
student welcome kits India,Student Welcome Kits,Commercial,P0,student welcome kits,student welcome kits,student welcome kits India,https://www.coachingpromo.in/solutions/student-welcome-kits,New,Commercial solution page,New commercial landing page,Implemented — new authoritative page,https://www.coachingpromo.in/solutions/student-welcome-kits,Low after consolidation,India,Consolidated with student welcome kits; no separate page required.
customized student welcome kit,Student Welcome Kits,Commercial,P0,student welcome kits,student welcome kits,customized student welcome kit,https://www.coachingpromo.in/solutions/student-welcome-kits,New,Commercial solution page,New commercial landing page,Implemented — new authoritative page,https://www.coachingpromo.in/solutions/student-welcome-kits,Low after consolidation,,Consolidated with student welcome kits; no separate page required.
student onboarding kit,Student Welcome Kits,Commercial,P0,student welcome kits,student welcome kits,student onboarding kit,https://www.coachingpromo.in/solutions/student-welcome-kits,New,Commercial solution page,New commercial landing page,Implemented — new authoritative page,https://www.coachingpromo.in/solutions/student-welcome-kits,Low after consolidation,,Consolidated with student welcome kits; no separate page required.
college welcome kit,Student Welcome Kits,Commercial,P0,student welcome kits,student welcome kits,college welcome kit,https://www.coachingpromo.in/solutions/student-welcome-kits,New,Commercial solution page,New commercial landing page,Implemented — new authoritative page,https://www.coachingpromo.in/solutions/student-welcome-kits,Low after consolidation,,Consolidated with student welcome kits; no separate page required.
university welcome kit,Student Welcome Kits,Commercial,P0,student welcome kits,student welcome kits,university welcome kit,https://www.coachingpromo.in/solutions/student-welcome-kits,New,Commercial solution page,New commercial landing page,Implemented — new authoritative page,https://www.coachingpromo.in/solutions/student-welcome-kits,Low after consolidation,,Consolidated with student welcome kits; no separate page required.
school welcome kit,Student Welcome Kits,Commercial,P0,student welcome kits,student welcome kits,school welcome kit,https://www.coachingpromo.in/solutions/student-welcome-kits,New,Commercial solution page,New commercial landing page,Implemented — new authoritative page,https://www.coachingpromo.in/solutions/student-welcome-kits,Low after consolidation,,Consolidated with student welcome kits; no separate page required.
coaching institute welcome kit,Student Welcome Kits,Commercial,P0,student welcome kits,student welcome kits,coaching institute welcome kit,https://www.coachingpromo.in/solutions/student-welcome-kits,New,Commercial solution page,New commercial landing page,Implemented — new authoritative page,https://www.coachingpromo.in/solutions/student-welcome-kits,Low after consolidation,,Consolidated with student welcome kits; no separate page required.
coaching centre student kit,Student Welcome Kits,Commercial,P0,student welcome kits,student welcome kits,coaching centre student kit,https://www.coachingpromo.in/solutions/student-welcome-kits,New,Commercial solution page,New commercial landing page,Implemented — new authoritative page,https://www.coachingpromo.in/solutions/student-welcome-kits,Low after consolidation,,Consolidated with student welcome kits; no separate page required.
student kit for coaching institutes,Student Welcome Kits,Commercial,P0,student welcome kits,student welcome kits,student kit for coaching institutes,https://www.coachingpromo.in/solutions/student-welcome-kits,New,Commercial solution page,New commercial landing page,Implemented — new authoritative page,https://www.coachingpromo.in/solutions/student-welcome-kits,Low after consolidation,,Consolidated with student welcome kits; no separate page required.
admission kit for students,Student Welcome Kits,Commercial,P0,student welcome kits,student welcome kits,admission kit for students,https://www.coachingpromo.in/solutions/student-welcome-kits,New,Commercial solution page,New commercial landing page,Implemented — new authoritative page,https://www.coachingpromo.in/solutions/student-welcome-kits,Low after consolidation,,Consolidated with student welcome kits; no separate page required.
admission welcome kit,Student Welcome Kits,Commercial,P0,student welcome kits,student welcome kits,admission welcome kit,https://www.coachingpromo.in/solutions/student-welcome-kits,New,Commercial solution page,New commercial landing page,Implemented — new authoritative page,https://www.coachingpromo.in/solutions/student-welcome-kits,Low after consolidation,,Consolidated with student welcome kits; no separate page required.
student starter kit,Student Welcome Kits,Commercial,P0,student welcome kits,student welcome kits,student starter kit,https://www.coachingpromo.in/solutions/student-welcome-kits,New,Commercial solution page,New commercial landing page,Implemented — new authoritative page,https://www.coachingpromo.in/solutions/student-welcome-kits,Low after consolidation,,Consolidated with student welcome kits; no separate page required.
new student kit,Student Welcome Kits,Commercial,P0,student welcome kits,student welcome kits,new student kit,https://www.coachingpromo.in/solutions/student-welcome-kits,New,Commercial solution page,New commercial landing page,Implemented — new authoritative page,https://www.coachingpromo.in/solutions/student-welcome-kits,Low after consolidation,,Consolidated with student welcome kits; no separate page required.
orientation kit for students,Student Welcome Kits,Commercial,P0,student welcome kits,student welcome kits,orientation kit for students,https://www.coachingpromo.in/solutions/student-welcome-kits,New,Commercial solution page,New commercial landing page,Implemented — new authoritative page,https://www.coachingpromo.in/solutions/student-welcome-kits,Low after consolidation,,Consolidated with student welcome kits; no separate page required.
college orientation kits,Student Welcome Kits,Commercial,P0,student welcome kits,student welcome kits,college orientation kits,https://www.coachingpromo.in/solutions/student-welcome-kits,New,Commercial solution page,New commercial landing page,Implemented — new authoritative page,https://www.coachingpromo.in/solutions/student-welcome-kits,Low after consolidation,,Consolidated with student welcome kits; no separate page required.
institute orientation kits,Student Welcome Kits,Commercial,P0,student welcome kits,student welcome kits,institute orientation kits,https://www.coachingpromo.in/solutions/student-welcome-kits,New,Commercial solution page,New commercial landing page,Implemented — new authoritative page,https://www.coachingpromo.in/solutions/student-welcome-kits,Low after consolidation,,Consolidated with student welcome kits; no separate page required.
customized orientation kits,Student Welcome Kits,Commercial,P0,student welcome kits,student welcome kits,customized orientation kits,https://www.coachingpromo.in/solutions/student-welcome-kits,New,Commercial solution page,New commercial landing page,Implemented — new authoritative page,https://www.coachingpromo.in/solutions/student-welcome-kits,Low after consolidation,,Consolidated with student welcome kits; no separate page required.
branded student kits,Student Welcome Kits,Commercial,P0,student welcome kits,student welcome kits,branded student kits,https://www.coachingpromo.in/solutions/student-welcome-kits,New,Commercial solution page,New commercial landing page,Implemented — new authoritative page,https://www.coachingpromo.in/solutions/student-welcome-kits,Low after consolidation,,Consolidated with student welcome kits; no separate page required.
student merchandise kits,Student Welcome Kits,Commercial,P0,student welcome kits,student welcome kits,student merchandise kits,https://www.coachingpromo.in/solutions/student-welcome-kits,New,Commercial solution page,New commercial landing page,Implemented — new authoritative page,https://www.coachingpromo.in/solutions/student-welcome-kits,Low after consolidation,,Consolidated with student welcome kits; no separate page required.
educational welcome kits,Student Welcome Kits,Commercial,P0,student welcome kits,student welcome kits,educational welcome kits,https://www.coachingpromo.in/solutions/student-welcome-kits,New,Commercial solution page,New commercial landing page,Implemented — new authoritative page,https://www.coachingpromo.in/solutions/student-welcome-kits,Low after consolidation,,Consolidated with student welcome kits; no separate page required.
institute onboarding kits,Student Welcome Kits,Commercial,P0,student welcome kits,student welcome kits,institute onboarding kits,https://www.coachingpromo.in/solutions/student-welcome-kits,New,Commercial solution page,New commercial landing page,Implemented — new authoritative page,https://www.coachingpromo.in/solutions/student-welcome-kits,Low after consolidation,,Consolidated with student welcome kits; no separate page required.
college onboarding kits,Student Welcome Kits,Commercial,P0,student welcome kits,student welcome kits,college onboarding kits,https://www.coachingpromo.in/solutions/student-welcome-kits,New,Commercial solution page,New commercial landing page,Implemented — new authoritative page,https://www.coachingpromo.in/solutions/student-welcome-kits,Low after consolidation,,Consolidated with student welcome kits; no separate page required.
university onboarding kits,Student Welcome Kits,Commercial,P0,student welcome kits,student welcome kits,university onboarding kits,https://www.coachingpromo.in/solutions/student-welcome-kits,New,Commercial solution page,New commercial landing page,Implemented — new authoritative page,https://www.coachingpromo.in/solutions/student-welcome-kits,Low after consolidation,,Consolidated with student welcome kits; no separate page required.
student induction kits,Student Welcome Kits,Commercial,P0,student welcome kits,student welcome kits,student induction kits,https://www.coachingpromo.in/solutions/student-welcome-kits,New,Commercial solution page,New commercial landing page,Implemented — new authoritative page,https://www.coachingpromo.in/solutions/student-welcome-kits,Low after consolidation,,Consolidated with student welcome kits; no separate page required.
custom event merchandise India,Event Merchandise,Commercial,P1,event merchandise for educational institutions,event merchandise for educational institutions,custom event merchandise India,https://www.coachingpromo.in/solutions/event-merchandise-for-educational-institutions,New,Commercial solution page,New commercial landing page,Implemented — new authoritative page,https://www.coachingpromo.in/solutions/event-merchandise-for-educational-institutions,Low after consolidation,India,Consolidated with event merchandise for educational institutions; no separate page required.
event merchandise supplier,Event Merchandise,Commercial,P1,event merchandise for educational institutions,event merchandise for educational institutions,event merchandise supplier,https://www.coachingpromo.in/solutions/event-merchandise-for-educational-institutions,New,Commercial solution page,New commercial landing page,Implemented — new authoritative page,https://www.coachingpromo.in/solutions/event-merchandise-for-educational-institutions,Low after consolidation,,Consolidated with event merchandise for educational institutions; no separate page required.
promotional products for events,Event Merchandise,Commercial,P1,event merchandise for educational institutions,event merchandise for educational institutions,promotional products for events,https://www.coachingpromo.in/solutions/event-merchandise-for-educational-institutions,New,Commercial solution page,New commercial landing page,Implemented — new authoritative page,https://www.coachingpromo.in/solutions/event-merchandise-for-educational-institutions,Low after consolidation,,Consolidated with event merchandise for educational institutions; no separate page required.
event branding products,Event Merchandise,Commercial,P1,event merchandise for educational institutions,event merchandise for educational institutions,event branding products,https://www.coachingpromo.in/solutions/event-merchandise-for-educational-institutions,New,Commercial solution page,New commercial landing page,Implemented — new authoritative page,https://www.coachingpromo.in/solutions/event-merchandise-for-educational-institutions,Low after consolidation,,Consolidated with event merchandise for educational institutions; no separate page required.
custom merchandise for college fest,Event Merchandise,Commercial,P1,event merchandise for educational institutions,event merchandise for educational institutions,custom merchandise for college fest,https://www.coachingpromo.in/solutions/event-merchandise-for-educational-institutions,New,Commercial solution page,New commercial landing page,Implemented — new authoritative page,https://www.coachingpromo.in/solutions/event-merchandise-for-educational-institutions,Low after consolidation,,Consolidated with event merchandise for educational institutions; no separate page required.
college fest merchandise,Event Merchandise,Commercial,P1,event merchandise for educational institutions,event merchandise for educational institutions,college fest merchandise,https://www.coachingpromo.in/solutions/event-merchandise-for-educational-institutions,New,Commercial solution page,New commercial landing page,Implemented — new authoritative page,https://www.coachingpromo.in/solutions/event-merchandise-for-educational-institutions,Low after consolidation,,Consolidated with event merchandise for educational institutions; no separate page required.
university fest merchandise,Event Merchandise,Commercial,P1,event merchandise for educational institutions,event merchandise for educational institutions,university fest merchandise,https://www.coachingpromo.in/solutions/event-merchandise-for-educational-institutions,New,Commercial solution page,New commercial landing page,Implemented — new authoritative page,https://www.coachingpromo.in/solutions/event-merchandise-for-educational-institutions,Low after consolidation,,Consolidated with event merchandise for educational institutions; no separate page required.
student fest merchandise,Event Merchandise,Commercial,P1,event merchandise for educational institutions,event merchandise for educational institutions,student fest merchandise,https://www.coachingpromo.in/solutions/event-merchandise-for-educational-institutions,New,Commercial solution page,New commercial landing page,Implemented — new authoritative page,https://www.coachingpromo.in/solutions/event-merchandise-for-educational-institutions,Low after consolidation,,Consolidated with event merchandise for educational institutions; no separate page required.
seminar merchandise,Event Merchandise,Commercial,P1,event merchandise for educational institutions,event merchandise for educational institutions,seminar merchandise,https://www.coachingpromo.in/solutions/event-merchandise-for-educational-institutions,New,Commercial solution page,New commercial landing page,Implemented — new authoritative page,https://www.coachingpromo.in/solutions/event-merchandise-for-educational-institutions,Low after consolidation,,Consolidated with event merchandise for educational institutions; no separate page required.
conference merchandise India,Event Merchandise,Commercial,P1,event merchandise for educational institutions,event merchandise for educational institutions,conference merchandise India,https://www.coachingpromo.in/solutions/event-merchandise-for-educational-institutions,New,Commercial solution page,New commercial landing page,Implemented — new authoritative page,https://www.coachingpromo.in/solutions/event-merchandise-for-educational-institutions,Low after consolidation,India,Consolidated with event merchandise for educational institutions; no separate page required.
workshop merchandise,Event Merchandise,Commercial,P1,event merchandise for educational institutions,event merchandise for educational institutions,workshop merchandise,https://www.coachingpromo.in/solutions/event-merchandise-for-educational-institutions,New,Commercial solution page,New commercial landing page,Implemented — new authoritative page,https://www.coachingpromo.in/solutions/event-merchandise-for-educational-institutions,Low after consolidation,,Consolidated with event merchandise for educational institutions; no separate page required.
orientation event merchandise,Event Merchandise,Commercial,P1,event merchandise for educational institutions,event merchandise for educational institutions,orientation event merchandise,https://www.coachingpromo.in/solutions/event-merchandise-for-educational-institutions,New,Commercial solution page,New commercial landing page,Implemented — new authoritative page,https://www.coachingpromo.in/solutions/event-merchandise-for-educational-institutions,Low after consolidation,,Consolidated with event merchandise for educational institutions; no separate page required.
education event merchandise,Event Merchandise,Commercial,P1,event merchandise for educational institutions,event merchandise for educational institutions,education event merchandise,https://www.coachingpromo.in/solutions/event-merchandise-for-educational-institutions,New,Commercial solution page,New commercial landing page,Implemented — new authoritative page,https://www.coachingpromo.in/solutions/event-merchandise-for-educational-institutions,Low after consolidation,,Consolidated with event merchandise for educational institutions; no separate page required.
institutional event gifts,Event Merchandise,Commercial,P1,event merchandise for educational institutions,event merchandise for educational institutions,institutional event gifts,https://www.coachingpromo.in/solutions/event-merchandise-for-educational-institutions,New,Commercial solution page,New commercial landing page,Implemented — new authoritative page,https://www.coachingpromo.in/solutions/event-merchandise-for-educational-institutions,Low after consolidation,,Consolidated with event merchandise for educational institutions; no separate page required.
seminar giveaway items,Event Merchandise,Commercial,P1,event merchandise for educational institutions,event merchandise for educational institutions,seminar giveaway items,https://www.coachingpromo.in/solutions/event-merchandise-for-educational-institutions,New,Commercial solution page,New commercial landing page,Implemented — new authoritative page,https://www.coachingpromo.in/solutions/event-merchandise-for-educational-institutions,Low after consolidation,,Consolidated with event merchandise for educational institutions; no separate page required.
college event giveaway,Event Merchandise,Commercial,P1,event merchandise for educational institutions,event merchandise for educational institutions,college event giveaway,https://www.coachingpromo.in/solutions/event-merchandise-for-educational-institutions,New,Commercial solution page,New commercial landing page,Implemented — new authoritative page,https://www.coachingpromo.in/solutions/event-merchandise-for-educational-institutions,Low after consolidation,,Consolidated with event merchandise for educational institutions; no separate page required.
school event merchandise,Event Merchandise,Commercial,P1,event merchandise for educational institutions,event merchandise for educational institutions,school event merchandise,https://www.coachingpromo.in/solutions/event-merchandise-for-educational-institutions,New,Commercial solution page,New commercial landing page,Implemented — new authoritative page,https://www.coachingpromo.in/solutions/event-merchandise-for-educational-institutions,Low after consolidation,,Consolidated with event merchandise for educational institutions; no separate page required.
institute event kits,Event Merchandise,Commercial,P1,event merchandise for educational institutions,event merchandise for educational institutions,institute event kits,https://www.coachingpromo.in/solutions/event-merchandise-for-educational-institutions,New,Commercial solution page,New commercial landing page,Implemented — new authoritative page,https://www.coachingpromo.in/solutions/event-merchandise-for-educational-institutions,Low after consolidation,,Consolidated with event merchandise for educational institutions; no separate page required.
event welcome kits,Event Merchandise,Commercial,P1,event merchandise for educational institutions,event merchandise for educational institutions,event welcome kits,https://www.coachingpromo.in/solutions/event-merchandise-for-educational-institutions,New,Commercial solution page,New commercial landing page,Implemented — new authoritative page,https://www.coachingpromo.in/solutions/event-merchandise-for-educational-institutions,Low after consolidation,,Consolidated with event merchandise for educational institutions; no separate page required.
admission promotional products,Admissions / Marketing,Commercial,P1,student welcome kits,student welcome kits,admission promotional products,https://www.coachingpromo.in/solutions/student-welcome-kits,New,Commercial solution page,New commercial landing page,Implemented — new authoritative page,https://www.coachingpromo.in/solutions/student-welcome-kits,Low after consolidation,,Consolidated with student welcome kits; no separate page required.
admission campaign merchandise,Admissions / Marketing,Commercial,P1,student welcome kits,student welcome kits,admission campaign merchandise,https://www.coachingpromo.in/solutions/student-welcome-kits,New,Commercial solution page,New commercial landing page,Implemented — new authoritative page,https://www.coachingpromo.in/solutions/student-welcome-kits,Low after consolidation,,Consolidated with student welcome kits; no separate page required.
admission kit for coaching institutes,Admissions / Marketing,Commercial,P1,student welcome kits,student welcome kits,admission kit for coaching institutes,https://www.coachingpromo.in/solutions/student-welcome-kits,New,Commercial solution page,New commercial landing page,Implemented — new authoritative page,https://www.coachingpromo.in/solutions/student-welcome-kits,Low after consolidation,,Consolidated with student welcome kits; no separate page required.
college admission kit,Admissions / Marketing,Commercial,P1,student welcome kits,student welcome kits,college admission kit,https://www.coachingpromo.in/solutions/student-welcome-kits,New,Commercial solution page,New commercial landing page,Implemented — new authoritative page,https://www.coachingpromo.in/solutions/student-welcome-kits,Low after consolidation,,Consolidated with student welcome kits; no separate page required.
school admission kit,Admissions / Marketing,Commercial,P1,student welcome kits,student welcome kits,school admission kit,https://www.coachingpromo.in/solutions/student-welcome-kits,New,Commercial solution page,New commercial landing page,Implemented — new authoritative page,https://www.coachingpromo.in/solutions/student-welcome-kits,Low after consolidation,,Consolidated with student welcome kits; no separate page required.
student admission gifts,Admissions / Marketing,Commercial,P1,student welcome kits,student welcome kits,student admission gifts,https://www.coachingpromo.in/solutions/student-welcome-kits,New,Commercial solution page,New commercial landing page,Implemented — new authoritative page,https://www.coachingpromo.in/solutions/student-welcome-kits,Low after consolidation,,Consolidated with student welcome kits; no separate page required.
promotional items for admission campaign,Admissions / Marketing,Commercial,P1,student welcome kits,student welcome kits,promotional items for admission campaign,https://www.coachingpromo.in/solutions/student-welcome-kits,New,Commercial solution page,New commercial landing page,Implemented — new authoritative page,https://www.coachingpromo.in/solutions/student-welcome-kits,Low after consolidation,,Consolidated with student welcome kits; no separate page required.
education marketing merchandise,Admissions / Marketing,Commercial,P1,student welcome kits,student welcome kits,education marketing merchandise,https://www.coachingpromo.in/solutions/student-welcome-kits,New,Commercial solution page,New commercial landing page,Implemented — new authoritative page,https://www.coachingpromo.in/solutions/student-welcome-kits,Low after consolidation,,Consolidated with student welcome kits; no separate page required.
institute branding merchandise,Admissions / Marketing,Commercial,P1,student welcome kits,student welcome kits,institute branding merchandise,https://www.coachingpromo.in/solutions/student-welcome-kits,New,Commercial solution page,New commercial landing page,Implemented — new authoritative page,https://www.coachingpromo.in/solutions/student-welcome-kits,Low after consolidation,,Consolidated with student welcome kits; no separate page required.
coaching centre branding products,Admissions / Marketing,Commercial,P1,student welcome kits,student welcome kits,coaching centre branding products,https://www.coachingpromo.in/solutions/student-welcome-kits,New,Commercial solution page,New commercial landing page,Implemented — new authoritative page,https://www.coachingpromo.in/solutions/student-welcome-kits,Low after consolidation,,Consolidated with student welcome kits; no separate page required.
school branding products,Admissions / Marketing,Commercial,P1,student welcome kits,student welcome kits,school branding products,https://www.coachingpromo.in/solutions/student-welcome-kits,New,Commercial solution page,New commercial landing page,Implemented — new authoritative page,https://www.coachingpromo.in/solutions/student-welcome-kits,Low after consolidation,,Consolidated with student welcome kits; no separate page required.
college branding merchandise,Admissions / Marketing,Commercial,P1,student welcome kits,student welcome kits,college branding merchandise,https://www.coachingpromo.in/solutions/student-welcome-kits,New,Commercial solution page,New commercial landing page,Implemented — new authoritative page,https://www.coachingpromo.in/solutions/student-welcome-kits,Low after consolidation,,Consolidated with student welcome kits; no separate page required.
university branding products,Admissions / Marketing,Commercial,P1,student welcome kits,student welcome kits,university branding products,https://www.coachingpromo.in/solutions/student-welcome-kits,New,Commercial solution page,New commercial landing page,Implemented — new authoritative page,https://www.coachingpromo.in/solutions/student-welcome-kits,Low after consolidation,,Consolidated with student welcome kits; no separate page required.
student engagement merchandise,Admissions / Marketing,Commercial,P1,student welcome kits,student welcome kits,student engagement merchandise,https://www.coachingpromo.in/solutions/student-welcome-kits,New,Commercial solution page,New commercial landing page,Implemented — new authoritative page,https://www.coachingpromo.in/solutions/student-welcome-kits,Low after consolidation,,Consolidated with student welcome kits; no separate page required.
student promotional products,Admissions / Marketing,Commercial,P1,student welcome kits,student welcome kits,student promotional products,https://www.coachingpromo.in/solutions/student-welcome-kits,New,Commercial solution page,New commercial landing page,Implemented — new authoritative page,https://www.coachingpromo.in/solutions/student-welcome-kits,Low after consolidation,,Consolidated with student welcome kits; no separate page required.
campus promotional products,Admissions / Marketing,Commercial,P1,student welcome kits,student welcome kits,campus promotional products,https://www.coachingpromo.in/solutions/student-welcome-kits,New,Commercial solution page,New commercial landing page,Implemented — new authoritative page,https://www.coachingpromo.in/solutions/student-welcome-kits,Low after consolidation,,Consolidated with student welcome kits; no separate page required.
corporate gifts India,Corporate / Educational Gifting,Commercial,P1,corporate gifting for educational institutions,corporate gifting for educational institutions,corporate gifts India,https://www.coachingpromo.in/solutions/corporate-gifting-for-educational-institutions,New,Commercial solution page,New commercial landing page,Implemented — new authoritative page,https://www.coachingpromo.in/solutions/corporate-gifting-for-educational-institutions,Low after consolidation,India,Consolidated with corporate gifting for educational institutions; no separate page required.
corporate gifting India,Corporate / Educational Gifting,Commercial,P1,corporate gifting for educational institutions,corporate gifting for educational institutions,corporate gifting India,https://www.coachingpromo.in/solutions/corporate-gifting-for-educational-institutions,New,Commercial solution page,New commercial landing page,Implemented — new authoritative page,https://www.coachingpromo.in/solutions/corporate-gifting-for-educational-institutions,Low after consolidation,India,Consolidated with corporate gifting for educational institutions; no separate page required.
customized corporate gifts India,Corporate / Educational Gifting,Commercial,P1,corporate gifting for educational institutions,corporate gifting for educational institutions,customized corporate gifts India,https://www.coachingpromo.in/solutions/corporate-gifting-for-educational-institutions,New,Commercial solution page,New commercial landing page,Implemented — new authoritative page,https://www.coachingpromo.in/solutions/corporate-gifting-for-educational-institutions,Low after consolidation,India,Consolidated with corporate gifting for educational institutions; no separate page required.
corporate gifting company India,Corporate / Educational Gifting,Commercial,P1,corporate gifting for educational institutions,corporate gifting for educational institutions,corporate gifting company India,https://www.coachingpromo.in/solutions/corporate-gifting-for-educational-institutions,New,Commercial solution page,New commercial landing page,Implemented — new authoritative page,https://www.coachingpromo.in/solutions/corporate-gifting-for-educational-institutions,Low after consolidation,India,Consolidated with corporate gifting for educational institutions; no separate page required.
corporate gift supplier India,Corporate / Educational Gifting,Commercial,P1,corporate gifting for educational institutions,corporate gifting for educational institutions,corporate gift supplier India,https://www.coachingpromo.in/solutions/corporate-gifting-for-educational-institutions,New,Commercial solution page,New commercial landing page,Implemented — new authoritative page,https://www.coachingpromo.in/solutions/corporate-gifting-for-educational-institutions,Low after consolidation,India,Consolidated with corporate gifting for educational institutions; no separate page required.
corporate gifts manufacturer India,Corporate / Educational Gifting,Commercial,P1,corporate gifting for educational institutions,corporate gifting for educational institutions,corporate gifts manufacturer India,https://www.coachingpromo.in/solutions/corporate-gifting-for-educational-institutions,New,Commercial solution page,New commercial landing page,Implemented — new authoritative page,https://www.coachingpromo.in/solutions/corporate-gifting-for-educational-institutions,Low after consolidation,India,Consolidated with corporate gifting for educational institutions; no separate page required.
bulk corporate gifts India,Corporate / Educational Gifting,Commercial,P1,corporate gifting for educational institutions,corporate gifting for educational institutions,bulk corporate gifts India,https://www.coachingpromo.in/solutions/corporate-gifting-for-educational-institutions,New,Commercial solution page,New commercial landing page,Implemented — new authoritative page,https://www.coachingpromo.in/solutions/corporate-gifting-for-educational-institutions,Low after consolidation,India,Consolidated with corporate gifting for educational institutions; no separate page required.
branded corporate gifts,Corporate / Educational Gifting,Commercial,P1,corporate gifting for educational institutions,corporate gifting for educational institutions,branded corporate gifts,https://www.coachingpromo.in/solutions/corporate-gifting-for-educational-institutions,New,Commercial solution page,New commercial landing page,Implemented — new authoritative page,https://www.coachingpromo.in/solutions/corporate-gifting-for-educational-institutions,Low after consolidation,,Consolidated with corporate gifting for educational institutions; no separate page required.
corporate gift items with logo,Corporate / Educational Gifting,Commercial,P1,corporate gifting for educational institutions,corporate gifting for educational institutions,corporate gift items with logo,https://www.coachingpromo.in/solutions/corporate-gifting-for-educational-institutions,New,Commercial solution page,New commercial landing page,Implemented — new authoritative page,https://www.coachingpromo.in/solutions/corporate-gifting-for-educational-institutions,Low after consolidation,,Consolidated with corporate gifting for educational institutions; no separate page required.
gifts for teachers in bulk,Corporate / Educational Gifting,Commercial,P1,corporate gifting for educational institutions,corporate gifting for educational institutions,gifts for teachers in bulk,https://www.coachingpromo.in/solutions/corporate-gifting-for-educational-institutions,New,Commercial solution page,New commercial landing page,Implemented — new authoritative page,https://www.coachingpromo.in/solutions/corporate-gifting-for-educational-institutions,Low after consolidation,,Consolidated with corporate gifting for educational institutions; no separate page required.
faculty gifts,Corporate / Educational Gifting,Commercial,P1,corporate gifting for educational institutions,corporate gifting for educational institutions,faculty gifts,https://www.coachingpromo.in/solutions/corporate-gifting-for-educational-institutions,New,Commercial solution page,New commercial landing page,Implemented — new authoritative page,https://www.coachingpromo.in/solutions/corporate-gifting-for-educational-institutions,Low after consolidation,,Consolidated with corporate gifting for educational institutions; no separate page required.
employee gifts for educational institutions,Corporate / Educational Gifting,Commercial,P1,corporate gifting for educational institutions,corporate gifting for educational institutions,employee gifts for educational institutions,https://www.coachingpromo.in/solutions/corporate-gifting-for-educational-institutions,New,Commercial solution page,New commercial landing page,Implemented — new authoritative page,https://www.coachingpromo.in/solutions/corporate-gifting-for-educational-institutions,Low after consolidation,,Consolidated with corporate gifting for educational institutions; no separate page required.
staff gifting ideas,Corporate / Educational Gifting,Commercial,P1,corporate gifting for educational institutions,corporate gifting for educational institutions,staff gifting ideas,https://www.coachingpromo.in/solutions/corporate-gifting-for-educational-institutions,New,Commercial solution page,New commercial landing page,Implemented — new authoritative page,https://www.coachingpromo.in/solutions/corporate-gifting-for-educational-institutions,Low after consolidation,,Consolidated with corporate gifting for educational institutions; no separate page required.
teacher appreciation gifts bulk,Corporate / Educational Gifting,Commercial,P1,corporate gifting for educational institutions,corporate gifting for educational institutions,teacher appreciation gifts bulk,https://www.coachingpromo.in/solutions/corporate-gifting-for-educational-institutions,New,Commercial solution page,New commercial landing page,Implemented — new authoritative page,https://www.coachingpromo.in/solutions/corporate-gifting-for-educational-institutions,Low after consolidation,,Consolidated with corporate gifting for educational institutions; no separate page required.
institutional gifts,Corporate / Educational Gifting,Commercial,P1,corporate gifting for educational institutions,corporate gifting for educational institutions,institutional gifts,https://www.coachingpromo.in/solutions/corporate-gifting-for-educational-institutions,New,Commercial solution page,New commercial landing page,Implemented — new authoritative page,https://www.coachingpromo.in/solutions/corporate-gifting-for-educational-institutions,Low after consolidation,,Consolidated with corporate gifting for educational institutions; no separate page required.
institute gifting solutions,Corporate / Educational Gifting,Commercial,P1,corporate gifting for educational institutions,corporate gifting for educational institutions,institute gifting solutions,https://www.coachingpromo.in/solutions/corporate-gifting-for-educational-institutions,New,Commercial solution page,New commercial landing page,Implemented — new authoritative page,https://www.coachingpromo.in/solutions/corporate-gifting-for-educational-institutions,Low after consolidation,,Consolidated with corporate gifting for educational institutions; no separate page required.
custom hoodies bulk price India,Price / Transactional,Transactional,P0,custom hoodies for coaching institutes,custom hoodies for coaching institutes,custom hoodies bulk price India,https://www.coachingpromo.in/custom-hoodies-for-coaching-institutes,Existing,Category / subcategory page,Existing page — secondary keyword,Implemented — mapped to existing canonical page,https://www.coachingpromo.in/custom-hoodies-for-coaching-institutes,Low after consolidation,India,Consolidated with custom hoodies for coaching institutes; no separate page required.
custom t shirts wholesale price,Price / Transactional,Transactional,P0,custom t shirts India,custom t shirts India,custom t shirts wholesale price,https://www.coachingpromo.in/apparel-accessories/round-neck-t-shirts,Existing,Category / subcategory page,Existing page — secondary keyword,Implemented — mapped to existing canonical page,https://www.coachingpromo.in/apparel-accessories/round-neck-t-shirts,Low after consolidation,,Consolidated with custom t shirts India; no separate page required.
customized notebooks price India,Price / Transactional,Transactional,P0,custom notebooks India,custom notebooks India,customized notebooks price India,https://www.coachingpromo.in/stationery/notebook,Existing,Category / subcategory page,Existing page — secondary keyword,Implemented — mapped to existing canonical page,https://www.coachingpromo.in/stationery/notebook,Low after consolidation,India,Consolidated with custom notebooks India; no separate page required.
promotional products wholesale price,Price / Transactional,Transactional,P0,promotional products for coaching institutes,promotional products for coaching institutes,promotional products wholesale price,https://www.coachingpromo.in/,Existing,Homepage,Existing page — secondary keyword,Implemented — mapped to existing canonical page,https://www.coachingpromo.in/,Low after consolidation,,Consolidated with promotional products for coaching institutes; no separate page required.
institute bags bulk price,Price / Transactional,Transactional,P0,custom bags,custom bags,institute bags bulk price,https://www.coachingpromo.in/categories/bags,Existing,Category / subcategory page,Existing page — secondary keyword,Implemented — mapped to existing canonical page,https://www.coachingpromo.in/categories/bags,Low after consolidation,,Consolidated with custom bags; no separate page required.
corporate diaries bulk price,Price / Transactional,Transactional,P0,customized diaries India,customized diaries India,corporate diaries bulk price,https://www.coachingpromo.in/promotional-items/diary-set,Existing,Category / subcategory page,Existing page — secondary keyword,Implemented — mapped to existing canonical page,https://www.coachingpromo.in/promotional-items/diary-set,Low after consolidation,,Consolidated with customized diaries India; no separate page required.
trophies bulk price,Price / Transactional,Transactional,P0,customized trophies India,customized trophies India,trophies bulk price,https://www.coachingpromo.in/promotional-items/trophy,Existing,Category / subcategory page,Existing page — secondary keyword,Implemented — mapped to existing canonical page,https://www.coachingpromo.in/promotional-items/trophy,Low after consolidation,,Consolidated with customized trophies India; no separate page required.
student welcome kit price,Price / Transactional,Transactional,P0,student welcome kits,student welcome kits,student welcome kit price,https://www.coachingpromo.in/solutions/student-welcome-kits,New,Commercial solution page,New commercial landing page,Implemented — new authoritative page,https://www.coachingpromo.in/solutions/student-welcome-kits,Low after consolidation,,Consolidated with student welcome kits; no separate page required.
promotional merchandise quotation,Price / Transactional,Transactional,P0,promotional products for coaching institutes,promotional products for coaching institutes,promotional merchandise quotation,https://www.coachingpromo.in/,Existing,Homepage,Existing page — secondary keyword,Implemented — mapped to existing canonical page,https://www.coachingpromo.in/,Low after consolidation,,Consolidated with promotional products for coaching institutes; no separate page required.
customized merchandise MOQ,Price / Transactional,Transactional,P0,promotional products for coaching institutes,promotional products for coaching institutes,customized merchandise MOQ,https://www.coachingpromo.in/,Existing,Homepage,Existing page — secondary keyword,Implemented — mapped to existing canonical page,https://www.coachingpromo.in/,Low after consolidation,,Consolidated with promotional products for coaching institutes; no separate page required.
low MOQ promotional products India,Price / Transactional,Transactional,P0,promotional products for coaching institutes,promotional products for coaching institutes,low MOQ promotional products India,https://www.coachingpromo.in/,Existing,Homepage,Existing page — secondary keyword,Implemented — mapped to existing canonical page,https://www.coachingpromo.in/,Low after consolidation,India,Consolidated with promotional products for coaching institutes; no separate page required.
promotional products minimum order quantity,Price / Transactional,Transactional,P0,promotional products for coaching institutes,promotional products for coaching institutes,promotional products minimum order quantity,https://www.coachingpromo.in/,Existing,Homepage,Existing page — secondary keyword,Implemented — mapped to existing canonical page,https://www.coachingpromo.in/,Low after consolidation,,Consolidated with promotional products for coaching institutes; no separate page required.
cheap promotional products India,Price / Transactional,Transactional,P0,promotional products for coaching institutes,promotional products for coaching institutes,cheap promotional products India,https://www.coachingpromo.in/,Existing,Homepage,Existing page — secondary keyword,Implemented — mapped to existing canonical page,https://www.coachingpromo.in/,Low after consolidation,India,Consolidated with promotional products for coaching institutes; no separate page required.
affordable promotional merchandise,Price / Transactional,Transactional,P0,promotional products for coaching institutes,promotional products for coaching institutes,affordable promotional merchandise,https://www.coachingpromo.in/,Existing,Homepage,Existing page — secondary keyword,Implemented — mapped to existing canonical page,https://www.coachingpromo.in/,Low after consolidation,,Consolidated with promotional products for coaching institutes; no separate page required.
wholesale promotional products India,Price / Transactional,Transactional,P0,promotional products for coaching institutes,promotional products for coaching institutes,wholesale promotional products India,https://www.coachingpromo.in/,Existing,Homepage,Existing page — secondary keyword,Implemented — mapped to existing canonical page,https://www.coachingpromo.in/,Low after consolidation,India,Consolidated with promotional products for coaching institutes; no separate page required.
promotional gift manufacturer India,Supplier / Manufacturer / Wholesaler,Commercial,P0,corporate gifting for educational institutions,corporate gifting for educational institutions,promotional gift manufacturer India,https://www.coachingpromo.in/solutions/corporate-gifting-for-educational-institutions,New,Commercial solution page,New commercial landing page,Implemented — new authoritative page,https://www.coachingpromo.in/solutions/corporate-gifting-for-educational-institutions,Low after consolidation,India,Consolidated with corporate gifting for educational institutions; no separate page required.
promotional merchandise supplier,Supplier / Manufacturer / Wholesaler,Commercial,P0,promotional products for coaching institutes,promotional products for coaching institutes,promotional merchandise supplier,https://www.coachingpromo.in/,Existing,Homepage,Existing page — secondary keyword,Implemented — mapped to existing canonical page,https://www.coachingpromo.in/,Low after consolidation,,Consolidated with promotional products for coaching institutes; no separate page required.
customized merchandise manufacturer,Supplier / Manufacturer / Wholesaler,Commercial,P0,promotional products for coaching institutes,promotional products for coaching institutes,customized merchandise manufacturer,https://www.coachingpromo.in/,Existing,Homepage,Existing page — secondary keyword,Implemented — mapped to existing canonical page,https://www.coachingpromo.in/,Low after consolidation,,Consolidated with promotional products for coaching institutes; no separate page required.
custom t shirt manufacturer India,Supplier / Manufacturer / Wholesaler,Commercial,P0,custom t shirts India,custom t shirts India,custom t shirt manufacturer India,https://www.coachingpromo.in/apparel-accessories/round-neck-t-shirts,Existing,Category / subcategory page,Existing page — secondary keyword,Implemented — mapped to existing canonical page,https://www.coachingpromo.in/apparel-accessories/round-neck-t-shirts,Low after consolidation,India,Consolidated with custom t shirts India; no separate page required.
hoodie manufacturer India,Supplier / Manufacturer / Wholesaler,Commercial,P0,custom hoodies for coaching institutes,custom hoodies for coaching institutes,hoodie manufacturer India,https://www.coachingpromo.in/custom-hoodies-for-coaching-institutes,Existing,Category / subcategory page,Existing page — secondary keyword,Implemented — mapped to existing canonical page,https://www.coachingpromo.in/custom-hoodies-for-coaching-institutes,Low after consolidation,India,Consolidated with custom hoodies for coaching institutes; no separate page required.
custom bag manufacturer India,Supplier / Manufacturer / Wholesaler,Commercial,P0,custom bags,custom bags,custom bag manufacturer India,https://www.coachingpromo.in/categories/bags,Existing,Category / subcategory page,Existing page — secondary keyword,Implemented — mapped to existing canonical page,https://www.coachingpromo.in/categories/bags,Low after consolidation,India,Consolidated with custom bags; no separate page required.
water bottle supplier India,Supplier / Manufacturer / Wholesaler,Commercial,P0,customized water bottles India,customized water bottles India,water bottle supplier India,https://www.coachingpromo.in/promotional-items/water-bottle,Existing,Category / subcategory page,Existing page — secondary keyword,Implemented — mapped to existing canonical page,https://www.coachingpromo.in/promotional-items/water-bottle,Low after consolidation,India,Consolidated with customized water bottles India; no separate page required.
diary manufacturer India,Supplier / Manufacturer / Wholesaler,Commercial,P0,customized diaries India,customized diaries India,diary manufacturer India,https://www.coachingpromo.in/promotional-items/diary-set,Existing,Category / subcategory page,Existing page — secondary keyword,Implemented — mapped to existing canonical page,https://www.coachingpromo.in/promotional-items/diary-set,Low after consolidation,India,Consolidated with customized diaries India; no separate page required.
corporate gift manufacturer India,Supplier / Manufacturer / Wholesaler,Commercial,P0,corporate gifting for educational institutions,corporate gifting for educational institutions,corporate gift manufacturer India,https://www.coachingpromo.in/solutions/corporate-gifting-for-educational-institutions,New,Commercial solution page,New commercial landing page,Implemented — new authoritative page,https://www.coachingpromo.in/solutions/corporate-gifting-for-educational-institutions,Low after consolidation,India,Consolidated with corporate gifting for educational institutions; no separate page required.
institute uniform manufacturer India,Supplier / Manufacturer / Wholesaler,Commercial,P0,promotional products for coaching institutes,promotional products for coaching institutes,institute uniform manufacturer India,https://www.coachingpromo.in/,Existing,Homepage,Existing page — secondary keyword,Implemented — mapped to existing canonical page,https://www.coachingpromo.in/,Low after consolidation,India,Consolidated with promotional products for coaching institutes; no separate page required.
custom hoodies Delhi,Location - India / Delhi NCR / Major Cities,Commercial,P1,custom hoodies for coaching institutes,custom hoodies for coaching institutes,custom hoodies Delhi,https://www.coachingpromo.in/custom-hoodies-for-coaching-institutes,Existing,Category / subcategory page,Deferred because creating a page would cause cannibalization/thin content,"Mapped — regional modifier, no city doorway page",https://www.coachingpromo.in/custom-hoodies-for-coaching-institutes,Medium if split into standalone pages; controlled by consolidation,Delhi,Mapped to the relevant product or solution owner. A city page requires differentiated local evidence and demand.
custom hoodies Delhi NCR,Location - India / Delhi NCR / Major Cities,Commercial,P1,custom hoodies for coaching institutes,custom hoodies for coaching institutes,custom hoodies Delhi NCR,https://www.coachingpromo.in/custom-hoodies-for-coaching-institutes,Existing,Category / subcategory page,Deferred because creating a page would cause cannibalization/thin content,"Mapped — regional modifier, no city doorway page",https://www.coachingpromo.in/custom-hoodies-for-coaching-institutes,Medium if split into standalone pages; controlled by consolidation,Delhi NCR,Mapped to the relevant product or solution owner. A city page requires differentiated local evidence and demand.
custom hoodies Noida,Location - India / Delhi NCR / Major Cities,Commercial,P1,custom hoodies for coaching institutes,custom hoodies for coaching institutes,custom hoodies Noida,https://www.coachingpromo.in/custom-hoodies-for-coaching-institutes,Existing,Category / subcategory page,Deferred because creating a page would cause cannibalization/thin content,"Mapped — regional modifier, no city doorway page",https://www.coachingpromo.in/custom-hoodies-for-coaching-institutes,Medium if split into standalone pages; controlled by consolidation,Noida,Mapped to the relevant product or solution owner. A city page requires differentiated local evidence and demand.
custom hoodies Gurgaon,Location - India / Delhi NCR / Major Cities,Commercial,P1,custom hoodies for coaching institutes,custom hoodies for coaching institutes,custom hoodies Gurgaon,https://www.coachingpromo.in/custom-hoodies-for-coaching-institutes,Existing,Category / subcategory page,Deferred because creating a page would cause cannibalization/thin content,"Mapped — regional modifier, no city doorway page",https://www.coachingpromo.in/custom-hoodies-for-coaching-institutes,Medium if split into standalone pages; controlled by consolidation,Gurgaon,Mapped to the relevant product or solution owner. A city page requires differentiated local evidence and demand.
custom hoodies Kota,Location - India / Delhi NCR / Major Cities,Commercial,P1,custom hoodies for coaching institutes,custom hoodies for coaching institutes,custom hoodies Kota,https://www.coachingpromo.in/custom-hoodies-for-coaching-institutes,Existing,Category / subcategory page,Deferred because creating a page would cause cannibalization/thin content,"Mapped — regional modifier, no city doorway page",https://www.coachingpromo.in/custom-hoodies-for-coaching-institutes,Medium if split into standalone pages; controlled by consolidation,Kota,Mapped to the relevant product or solution owner. A city page requires differentiated local evidence and demand.
customized t shirts Delhi,Location - India / Delhi NCR / Major Cities,Commercial,P1,custom t shirts India,custom t shirts India,customized t shirts Delhi,https://www.coachingpromo.in/apparel-accessories/round-neck-t-shirts,Existing,Category / subcategory page,Deferred because creating a page would cause cannibalization/thin content,"Mapped — regional modifier, no city doorway page",https://www.coachingpromo.in/apparel-accessories/round-neck-t-shirts,Medium if split into standalone pages; controlled by consolidation,Delhi,Mapped to the relevant product or solution owner. A city page requires differentiated local evidence and demand.
t shirt printing Noida,Location - India / Delhi NCR / Major Cities,Commercial,P1,custom t shirts India,custom t shirts India,t shirt printing Noida,https://www.coachingpromo.in/apparel-accessories/round-neck-t-shirts,Existing,Category / subcategory page,Deferred because creating a page would cause cannibalization/thin content,"Mapped — regional modifier, no city doorway page",https://www.coachingpromo.in/apparel-accessories/round-neck-t-shirts,Medium if split into standalone pages; controlled by consolidation,Noida,Mapped to the relevant product or solution owner. A city page requires differentiated local evidence and demand.
bulk t shirt printing Gurgaon,Location - India / Delhi NCR / Major Cities,Commercial,P1,custom t shirts India,custom t shirts India,bulk t shirt printing Gurgaon,https://www.coachingpromo.in/apparel-accessories/round-neck-t-shirts,Existing,Category / subcategory page,Deferred because creating a page would cause cannibalization/thin content,"Mapped — regional modifier, no city doorway page",https://www.coachingpromo.in/apparel-accessories/round-neck-t-shirts,Medium if split into standalone pages; controlled by consolidation,Gurgaon,Mapped to the relevant product or solution owner. A city page requires differentiated local evidence and demand.
promotional products Delhi,Location - India / Delhi NCR / Major Cities,Commercial,P1,promotional products for coaching institutes,promotional products for coaching institutes,promotional products Delhi,https://www.coachingpromo.in/,Existing,Homepage,Deferred because creating a page would cause cannibalization/thin content,"Mapped — regional modifier, no city doorway page",https://www.coachingpromo.in/,Medium if split into standalone pages; controlled by consolidation,Delhi,Mapped to the relevant product or solution owner. A city page requires differentiated local evidence and demand.
promotional products Delhi NCR,Location - India / Delhi NCR / Major Cities,Commercial,P1,promotional products for coaching institutes,promotional products for coaching institutes,promotional products Delhi NCR,https://www.coachingpromo.in/,Existing,Homepage,Deferred because creating a page would cause cannibalization/thin content,"Mapped — regional modifier, no city doorway page",https://www.coachingpromo.in/,Medium if split into standalone pages; controlled by consolidation,Delhi NCR,Mapped to the relevant product or solution owner. A city page requires differentiated local evidence and demand.
promotional products Noida,Location - India / Delhi NCR / Major Cities,Commercial,P1,promotional products for coaching institutes,promotional products for coaching institutes,promotional products Noida,https://www.coachingpromo.in/,Existing,Homepage,Deferred because creating a page would cause cannibalization/thin content,"Mapped — regional modifier, no city doorway page",https://www.coachingpromo.in/,Medium if split into standalone pages; controlled by consolidation,Noida,Mapped to the relevant product or solution owner. A city page requires differentiated local evidence and demand.
promotional products Gurgaon,Location - India / Delhi NCR / Major Cities,Commercial,P1,promotional products for coaching institutes,promotional products for coaching institutes,promotional products Gurgaon,https://www.coachingpromo.in/,Existing,Homepage,Deferred because creating a page would cause cannibalization/thin content,"Mapped — regional modifier, no city doorway page",https://www.coachingpromo.in/,Medium if split into standalone pages; controlled by consolidation,Gurgaon,Mapped to the relevant product or solution owner. A city page requires differentiated local evidence and demand.
promotional products Kota,Location - India / Delhi NCR / Major Cities,Commercial,P1,promotional products for coaching institutes,promotional products for coaching institutes,promotional products Kota,https://www.coachingpromo.in/,Existing,Homepage,Deferred because creating a page would cause cannibalization/thin content,"Mapped — regional modifier, no city doorway page",https://www.coachingpromo.in/,Medium if split into standalone pages; controlled by consolidation,Kota,Mapped to the relevant product or solution owner. A city page requires differentiated local evidence and demand.
custom notebooks Delhi,Location - India / Delhi NCR / Major Cities,Commercial,P1,custom notebooks India,custom notebooks India,custom notebooks Delhi,https://www.coachingpromo.in/stationery/notebook,Existing,Category / subcategory page,Deferred because creating a page would cause cannibalization/thin content,"Mapped — regional modifier, no city doorway page",https://www.coachingpromo.in/stationery/notebook,Medium if split into standalone pages; controlled by consolidation,Delhi,Mapped to the relevant product or solution owner. A city page requires differentiated local evidence and demand.
custom notebooks Noida,Location - India / Delhi NCR / Major Cities,Commercial,P1,custom notebooks India,custom notebooks India,custom notebooks Noida,https://www.coachingpromo.in/stationery/notebook,Existing,Category / subcategory page,Deferred because creating a page would cause cannibalization/thin content,"Mapped — regional modifier, no city doorway page",https://www.coachingpromo.in/stationery/notebook,Medium if split into standalone pages; controlled by consolidation,Noida,Mapped to the relevant product or solution owner. A city page requires differentiated local evidence and demand.
customized diaries Delhi,Location - India / Delhi NCR / Major Cities,Commercial,P1,customized diaries India,customized diaries India,customized diaries Delhi,https://www.coachingpromo.in/promotional-items/diary-set,Existing,Category / subcategory page,Deferred because creating a page would cause cannibalization/thin content,"Mapped — regional modifier, no city doorway page",https://www.coachingpromo.in/promotional-items/diary-set,Medium if split into standalone pages; controlled by consolidation,Delhi,Mapped to the relevant product or solution owner. A city page requires differentiated local evidence and demand.
trophy manufacturer Delhi,Location - India / Delhi NCR / Major Cities,Commercial,P1,customized trophies India,customized trophies India,trophy manufacturer Delhi,https://www.coachingpromo.in/promotional-items/trophy,Existing,Category / subcategory page,Deferred because creating a page would cause cannibalization/thin content,"Mapped — regional modifier, no city doorway page",https://www.coachingpromo.in/promotional-items/trophy,Medium if split into standalone pages; controlled by consolidation,Delhi,Mapped to the relevant product or solution owner. A city page requires differentiated local evidence and demand.
promotional gift supplier Delhi,Location - India / Delhi NCR / Major Cities,Commercial,P1,corporate gifting for educational institutions,corporate gifting for educational institutions,promotional gift supplier Delhi,https://www.coachingpromo.in/solutions/corporate-gifting-for-educational-institutions,New,Commercial solution page,Deferred because creating a page would cause cannibalization/thin content,"Mapped — regional modifier, no city doorway page",https://www.coachingpromo.in/solutions/corporate-gifting-for-educational-institutions,Medium if split into standalone pages; controlled by consolidation,Delhi,Mapped to the relevant product or solution owner. A city page requires differentiated local evidence and demand.
coaching institute merchandise Kota,Location - India / Delhi NCR / Major Cities,Commercial,P1,promotional products for coaching institutes,promotional products for coaching institutes,coaching institute merchandise Kota,https://www.coachingpromo.in/,Existing,Homepage,Deferred because creating a page would cause cannibalization/thin content,"Mapped — regional modifier, no city doorway page",https://www.coachingpromo.in/,Medium if split into standalone pages; controlled by consolidation,Kota,Mapped to the relevant product or solution owner. A city page requires differentiated local evidence and demand.
coaching institute promotional products Delhi,Location - India / Delhi NCR / Major Cities,Commercial,P1,promotional products for coaching institutes,promotional products for coaching institutes,coaching institute promotional products Delhi,https://www.coachingpromo.in/,Existing,Homepage,Deferred because creating a page would cause cannibalization/thin content,"Mapped — regional modifier, no city doorway page",https://www.coachingpromo.in/,Medium if split into standalone pages; controlled by consolidation,Delhi,Mapped to the relevant product or solution owner. A city page requires differentiated local evidence and demand.
custom student kits Delhi NCR,Location - India / Delhi NCR / Major Cities,Commercial,P1,student welcome kits,student welcome kits,custom student kits Delhi NCR,https://www.coachingpromo.in/solutions/student-welcome-kits,New,Commercial solution page,Deferred because creating a page would cause cannibalization/thin content,"Mapped — regional modifier, no city doorway page",https://www.coachingpromo.in/solutions/student-welcome-kits,Medium if split into standalone pages; controlled by consolidation,Delhi NCR,Mapped to the relevant product or solution owner. A city page requires differentiated local evidence and demand.
India,Location Modifiers,Modifier / Geo,P1,promotional products for coaching institutes,promotional products for coaching institutes,India,https://www.coachingpromo.in/,Existing,Homepage,Intent modifier only — no independent page,Mapped — no independent page,https://www.coachingpromo.in/,Medium if split into standalone pages; controlled by consolidation,India,Modifier is applied contextually only when factual; it does not own a URL.
pan India,Location Modifiers,Modifier / Geo,P1,promotional products for coaching institutes,promotional products for coaching institutes,pan India,https://www.coachingpromo.in/,Existing,Homepage,Intent modifier only — no independent page,Mapped — no independent page,https://www.coachingpromo.in/,Medium if split into standalone pages; controlled by consolidation,Pan India,Modifier is applied contextually only when factual; it does not own a URL.
across India,Location Modifiers,Modifier / Geo,P1,promotional products for coaching institutes,promotional products for coaching institutes,across India,https://www.coachingpromo.in/,Existing,Homepage,Intent modifier only — no independent page,Mapped — no independent page,https://www.coachingpromo.in/,Medium if split into standalone pages; controlled by consolidation,India,Modifier is applied contextually only when factual; it does not own a URL.
Delhi,Location Modifiers,Modifier / Geo,P1,promotional products for coaching institutes,promotional products for coaching institutes,Delhi,https://www.coachingpromo.in/,Existing,Homepage,Intent modifier only — no independent page,Mapped — no independent page,https://www.coachingpromo.in/,Medium if split into standalone pages; controlled by consolidation,Delhi,Modifier is applied contextually only when factual; it does not own a URL.
New Delhi,Location Modifiers,Modifier / Geo,P1,promotional products for coaching institutes,promotional products for coaching institutes,New Delhi,https://www.coachingpromo.in/,Existing,Homepage,Intent modifier only — no independent page,Mapped — no independent page,https://www.coachingpromo.in/,Medium if split into standalone pages; controlled by consolidation,New Delhi,Modifier is applied contextually only when factual; it does not own a URL.
Delhi NCR,Location Modifiers,Modifier / Geo,P1,promotional products for coaching institutes,promotional products for coaching institutes,Delhi NCR,https://www.coachingpromo.in/,Existing,Homepage,Intent modifier only — no independent page,Mapped — no independent page,https://www.coachingpromo.in/,Medium if split into standalone pages; controlled by consolidation,Delhi NCR,Modifier is applied contextually only when factual; it does not own a URL.
Noida,Location Modifiers,Modifier / Geo,P1,promotional products for coaching institutes,promotional products for coaching institutes,Noida,https://www.coachingpromo.in/,Existing,Homepage,Intent modifier only — no independent page,Mapped — no independent page,https://www.coachingpromo.in/,Medium if split into standalone pages; controlled by consolidation,Noida,Modifier is applied contextually only when factual; it does not own a URL.
Greater Noida,Location Modifiers,Modifier / Geo,P1,promotional products for coaching institutes,promotional products for coaching institutes,Greater Noida,https://www.coachingpromo.in/,Existing,Homepage,Intent modifier only — no independent page,Mapped — no independent page,https://www.coachingpromo.in/,Medium if split into standalone pages; controlled by consolidation,Greater Noida,Modifier is applied contextually only when factual; it does not own a URL.
Gurgaon,Location Modifiers,Modifier / Geo,P1,promotional products for coaching institutes,promotional products for coaching institutes,Gurgaon,https://www.coachingpromo.in/,Existing,Homepage,Intent modifier only — no independent page,Mapped — no independent page,https://www.coachingpromo.in/,Medium if split into standalone pages; controlled by consolidation,Gurgaon,Modifier is applied contextually only when factual; it does not own a URL.
Gurugram,Location Modifiers,Modifier / Geo,P1,promotional products for coaching institutes,promotional products for coaching institutes,Gurugram,https://www.coachingpromo.in/,Existing,Homepage,Intent modifier only — no independent page,Mapped — no independent page,https://www.coachingpromo.in/,Medium if split into standalone pages; controlled by consolidation,Gurugram,Modifier is applied contextually only when factual; it does not own a URL.
Ghaziabad,Location Modifiers,Modifier / Geo,P1,promotional products for coaching institutes,promotional products for coaching institutes,Ghaziabad,https://www.coachingpromo.in/,Existing,Homepage,Intent modifier only — no independent page,Mapped — no independent page,https://www.coachingpromo.in/,Medium if split into standalone pages; controlled by consolidation,Ghaziabad,Modifier is applied contextually only when factual; it does not own a URL.
Faridabad,Location Modifiers,Modifier / Geo,P1,promotional products for coaching institutes,promotional products for coaching institutes,Faridabad,https://www.coachingpromo.in/,Existing,Homepage,Intent modifier only — no independent page,Mapped — no independent page,https://www.coachingpromo.in/,Medium if split into standalone pages; controlled by consolidation,Faridabad,Modifier is applied contextually only when factual; it does not own a URL.
Kota,Location Modifiers,Modifier / Geo,P1,promotional products for coaching institutes,promotional products for coaching institutes,Kota,https://www.coachingpromo.in/,Existing,Homepage,Intent modifier only — no independent page,Mapped — no independent page,https://www.coachingpromo.in/,Medium if split into standalone pages; controlled by consolidation,Kota,Modifier is applied contextually only when factual; it does not own a URL.
Jaipur,Location Modifiers,Modifier / Geo,P1,promotional products for coaching institutes,promotional products for coaching institutes,Jaipur,https://www.coachingpromo.in/,Existing,Homepage,Intent modifier only — no independent page,Mapped — no independent page,https://www.coachingpromo.in/,Medium if split into standalone pages; controlled by consolidation,Jaipur,Modifier is applied contextually only when factual; it does not own a URL.
Lucknow,Location Modifiers,Modifier / Geo,P1,promotional products for coaching institutes,promotional products for coaching institutes,Lucknow,https://www.coachingpromo.in/,Existing,Homepage,Intent modifier only — no independent page,Mapped — no independent page,https://www.coachingpromo.in/,Medium if split into standalone pages; controlled by consolidation,Lucknow,Modifier is applied contextually only when factual; it does not own a URL.
Kanpur,Location Modifiers,Modifier / Geo,P1,promotional products for coaching institutes,promotional products for coaching institutes,Kanpur,https://www.coachingpromo.in/,Existing,Homepage,Intent modifier only — no independent page,Mapped — no independent page,https://www.coachingpromo.in/,Medium if split into standalone pages; controlled by consolidation,Kanpur,Modifier is applied contextually only when factual; it does not own a URL.
Prayagraj,Location Modifiers,Modifier / Geo,P1,promotional products for coaching institutes,promotional products for coaching institutes,Prayagraj,https://www.coachingpromo.in/,Existing,Homepage,Intent modifier only — no independent page,Mapped — no independent page,https://www.coachingpromo.in/,Medium if split into standalone pages; controlled by consolidation,Prayagraj,Modifier is applied contextually only when factual; it does not own a URL.
Varanasi,Location Modifiers,Modifier / Geo,P1,promotional products for coaching institutes,promotional products for coaching institutes,Varanasi,https://www.coachingpromo.in/,Existing,Homepage,Intent modifier only — no independent page,Mapped — no independent page,https://www.coachingpromo.in/,Medium if split into standalone pages; controlled by consolidation,Varanasi,Modifier is applied contextually only when factual; it does not own a URL.
Patna,Location Modifiers,Modifier / Geo,P1,promotional products for coaching institutes,promotional products for coaching institutes,Patna,https://www.coachingpromo.in/,Existing,Homepage,Intent modifier only — no independent page,Mapped — no independent page,https://www.coachingpromo.in/,Medium if split into standalone pages; controlled by consolidation,Patna,Modifier is applied contextually only when factual; it does not own a URL.
Ranchi,Location Modifiers,Modifier / Geo,P1,promotional products for coaching institutes,promotional products for coaching institutes,Ranchi,https://www.coachingpromo.in/,Existing,Homepage,Intent modifier only — no independent page,Mapped — no independent page,https://www.coachingpromo.in/,Medium if split into standalone pages; controlled by consolidation,Ranchi,Modifier is applied contextually only when factual; it does not own a URL.
Indore,Location Modifiers,Modifier / Geo,P1,promotional products for coaching institutes,promotional products for coaching institutes,Indore,https://www.coachingpromo.in/,Existing,Homepage,Intent modifier only — no independent page,Mapped — no independent page,https://www.coachingpromo.in/,Medium if split into standalone pages; controlled by consolidation,Indore,Modifier is applied contextually only when factual; it does not own a URL.
Bhopal,Location Modifiers,Modifier / Geo,P1,promotional products for coaching institutes,promotional products for coaching institutes,Bhopal,https://www.coachingpromo.in/,Existing,Homepage,Intent modifier only — no independent page,Mapped — no independent page,https://www.coachingpromo.in/,Medium if split into standalone pages; controlled by consolidation,Bhopal,Modifier is applied contextually only when factual; it does not own a URL.
Pune,Location Modifiers,Modifier / Geo,P1,promotional products for coaching institutes,promotional products for coaching institutes,Pune,https://www.coachingpromo.in/,Existing,Homepage,Intent modifier only — no independent page,Mapped — no independent page,https://www.coachingpromo.in/,Medium if split into standalone pages; controlled by consolidation,Pune,Modifier is applied contextually only when factual; it does not own a URL.
Mumbai,Location Modifiers,Modifier / Geo,P1,promotional products for coaching institutes,promotional products for coaching institutes,Mumbai,https://www.coachingpromo.in/,Existing,Homepage,Intent modifier only — no independent page,Mapped — no independent page,https://www.coachingpromo.in/,Medium if split into standalone pages; controlled by consolidation,Mumbai,Modifier is applied contextually only when factual; it does not own a URL.
Nagpur,Location Modifiers,Modifier / Geo,P1,promotional products for coaching institutes,promotional products for coaching institutes,Nagpur,https://www.coachingpromo.in/,Existing,Homepage,Intent modifier only — no independent page,Mapped — no independent page,https://www.coachingpromo.in/,Medium if split into standalone pages; controlled by consolidation,Nagpur,Modifier is applied contextually only when factual; it does not own a URL.
Ahmedabad,Location Modifiers,Modifier / Geo,P1,promotional products for coaching institutes,promotional products for coaching institutes,Ahmedabad,https://www.coachingpromo.in/,Existing,Homepage,Intent modifier only — no independent page,Mapped — no independent page,https://www.coachingpromo.in/,Medium if split into standalone pages; controlled by consolidation,Ahmedabad,Modifier is applied contextually only when factual; it does not own a URL.
Surat,Location Modifiers,Modifier / Geo,P1,promotional products for coaching institutes,promotional products for coaching institutes,Surat,https://www.coachingpromo.in/,Existing,Homepage,Intent modifier only — no independent page,Mapped — no independent page,https://www.coachingpromo.in/,Medium if split into standalone pages; controlled by consolidation,Surat,Modifier is applied contextually only when factual; it does not own a URL.
Vadodara,Location Modifiers,Modifier / Geo,P1,promotional products for coaching institutes,promotional products for coaching institutes,Vadodara,https://www.coachingpromo.in/,Existing,Homepage,Intent modifier only — no independent page,Mapped — no independent page,https://www.coachingpromo.in/,Medium if split into standalone pages; controlled by consolidation,Vadodara,Modifier is applied contextually only when factual; it does not own a URL.
Bengaluru,Location Modifiers,Modifier / Geo,P1,promotional products for coaching institutes,promotional products for coaching institutes,Bengaluru,https://www.coachingpromo.in/,Existing,Homepage,Intent modifier only — no independent page,Mapped — no independent page,https://www.coachingpromo.in/,Medium if split into standalone pages; controlled by consolidation,Bengaluru,Modifier is applied contextually only when factual; it does not own a URL.
Bangalore,Location Modifiers,Modifier / Geo,P1,promotional products for coaching institutes,promotional products for coaching institutes,Bangalore,https://www.coachingpromo.in/,Existing,Homepage,Intent modifier only — no independent page,Mapped — no independent page,https://www.coachingpromo.in/,Medium if split into standalone pages; controlled by consolidation,Bangalore,Modifier is applied contextually only when factual; it does not own a URL.
Hyderabad,Location Modifiers,Modifier / Geo,P1,promotional products for coaching institutes,promotional products for coaching institutes,Hyderabad,https://www.coachingpromo.in/,Existing,Homepage,Intent modifier only — no independent page,Mapped — no independent page,https://www.coachingpromo.in/,Medium if split into standalone pages; controlled by consolidation,Hyderabad,Modifier is applied contextually only when factual; it does not own a URL.
Chennai,Location Modifiers,Modifier / Geo,P1,promotional products for coaching institutes,promotional products for coaching institutes,Chennai,https://www.coachingpromo.in/,Existing,Homepage,Intent modifier only — no independent page,Mapped — no independent page,https://www.coachingpromo.in/,Medium if split into standalone pages; controlled by consolidation,Chennai,Modifier is applied contextually only when factual; it does not own a URL.
Kolkata,Location Modifiers,Modifier / Geo,P1,promotional products for coaching institutes,promotional products for coaching institutes,Kolkata,https://www.coachingpromo.in/,Existing,Homepage,Intent modifier only — no independent page,Mapped — no independent page,https://www.coachingpromo.in/,Medium if split into standalone pages; controlled by consolidation,Kolkata,Modifier is applied contextually only when factual; it does not own a URL.
Chandigarh,Location Modifiers,Modifier / Geo,P1,promotional products for coaching institutes,promotional products for coaching institutes,Chandigarh,https://www.coachingpromo.in/,Existing,Homepage,Intent modifier only — no independent page,Mapped — no independent page,https://www.coachingpromo.in/,Medium if split into standalone pages; controlled by consolidation,Chandigarh,Modifier is applied contextually only when factual; it does not own a URL.
Ludhiana,Location Modifiers,Modifier / Geo,P1,promotional products for coaching institutes,promotional products for coaching institutes,Ludhiana,https://www.coachingpromo.in/,Existing,Homepage,Intent modifier only — no independent page,Mapped — no independent page,https://www.coachingpromo.in/,Medium if split into standalone pages; controlled by consolidation,Ludhiana,Modifier is applied contextually only when factual; it does not own a URL.
Dehradun,Location Modifiers,Modifier / Geo,P1,promotional products for coaching institutes,promotional products for coaching institutes,Dehradun,https://www.coachingpromo.in/,Existing,Homepage,Intent modifier only — no independent page,Mapped — no independent page,https://www.coachingpromo.in/,Medium if split into standalone pages; controlled by consolidation,Dehradun,Modifier is applied contextually only when factual; it does not own a URL.
Guwahati,Location Modifiers,Modifier / Geo,P1,promotional products for coaching institutes,promotional products for coaching institutes,Guwahati,https://www.coachingpromo.in/,Existing,Homepage,Intent modifier only — no independent page,Mapped — no independent page,https://www.coachingpromo.in/,Medium if split into standalone pages; controlled by consolidation,Guwahati,Modifier is applied contextually only when factual; it does not own a URL.
promotional products near me,Near Me,Local Transactional,P1,promotional products for coaching institutes,promotional products for coaching institutes,promotional products near me,https://www.coachingpromo.in/,Existing,Homepage,Intent modifier only — no independent page,Mapped — no independent page,https://www.coachingpromo.in/,Medium if split into standalone pages; controlled by consolidation,,Local-intent variant mapped to the relevant canonical page; no static near-me doorway page.
promotional gift supplier near me,Near Me,Local Transactional,P1,corporate gifting for educational institutions,corporate gifting for educational institutions,promotional gift supplier near me,https://www.coachingpromo.in/solutions/corporate-gifting-for-educational-institutions,New,Commercial solution page,Intent modifier only — no independent page,Mapped — no independent page,https://www.coachingpromo.in/solutions/corporate-gifting-for-educational-institutions,Medium if split into standalone pages; controlled by consolidation,,Local-intent variant mapped to the relevant canonical page; no static near-me doorway page.
custom t shirt printing near me,Near Me,Local Transactional,P1,custom t shirts India,custom t shirts India,custom t shirt printing near me,https://www.coachingpromo.in/apparel-accessories/round-neck-t-shirts,Existing,Category / subcategory page,Intent modifier only — no independent page,Mapped — no independent page,https://www.coachingpromo.in/apparel-accessories/round-neck-t-shirts,Medium if split into standalone pages; controlled by consolidation,,Local-intent variant mapped to the relevant canonical page; no static near-me doorway page.
custom hoodie printing near me,Near Me,Local Transactional,P1,custom hoodies for coaching institutes,custom hoodies for coaching institutes,custom hoodie printing near me,https://www.coachingpromo.in/custom-hoodies-for-coaching-institutes,Existing,Category / subcategory page,Intent modifier only — no independent page,Mapped — no independent page,https://www.coachingpromo.in/custom-hoodies-for-coaching-institutes,Medium if split into standalone pages; controlled by consolidation,,Local-intent variant mapped to the relevant canonical page; no static near-me doorway page.
customized notebook supplier near me,Near Me,Local Transactional,P1,custom notebooks India,custom notebooks India,customized notebook supplier near me,https://www.coachingpromo.in/stationery/notebook,Existing,Category / subcategory page,Intent modifier only — no independent page,Mapped — no independent page,https://www.coachingpromo.in/stationery/notebook,Medium if split into standalone pages; controlled by consolidation,,Local-intent variant mapped to the relevant canonical page; no static near-me doorway page.
corporate gift supplier near me,Near Me,Local Transactional,P1,corporate gifting for educational institutions,corporate gifting for educational institutions,corporate gift supplier near me,https://www.coachingpromo.in/solutions/corporate-gifting-for-educational-institutions,New,Commercial solution page,Intent modifier only — no independent page,Mapped — no independent page,https://www.coachingpromo.in/solutions/corporate-gifting-for-educational-institutions,Medium if split into standalone pages; controlled by consolidation,,Local-intent variant mapped to the relevant canonical page; no static near-me doorway page.
trophy shop near me,Near Me,Local Transactional,P1,customized trophies India,customized trophies India,trophy shop near me,https://www.coachingpromo.in/promotional-items/trophy,Existing,Category / subcategory page,Intent modifier only — no independent page,Mapped — no independent page,https://www.coachingpromo.in/promotional-items/trophy,Medium if split into standalone pages; controlled by consolidation,,Local-intent variant mapped to the relevant canonical page; no static near-me doorway page.
trophy manufacturer near me,Near Me,Local Transactional,P1,customized trophies India,customized trophies India,trophy manufacturer near me,https://www.coachingpromo.in/promotional-items/trophy,Existing,Category / subcategory page,Intent modifier only — no independent page,Mapped — no independent page,https://www.coachingpromo.in/promotional-items/trophy,Medium if split into standalone pages; controlled by consolidation,,Local-intent variant mapped to the relevant canonical page; no static near-me doorway page.
custom bags near me,Near Me,Local Transactional,P1,custom bags,custom bags,custom bags near me,https://www.coachingpromo.in/categories/bags,Existing,Category / subcategory page,Intent modifier only — no independent page,Mapped — no independent page,https://www.coachingpromo.in/categories/bags,Medium if split into standalone pages; controlled by consolidation,,Local-intent variant mapped to the relevant canonical page; no static near-me doorway page.
printing services near me,Near Me,Local Transactional,P1,promotional products for coaching institutes,promotional products for coaching institutes,printing services near me,https://www.coachingpromo.in/,Existing,Homepage,Intent modifier only — no independent page,Mapped — no independent page,https://www.coachingpromo.in/,Medium if split into standalone pages; controlled by consolidation,,Local-intent variant mapped to the relevant canonical page; no static near-me doorway page.
custom merchandise near me,Near Me,Local Transactional,P1,promotional products for coaching institutes,promotional products for coaching institutes,custom merchandise near me,https://www.coachingpromo.in/,Existing,Homepage,Intent modifier only — no independent page,Mapped — no independent page,https://www.coachingpromo.in/,Medium if split into standalone pages; controlled by consolidation,,Local-intent variant mapped to the relevant canonical page; no static near-me doorway page.
promotional merchandise near me,Near Me,Local Transactional,P1,promotional products for coaching institutes,promotional products for coaching institutes,promotional merchandise near me,https://www.coachingpromo.in/,Existing,Homepage,Intent modifier only — no independent page,Mapped — no independent page,https://www.coachingpromo.in/,Medium if split into standalone pages; controlled by consolidation,,Local-intent variant mapped to the relevant canonical page; no static near-me doorway page.
school promotional products,School Focused,Commercial,P1,school merchandise India,school merchandise India,school promotional products,https://www.coachingpromo.in/industries/schools,New,Industry / audience page,New industry/audience page,Implemented — new authoritative page,https://www.coachingpromo.in/industries/schools,Low after consolidation,,Consolidated with school merchandise India; no separate page required.
custom merchandise for schools,School Focused,Commercial,P1,school merchandise India,school merchandise India,custom merchandise for schools,https://www.coachingpromo.in/industries/schools,New,Industry / audience page,New industry/audience page,Implemented — new authoritative page,https://www.coachingpromo.in/industries/schools,Low after consolidation,,Consolidated with school merchandise India; no separate page required.
branded merchandise for schools,School Focused,Commercial,P1,school merchandise India,school merchandise India,branded merchandise for schools,https://www.coachingpromo.in/industries/schools,New,Industry / audience page,New industry/audience page,Implemented — new authoritative page,https://www.coachingpromo.in/industries/schools,Low after consolidation,,Consolidated with school merchandise India; no separate page required.
customized school products,School Focused,Commercial,P1,school merchandise India,school merchandise India,customized school products,https://www.coachingpromo.in/industries/schools,New,Industry / audience page,New industry/audience page,Implemented — new authoritative page,https://www.coachingpromo.in/industries/schools,Low after consolidation,,Consolidated with school merchandise India; no separate page required.
school staff uniforms,School Focused,Commercial,P1,school merchandise India,school merchandise India,school staff uniforms,https://www.coachingpromo.in/industries/schools,New,Industry / audience page,New industry/audience page,Implemented — new authoritative page,https://www.coachingpromo.in/industries/schools,Low after consolidation,,Consolidated with school merchandise India; no separate page required.
teacher uniforms,School Focused,Commercial,P1,school merchandise India,school merchandise India,teacher uniforms,https://www.coachingpromo.in/industries/schools,New,Industry / audience page,New industry/audience page,Implemented — new authoritative page,https://www.coachingpromo.in/industries/schools,Low after consolidation,,Consolidated with school merchandise India; no separate page required.
school hoodies,School Focused,Commercial,P1,school merchandise India,school merchandise India,school hoodies,https://www.coachingpromo.in/industries/schools,New,Industry / audience page,New industry/audience page,Implemented — new authoritative page,https://www.coachingpromo.in/industries/schools,Low after consolidation,,Consolidated with school merchandise India; no separate page required.
school t shirts with logo,School Focused,Commercial,P1,school merchandise India,school merchandise India,school t shirts with logo,https://www.coachingpromo.in/industries/schools,New,Industry / audience page,New industry/audience page,Implemented — new authoritative page,https://www.coachingpromo.in/industries/schools,Low after consolidation,,Consolidated with school merchandise India; no separate page required.
school notebooks with logo,School Focused,Commercial,P1,school merchandise India,school merchandise India,school notebooks with logo,https://www.coachingpromo.in/industries/schools,New,Industry / audience page,New industry/audience page,Implemented — new authoritative page,https://www.coachingpromo.in/industries/schools,Low after consolidation,,Consolidated with school merchandise India; no separate page required.
custom school diaries,School Focused,Commercial,P1,school merchandise India,school merchandise India,custom school diaries,https://www.coachingpromo.in/industries/schools,New,Industry / audience page,New industry/audience page,Implemented — new authoritative page,https://www.coachingpromo.in/industries/schools,Low after consolidation,,Consolidated with school merchandise India; no separate page required.
school student kits,School Focused,Commercial,P1,school merchandise India,school merchandise India,school student kits,https://www.coachingpromo.in/industries/schools,New,Industry / audience page,New industry/audience page,Implemented — new authoritative page,https://www.coachingpromo.in/industries/schools,Low after consolidation,,Consolidated with school merchandise India; no separate page required.
school admission kits,School Focused,Commercial,P1,school merchandise India,school merchandise India,school admission kits,https://www.coachingpromo.in/industries/schools,New,Industry / audience page,New industry/audience page,Implemented — new authoritative page,https://www.coachingpromo.in/industries/schools,Low after consolidation,,Consolidated with school merchandise India; no separate page required.
school welcome kits,School Focused,Commercial,P1,school merchandise India,school merchandise India,school welcome kits,https://www.coachingpromo.in/industries/schools,New,Industry / audience page,New industry/audience page,Implemented — new authoritative page,https://www.coachingpromo.in/industries/schools,Low after consolidation,,Consolidated with school merchandise India; no separate page required.
school awards and trophies,School Focused,Commercial,P1,school merchandise India,school merchandise India,school awards and trophies,https://www.coachingpromo.in/industries/schools,New,Industry / audience page,New industry/audience page,Implemented — new authoritative page,https://www.coachingpromo.in/industries/schools,Low after consolidation,,Consolidated with school merchandise India; no separate page required.
college promotional products,College / University Focused,Commercial,P1,college merchandise India,college merchandise India,college promotional products,https://www.coachingpromo.in/industries/colleges-universities,New,Industry / audience page,New industry/audience page,Implemented — new authoritative page,https://www.coachingpromo.in/industries/colleges-universities,Low after consolidation,,Consolidated with college merchandise India; no separate page required.
custom college merchandise,College / University Focused,Commercial,P1,college merchandise India,college merchandise India,custom college merchandise,https://www.coachingpromo.in/industries/colleges-universities,New,Industry / audience page,New industry/audience page,Implemented — new authoritative page,https://www.coachingpromo.in/industries/colleges-universities,Low after consolidation,,Consolidated with college merchandise India; no separate page required.
university merchandise,College / University Focused,Commercial,P1,college merchandise India,college merchandise India,university merchandise,https://www.coachingpromo.in/industries/colleges-universities,New,Industry / audience page,New industry/audience page,Implemented — new authoritative page,https://www.coachingpromo.in/industries/colleges-universities,Low after consolidation,,Consolidated with college merchandise India; no separate page required.
college branded merchandise,College / University Focused,Commercial,P1,college merchandise India,college merchandise India,college branded merchandise,https://www.coachingpromo.in/industries/colleges-universities,New,Industry / audience page,New industry/audience page,Implemented — new authoritative page,https://www.coachingpromo.in/industries/colleges-universities,Low after consolidation,,Consolidated with college merchandise India; no separate page required.
college t shirts,College / University Focused,Commercial,P1,college merchandise India,college merchandise India,college t shirts,https://www.coachingpromo.in/industries/colleges-universities,New,Industry / audience page,New industry/audience page,Implemented — new authoritative page,https://www.coachingpromo.in/industries/colleges-universities,Low after consolidation,,Consolidated with college merchandise India; no separate page required.
college hoodies,College / University Focused,Commercial,P1,college merchandise India,college merchandise India,college hoodies,https://www.coachingpromo.in/industries/colleges-universities,New,Industry / audience page,New industry/audience page,Implemented — new authoritative page,https://www.coachingpromo.in/industries/colleges-universities,Low after consolidation,,Consolidated with college merchandise India; no separate page required.
college jackets,College / University Focused,Commercial,P1,college merchandise India,college merchandise India,college jackets,https://www.coachingpromo.in/industries/colleges-universities,New,Industry / audience page,New industry/audience page,Implemented — new authoritative page,https://www.coachingpromo.in/industries/colleges-universities,Low after consolidation,,Consolidated with college merchandise India; no separate page required.
college society merchandise,College / University Focused,Commercial,P1,college merchandise India,college merchandise India,college society merchandise,https://www.coachingpromo.in/industries/colleges-universities,New,Industry / audience page,New industry/audience page,Implemented — new authoritative page,https://www.coachingpromo.in/industries/colleges-universities,Low after consolidation,,Consolidated with college merchandise India; no separate page required.
custom college bags,College / University Focused,Commercial,P1,college merchandise India,college merchandise India,custom college bags,https://www.coachingpromo.in/industries/colleges-universities,New,Industry / audience page,New industry/audience page,Implemented — new authoritative page,https://www.coachingpromo.in/industries/colleges-universities,Low after consolidation,,Consolidated with college merchandise India; no separate page required.
college notebooks,College / University Focused,Commercial,P1,college merchandise India,college merchandise India,college notebooks,https://www.coachingpromo.in/industries/colleges-universities,New,Industry / audience page,New industry/audience page,Implemented — new authoritative page,https://www.coachingpromo.in/industries/colleges-universities,Low after consolidation,,Consolidated with college merchandise India; no separate page required.
college welcome kits,College / University Focused,Commercial,P1,college merchandise India,college merchandise India,college welcome kits,https://www.coachingpromo.in/industries/colleges-universities,New,Industry / audience page,New industry/audience page,Implemented — new authoritative page,https://www.coachingpromo.in/industries/colleges-universities,Low after consolidation,,Consolidated with college merchandise India; no separate page required.
college admission kits,College / University Focused,Commercial,P1,college merchandise India,college merchandise India,college admission kits,https://www.coachingpromo.in/industries/colleges-universities,New,Industry / audience page,New industry/audience page,Implemented — new authoritative page,https://www.coachingpromo.in/industries/colleges-universities,Low after consolidation,,Consolidated with college merchandise India; no separate page required.
graduation merchandise,College / University Focused,Commercial,P1,college merchandise India,college merchandise India,graduation merchandise,https://www.coachingpromo.in/industries/colleges-universities,New,Industry / audience page,New industry/audience page,Implemented — new authoritative page,https://www.coachingpromo.in/industries/colleges-universities,Low after consolidation,,Consolidated with college merchandise India; no separate page required.
convocation merchandise,College / University Focused,Commercial,P1,college merchandise India,college merchandise India,convocation merchandise,https://www.coachingpromo.in/industries/colleges-universities,New,Industry / audience page,New industry/audience page,Implemented — new authoritative page,https://www.coachingpromo.in/industries/colleges-universities,Low after consolidation,,Consolidated with college merchandise India; no separate page required.
alumni merchandise,College / University Focused,Commercial,P1,college merchandise India,college merchandise India,alumni merchandise,https://www.coachingpromo.in/industries/colleges-universities,New,Industry / audience page,New industry/audience page,Implemented — new authoritative page,https://www.coachingpromo.in/industries/colleges-universities,Low after consolidation,,Consolidated with college merchandise India; no separate page required.
college club merchandise,College / University Focused,Commercial,P1,college merchandise India,college merchandise India,college club merchandise,https://www.coachingpromo.in/industries/colleges-universities,New,Industry / audience page,New industry/audience page,Implemented — new authoritative page,https://www.coachingpromo.in/industries/colleges-universities,Low after consolidation,,Consolidated with college merchandise India; no separate page required.
promotional products for training institutes,Training Centres / Academies,Commercial,P1,training institute merchandise,training institute merchandise,promotional products for training institutes,https://www.coachingpromo.in/industries/training-institutes,New,Industry / audience page,New industry/audience page,Implemented — new authoritative page,https://www.coachingpromo.in/industries/training-institutes,Low after consolidation,,Consolidated with training institute merchandise; no separate page required.
training institute merchandise,Training Centres / Academies,Commercial,P1,training institute merchandise,training institute merchandise,,https://www.coachingpromo.in/industries/training-institutes,New,Industry / audience page,New commercial landing page,Implemented — new authoritative page,https://www.coachingpromo.in/industries/training-institutes,Low after consolidation,,Consolidated with training institute merchandise; no separate page required.
training centre merchandise,Training Centres / Academies,Commercial,P1,training institute merchandise,training institute merchandise,training centre merchandise,https://www.coachingpromo.in/industries/training-institutes,New,Industry / audience page,New industry/audience page,Implemented — new authoritative page,https://www.coachingpromo.in/industries/training-institutes,Low after consolidation,,Consolidated with training institute merchandise; no separate page required.
academy promotional products,Training Centres / Academies,Commercial,P1,training institute merchandise,training institute merchandise,academy promotional products,https://www.coachingpromo.in/industries/training-institutes,New,Industry / audience page,New industry/audience page,Implemented — new authoritative page,https://www.coachingpromo.in/industries/training-institutes,Low after consolidation,,Consolidated with training institute merchandise; no separate page required.
academy merchandise,Training Centres / Academies,Commercial,P1,training institute merchandise,training institute merchandise,academy merchandise,https://www.coachingpromo.in/industries/training-institutes,New,Industry / audience page,New industry/audience page,Implemented — new authoritative page,https://www.coachingpromo.in/industries/training-institutes,Low after consolidation,,Consolidated with training institute merchandise; no separate page required.
educational academy merchandise,Training Centres / Academies,Commercial,P1,training institute merchandise,training institute merchandise,educational academy merchandise,https://www.coachingpromo.in/industries/training-institutes,New,Industry / audience page,New industry/audience page,Implemented — new authoritative page,https://www.coachingpromo.in/industries/training-institutes,Low after consolidation,,Consolidated with training institute merchandise; no separate page required.
computer institute promotional products,Training Centres / Academies,Commercial,P1,training institute merchandise,training institute merchandise,computer institute promotional products,https://www.coachingpromo.in/industries/training-institutes,New,Industry / audience page,New industry/audience page,Implemented — new authoritative page,https://www.coachingpromo.in/industries/training-institutes,Low after consolidation,,Consolidated with training institute merchandise; no separate page required.
vocational training institute merchandise,Training Centres / Academies,Commercial,P1,training institute merchandise,training institute merchandise,vocational training institute merchandise,https://www.coachingpromo.in/industries/training-institutes,New,Industry / audience page,New industry/audience page,Implemented — new authoritative page,https://www.coachingpromo.in/industries/training-institutes,Low after consolidation,,Consolidated with training institute merchandise; no separate page required.
language institute merchandise,Training Centres / Academies,Commercial,P1,training institute merchandise,training institute merchandise,language institute merchandise,https://www.coachingpromo.in/industries/training-institutes,New,Industry / audience page,New industry/audience page,Implemented — new authoritative page,https://www.coachingpromo.in/industries/training-institutes,Low after consolidation,,Consolidated with training institute merchandise; no separate page required.
corporate training merchandise,Training Centres / Academies,Commercial,P1,training institute merchandise,training institute merchandise,corporate training merchandise,https://www.coachingpromo.in/industries/training-institutes,New,Industry / audience page,New industry/audience page,Implemented — new authoritative page,https://www.coachingpromo.in/industries/training-institutes,Low after consolidation,,Consolidated with training institute merchandise; no separate page required.
training kits customized,Training Centres / Academies,Commercial,P1,training institute merchandise,training institute merchandise,training kits customized,https://www.coachingpromo.in/industries/training-institutes,New,Industry / audience page,New industry/audience page,Implemented — new authoritative page,https://www.coachingpromo.in/industries/training-institutes,Low after consolidation,,Consolidated with training institute merchandise; no separate page required.
workshop kits India,Training Centres / Academies,Commercial,P1,training institute merchandise,training institute merchandise,workshop kits India,https://www.coachingpromo.in/industries/training-institutes,New,Industry / audience page,New industry/audience page,Implemented — new authoritative page,https://www.coachingpromo.in/industries/training-institutes,Low after consolidation,India,Consolidated with training institute merchandise; no separate page required.
seminar kits India,Training Centres / Academies,Commercial,P1,training institute merchandise,training institute merchandise,seminar kits India,https://www.coachingpromo.in/industries/training-institutes,New,Industry / audience page,New industry/audience page,Implemented — new authoritative page,https://www.coachingpromo.in/industries/training-institutes,Low after consolidation,India,Consolidated with training institute merchandise; no separate page required.
logo printing India,Printing / Branding Process,Commercial / Informational,P1,logo printing India,logo printing India,,https://www.coachingpromo.in/guides/custom-merchandise-branding-methods,New,Guide / article,New commercial landing page,Implemented — new authoritative page,https://www.coachingpromo.in/guides/custom-merchandise-branding-methods,Low after consolidation,India,Consolidated with logo printing India; no separate page required.
screen printing India,Printing / Branding Process,Commercial / Informational,P1,logo printing India,logo printing India,screen printing India,https://www.coachingpromo.in/guides/custom-merchandise-branding-methods,New,Guide / article,New blog/guide,Implemented — new authoritative page,https://www.coachingpromo.in/guides/custom-merchandise-branding-methods,Low after consolidation,India,Consolidated with logo printing India; no separate page required.
t shirt screen printing,Printing / Branding Process,Commercial / Informational,P1,logo printing India,logo printing India,t shirt screen printing,https://www.coachingpromo.in/guides/custom-merchandise-branding-methods,New,Guide / article,New blog/guide,Implemented — new authoritative page,https://www.coachingpromo.in/guides/custom-merchandise-branding-methods,Low after consolidation,,Consolidated with logo printing India; no separate page required.
hoodie screen printing,Printing / Branding Process,Commercial / Informational,P1,logo printing India,logo printing India,hoodie screen printing,https://www.coachingpromo.in/guides/custom-merchandise-branding-methods,New,Guide / article,New blog/guide,Implemented — new authoritative page,https://www.coachingpromo.in/guides/custom-merchandise-branding-methods,Low after consolidation,,Consolidated with logo printing India; no separate page required.
embroidery services India,Printing / Branding Process,Commercial / Informational,P1,logo printing India,logo printing India,embroidery services India,https://www.coachingpromo.in/guides/custom-merchandise-branding-methods,New,Guide / article,New blog/guide,Implemented — new authoritative page,https://www.coachingpromo.in/guides/custom-merchandise-branding-methods,Low after consolidation,India,Consolidated with logo printing India; no separate page required.
custom logo embroidery,Printing / Branding Process,Commercial / Informational,P1,logo printing India,logo printing India,custom logo embroidery,https://www.coachingpromo.in/guides/custom-merchandise-branding-methods,New,Guide / article,New blog/guide,Implemented — new authoritative page,https://www.coachingpromo.in/guides/custom-merchandise-branding-methods,Low after consolidation,,Consolidated with logo printing India; no separate page required.
logo embroidery on jackets,Printing / Branding Process,Commercial / Informational,P1,logo printing India,logo printing India,logo embroidery on jackets,https://www.coachingpromo.in/guides/custom-merchandise-branding-methods,New,Guide / article,New blog/guide,Implemented — new authoritative page,https://www.coachingpromo.in/guides/custom-merchandise-branding-methods,Low after consolidation,,Consolidated with logo printing India; no separate page required.
logo embroidery on hoodies,Printing / Branding Process,Commercial / Informational,P1,logo printing India,logo printing India,logo embroidery on hoodies,https://www.coachingpromo.in/guides/custom-merchandise-branding-methods,New,Guide / article,New blog/guide,Implemented — new authoritative page,https://www.coachingpromo.in/guides/custom-merchandise-branding-methods,Low after consolidation,,Consolidated with logo printing India; no separate page required.
DTF printing India,Printing / Branding Process,Commercial / Informational,P1,logo printing India,logo printing India,DTF printing India,https://www.coachingpromo.in/guides/custom-merchandise-branding-methods,New,Guide / article,New blog/guide,Implemented — new authoritative page,https://www.coachingpromo.in/guides/custom-merchandise-branding-methods,Low after consolidation,India,Consolidated with logo printing India; no separate page required.
DTF t shirt printing,Printing / Branding Process,Commercial / Informational,P1,logo printing India,logo printing India,DTF t shirt printing,https://www.coachingpromo.in/guides/custom-merchandise-branding-methods,New,Guide / article,New blog/guide,Implemented — new authoritative page,https://www.coachingpromo.in/guides/custom-merchandise-branding-methods,Low after consolidation,,Consolidated with logo printing India; no separate page required.
heat transfer printing,Printing / Branding Process,Commercial / Informational,P1,logo printing India,logo printing India,heat transfer printing,https://www.coachingpromo.in/guides/custom-merchandise-branding-methods,New,Guide / article,New blog/guide,Implemented — new authoritative page,https://www.coachingpromo.in/guides/custom-merchandise-branding-methods,Low after consolidation,,Consolidated with logo printing India; no separate page required.
sublimation printing India,Printing / Branding Process,Commercial / Informational,P1,logo printing India,logo printing India,sublimation printing India,https://www.coachingpromo.in/guides/custom-merchandise-branding-methods,New,Guide / article,New blog/guide,Implemented — new authoritative page,https://www.coachingpromo.in/guides/custom-merchandise-branding-methods,Low after consolidation,India,Consolidated with logo printing India; no separate page required.
custom merchandise printing,Printing / Branding Process,Commercial / Informational,P1,logo printing India,logo printing India,custom merchandise printing,https://www.coachingpromo.in/guides/custom-merchandise-branding-methods,New,Guide / article,New blog/guide,Implemented — new authoritative page,https://www.coachingpromo.in/guides/custom-merchandise-branding-methods,Low after consolidation,,Consolidated with logo printing India; no separate page required.
promotional product printing,Printing / Branding Process,Commercial / Informational,P1,logo printing India,logo printing India,promotional product printing,https://www.coachingpromo.in/guides/custom-merchandise-branding-methods,New,Guide / article,New blog/guide,Implemented — new authoritative page,https://www.coachingpromo.in/guides/custom-merchandise-branding-methods,Low after consolidation,,Consolidated with logo printing India; no separate page required.
corporate branding printing,Printing / Branding Process,Commercial / Informational,P1,logo printing India,logo printing India,corporate branding printing,https://www.coachingpromo.in/guides/custom-merchandise-branding-methods,New,Guide / article,New blog/guide,Implemented — new authoritative page,https://www.coachingpromo.in/guides/custom-merchandise-branding-methods,Low after consolidation,,Consolidated with logo printing India; no separate page required.
institute logo printing,Printing / Branding Process,Commercial / Informational,P1,logo printing India,logo printing India,institute logo printing,https://www.coachingpromo.in/guides/custom-merchandise-branding-methods,New,Guide / article,New blog/guide,Implemented — new authoritative page,https://www.coachingpromo.in/guides/custom-merchandise-branding-methods,Low after consolidation,,Consolidated with logo printing India; no separate page required.
bulk logo printing,Printing / Branding Process,Commercial / Informational,P1,logo printing India,logo printing India,bulk logo printing,https://www.coachingpromo.in/guides/custom-merchandise-branding-methods,New,Guide / article,New blog/guide,Implemented — new authoritative page,https://www.coachingpromo.in/guides/custom-merchandise-branding-methods,Low after consolidation,,Consolidated with logo printing India; no separate page required.
eco friendly promotional products India,Eco-Friendly / Sustainable,Commercial,P1,eco friendly promotional products India,eco friendly promotional products India,,https://www.coachingpromo.in/solutions/eco-friendly-promotional-products,New,Commercial solution page,New commercial landing page,Implemented — new authoritative page,https://www.coachingpromo.in/solutions/eco-friendly-promotional-products,Low after consolidation,India,Consolidated with eco friendly promotional products India; no separate page required.
sustainable promotional products India,Eco-Friendly / Sustainable,Commercial,P1,eco friendly promotional products India,eco friendly promotional products India,sustainable promotional products India,https://www.coachingpromo.in/solutions/eco-friendly-promotional-products,New,Commercial solution page,New commercial landing page,Implemented — new authoritative page,https://www.coachingpromo.in/solutions/eco-friendly-promotional-products,Low after consolidation,India,Consolidated with eco friendly promotional products India; no separate page required.
eco friendly corporate gifts India,Eco-Friendly / Sustainable,Commercial,P1,eco friendly promotional products India,eco friendly promotional products India,eco friendly corporate gifts India,https://www.coachingpromo.in/solutions/eco-friendly-promotional-products,New,Commercial solution page,New commercial landing page,Implemented — new authoritative page,https://www.coachingpromo.in/solutions/eco-friendly-promotional-products,Low after consolidation,India,Consolidated with eco friendly promotional products India; no separate page required.
sustainable corporate gifts India,Eco-Friendly / Sustainable,Commercial,P1,eco friendly promotional products India,eco friendly promotional products India,sustainable corporate gifts India,https://www.coachingpromo.in/solutions/eco-friendly-promotional-products,New,Commercial solution page,New commercial landing page,Implemented — new authoritative page,https://www.coachingpromo.in/solutions/eco-friendly-promotional-products,Low after consolidation,India,Consolidated with eco friendly promotional products India; no separate page required.
eco friendly merchandise India,Eco-Friendly / Sustainable,Commercial,P1,eco friendly promotional products India,eco friendly promotional products India,eco friendly merchandise India,https://www.coachingpromo.in/solutions/eco-friendly-promotional-products,New,Commercial solution page,New commercial landing page,Implemented — new authoritative page,https://www.coachingpromo.in/solutions/eco-friendly-promotional-products,Low after consolidation,India,Consolidated with eco friendly promotional products India; no separate page required.
sustainable merchandise India,Eco-Friendly / Sustainable,Commercial,P1,eco friendly promotional products India,eco friendly promotional products India,sustainable merchandise India,https://www.coachingpromo.in/solutions/eco-friendly-promotional-products,New,Commercial solution page,New commercial landing page,Implemented — new authoritative page,https://www.coachingpromo.in/solutions/eco-friendly-promotional-products,Low after consolidation,India,Consolidated with eco friendly promotional products India; no separate page required.
eco friendly student kits,Eco-Friendly / Sustainable,Commercial,P1,eco friendly promotional products India,eco friendly promotional products India,eco friendly student kits,https://www.coachingpromo.in/solutions/eco-friendly-promotional-products,New,Commercial solution page,New commercial landing page,Implemented — new authoritative page,https://www.coachingpromo.in/solutions/eco-friendly-promotional-products,Low after consolidation,,Consolidated with eco friendly promotional products India; no separate page required.
sustainable welcome kits,Eco-Friendly / Sustainable,Commercial,P1,eco friendly promotional products India,eco friendly promotional products India,sustainable welcome kits,https://www.coachingpromo.in/solutions/eco-friendly-promotional-products,New,Commercial solution page,New commercial landing page,Implemented — new authoritative page,https://www.coachingpromo.in/solutions/eco-friendly-promotional-products,Low after consolidation,,Consolidated with eco friendly promotional products India; no separate page required.
eco friendly notebooks,Eco-Friendly / Sustainable,Commercial,P1,eco friendly promotional products India,eco friendly promotional products India,eco friendly notebooks,https://www.coachingpromo.in/solutions/eco-friendly-promotional-products,New,Commercial solution page,New commercial landing page,Implemented — new authoritative page,https://www.coachingpromo.in/solutions/eco-friendly-promotional-products,Low after consolidation,,Consolidated with eco friendly promotional products India; no separate page required.
recycled notebooks with logo,Eco-Friendly / Sustainable,Commercial,P1,eco friendly promotional products India,eco friendly promotional products India,recycled notebooks with logo,https://www.coachingpromo.in/solutions/eco-friendly-promotional-products,New,Commercial solution page,New commercial landing page,Implemented — new authoritative page,https://www.coachingpromo.in/solutions/eco-friendly-promotional-products,Low after consolidation,,Consolidated with eco friendly promotional products India; no separate page required.
jute bags with logo,Eco-Friendly / Sustainable,Commercial,P1,eco friendly promotional products India,eco friendly promotional products India,jute bags with logo,https://www.coachingpromo.in/solutions/eco-friendly-promotional-products,New,Commercial solution page,New commercial landing page,Implemented — new authoritative page,https://www.coachingpromo.in/solutions/eco-friendly-promotional-products,Low after consolidation,,Consolidated with eco friendly promotional products India; no separate page required.
reusable bottles with logo,Eco-Friendly / Sustainable,Commercial,P1,eco friendly promotional products India,eco friendly promotional products India,reusable bottles with logo,https://www.coachingpromo.in/solutions/eco-friendly-promotional-products,New,Commercial solution page,New commercial landing page,Implemented — new authoritative page,https://www.coachingpromo.in/solutions/eco-friendly-promotional-products,Low after consolidation,,Consolidated with eco friendly promotional products India; no separate page required.
sustainable gifts for schools,Eco-Friendly / Sustainable,Commercial,P1,eco friendly promotional products India,eco friendly promotional products India,sustainable gifts for schools,https://www.coachingpromo.in/solutions/eco-friendly-promotional-products,New,Commercial solution page,New commercial landing page,Implemented — new authoritative page,https://www.coachingpromo.in/solutions/eco-friendly-promotional-products,Low after consolidation,,Consolidated with eco friendly promotional products India; no separate page required.
eco friendly gifts for colleges,Eco-Friendly / Sustainable,Commercial,P1,eco friendly promotional products India,eco friendly promotional products India,eco friendly gifts for colleges,https://www.coachingpromo.in/solutions/eco-friendly-promotional-products,New,Commercial solution page,New commercial landing page,Implemented — new authoritative page,https://www.coachingpromo.in/solutions/eco-friendly-promotional-products,Low after consolidation,,Consolidated with eco friendly promotional products India; no separate page required.
best promotional products for coaching institutes,Blog / Informational,Informational,P2,promotional product ideas for coaching institutes,promotional product ideas for coaching institutes,best promotional products for coaching institutes,https://www.coachingpromo.in/guides/promotional-product-planning-for-coaching-institutes,New,Guide / article,New blog/guide,Implemented — new authoritative page,https://www.coachingpromo.in/guides/promotional-product-planning-for-coaching-institutes,Low after consolidation,,Consolidated with promotional product ideas for coaching institutes; no separate page required.
promotional product ideas for coaching institutes,Blog / Informational,Informational,P2,promotional product ideas for coaching institutes,promotional product ideas for coaching institutes,,https://www.coachingpromo.in/guides/promotional-product-planning-for-coaching-institutes,New,Guide / article,New commercial landing page,Implemented — new authoritative page,https://www.coachingpromo.in/guides/promotional-product-planning-for-coaching-institutes,Low after consolidation,,Consolidated with promotional product ideas for coaching institutes; no separate page required.
coaching institute marketing ideas,Blog / Informational,Informational,P2,promotional product ideas for coaching institutes,promotional product ideas for coaching institutes,coaching institute marketing ideas,https://www.coachingpromo.in/guides/promotional-product-planning-for-coaching-institutes,New,Guide / article,New blog/guide,Implemented — new authoritative page,https://www.coachingpromo.in/guides/promotional-product-planning-for-coaching-institutes,Low after consolidation,,Consolidated with promotional product ideas for coaching institutes; no separate page required.
coaching institute branding ideas,Blog / Informational,Informational,P2,promotional product ideas for coaching institutes,promotional product ideas for coaching institutes,coaching institute branding ideas,https://www.coachingpromo.in/guides/promotional-product-planning-for-coaching-institutes,New,Guide / article,New blog/guide,Implemented — new authoritative page,https://www.coachingpromo.in/guides/promotional-product-planning-for-coaching-institutes,Low after consolidation,,Consolidated with promotional product ideas for coaching institutes; no separate page required.
merchandise ideas for coaching institutes,Blog / Informational,Informational,P2,promotional product ideas for coaching institutes,promotional product ideas for coaching institutes,merchandise ideas for coaching institutes,https://www.coachingpromo.in/guides/promotional-product-planning-for-coaching-institutes,New,Guide / article,New blog/guide,Implemented — new authoritative page,https://www.coachingpromo.in/guides/promotional-product-planning-for-coaching-institutes,Low after consolidation,,Consolidated with promotional product ideas for coaching institutes; no separate page required.
best student welcome kit ideas,Blog / Informational,Informational,P2,what to include in student welcome kit,what to include in student welcome kit,best student welcome kit ideas,https://www.coachingpromo.in/guides/student-welcome-kit-checklist,New,Guide / article,New blog/guide,Implemented — new authoritative page,https://www.coachingpromo.in/guides/student-welcome-kit-checklist,Low after consolidation,,Consolidated with what to include in student welcome kit; no separate page required.
what to include in student welcome kit,Blog / Informational,Informational,P2,what to include in student welcome kit,what to include in student welcome kit,,https://www.coachingpromo.in/guides/student-welcome-kit-checklist,New,Guide / article,New commercial landing page,Implemented — new authoritative page,https://www.coachingpromo.in/guides/student-welcome-kit-checklist,Low after consolidation,,Consolidated with what to include in student welcome kit; no separate page required.
student orientation kit ideas,Blog / Informational,Informational,P2,orientation gift ideas for colleges,orientation gift ideas for colleges,student orientation kit ideas,https://www.coachingpromo.in/guides/admission-and-orientation-merchandise-ideas,New,Guide / article,New blog/guide,Implemented — new authoritative page,https://www.coachingpromo.in/guides/admission-and-orientation-merchandise-ideas,Low after consolidation,,Consolidated with orientation gift ideas for colleges; no separate page required.
school promotional product ideas,Blog / Informational,Informational,P2,promotional product ideas for coaching institutes,promotional product ideas for coaching institutes,school promotional product ideas,https://www.coachingpromo.in/guides/promotional-product-planning-for-coaching-institutes,New,Guide / article,New blog/guide,Implemented — new authoritative page,https://www.coachingpromo.in/guides/promotional-product-planning-for-coaching-institutes,Low after consolidation,,Consolidated with promotional product ideas for coaching institutes; no separate page required.
college merchandise ideas,Blog / Informational,Informational,P2,college merchandise ideas,college merchandise ideas,,https://www.coachingpromo.in/guides/college-merchandise-ideas,New,Guide / article,New commercial landing page,Implemented — new authoritative page,https://www.coachingpromo.in/guides/college-merchandise-ideas,Low after consolidation,,Consolidated with college merchandise ideas; no separate page required.
college fest merchandise ideas,Blog / Informational,Informational,P2,college merchandise ideas,college merchandise ideas,college fest merchandise ideas,https://www.coachingpromo.in/guides/college-merchandise-ideas,New,Guide / article,New blog/guide,Implemented — new authoritative page,https://www.coachingpromo.in/guides/college-merchandise-ideas,Low after consolidation,,Consolidated with college merchandise ideas; no separate page required.
best gifts for students,Blog / Informational,Informational,P2,promotional product ideas for coaching institutes,promotional product ideas for coaching institutes,best gifts for students,https://www.coachingpromo.in/guides/promotional-product-planning-for-coaching-institutes,New,Guide / article,New blog/guide,Implemented — new authoritative page,https://www.coachingpromo.in/guides/promotional-product-planning-for-coaching-institutes,Low after consolidation,,Consolidated with promotional product ideas for coaching institutes; no separate page required.
branded merchandise ideas for colleges,Blog / Informational,Informational,P2,college merchandise ideas,college merchandise ideas,branded merchandise ideas for colleges,https://www.coachingpromo.in/guides/college-merchandise-ideas,New,Guide / article,New blog/guide,Implemented — new authoritative page,https://www.coachingpromo.in/guides/college-merchandise-ideas,Low after consolidation,,Consolidated with college merchandise ideas; no separate page required.
best hoodies for coaching institutes in winter,Blog / Informational,Informational,P2,best hoodies for coaching institutes in winter,best hoodies for coaching institutes in winter,,https://www.coachingpromo.in/blogs/best-hoodies-for-coaching-institutes-in-winter,Existing,Guide / article,Existing page — primary keyword,Implemented — mapped to existing canonical page,https://www.coachingpromo.in/blogs/best-hoodies-for-coaching-institutes-in-winter,Low after consolidation,,Consolidated with best hoodies for coaching institutes in winter; no separate page required.
hoodie printing vs embroidery for institute logos,Blog / Informational,Informational,P2,hoodie printing vs embroidery for institute logos,hoodie printing vs embroidery for institute logos,,https://www.coachingpromo.in/blogs/hoodie-printing-vs-embroidery-for-institute-logos,Existing,Guide / article,Existing page — primary keyword,Implemented — mapped to existing canonical page,https://www.coachingpromo.in/blogs/hoodie-printing-vs-embroidery-for-institute-logos,Low after consolidation,,Consolidated with hoodie printing vs embroidery for institute logos; no separate page required.
screen printing vs embroidery,Blog / Informational,Informational,P2,promotional product ideas for coaching institutes,promotional product ideas for coaching institutes,screen printing vs embroidery,https://www.coachingpromo.in/guides/promotional-product-planning-for-coaching-institutes,New,Guide / article,New blog/guide,Implemented — new authoritative page,https://www.coachingpromo.in/guides/promotional-product-planning-for-coaching-institutes,Low after consolidation,,Consolidated with promotional product ideas for coaching institutes; no separate page required.
best GSM for hoodies,Blog / Informational,Informational,P2,best GSM for hoodies,best GSM for hoodies,,https://www.coachingpromo.in/blogs/best-gsm-for-winter-hoodies-in-india,Existing,Guide / article,Existing page — primary keyword,Implemented — mapped to existing canonical page,https://www.coachingpromo.in/blogs/best-gsm-for-winter-hoodies-in-india,Low after consolidation,,Consolidated with best GSM for hoodies; no separate page required.
250 GSM vs 300 GSM hoodies,Blog / Informational,Informational,P2,best GSM for hoodies,best GSM for hoodies,250 GSM vs 300 GSM hoodies,https://www.coachingpromo.in/blogs/best-gsm-for-winter-hoodies-in-india,Existing,Guide / article,Existing page — secondary keyword,Implemented — mapped to existing canonical page,https://www.coachingpromo.in/blogs/best-gsm-for-winter-hoodies-in-india,Low after consolidation,,Consolidated with best GSM for hoodies; no separate page required.
how to choose custom hoodies,Blog / Informational,Informational,P2,best hoodies for coaching institutes in winter,best hoodies for coaching institutes in winter,how to choose custom hoodies,https://www.coachingpromo.in/blogs/best-hoodies-for-coaching-institutes-in-winter,Existing,Guide / article,Existing page — secondary keyword,Implemented — mapped to existing canonical page,https://www.coachingpromo.in/blogs/best-hoodies-for-coaching-institutes-in-winter,Low after consolidation,,Consolidated with best hoodies for coaching institutes in winter; no separate page required.
how much do custom hoodies cost in India,Blog / Informational,Informational,P2,how much do custom hoodies cost in India,how much do custom hoodies cost in India,,https://www.coachingpromo.in/blogs/how-much-do-custom-hoodies-cost-in-bulk,Existing,Guide / article,Existing page — primary keyword,Implemented — mapped to existing canonical page,https://www.coachingpromo.in/blogs/how-much-do-custom-hoodies-cost-in-bulk,Low after consolidation,India,Consolidated with how much do custom hoodies cost in India; no separate page required.
custom t shirt printing methods,Blog / Informational,Informational,P2,custom t shirt printing methods,custom t shirt printing methods,,https://www.coachingpromo.in/guides/custom-t-shirt-printing-guide,New,Guide / article,New commercial landing page,Implemented — new authoritative page,https://www.coachingpromo.in/guides/custom-t-shirt-printing-guide,Low after consolidation,,Consolidated with custom t shirt printing methods; no separate page required.
best fabric for institute t shirts,Blog / Informational,Informational,P2,custom t shirt printing methods,custom t shirt printing methods,best fabric for institute t shirts,https://www.coachingpromo.in/guides/custom-t-shirt-printing-guide,New,Guide / article,New blog/guide,Implemented — new authoritative page,https://www.coachingpromo.in/guides/custom-t-shirt-printing-guide,Low after consolidation,,Consolidated with custom t shirt printing methods; no separate page required.
polo t shirt vs round neck for staff uniforms,Blog / Informational,Informational,P2,custom t shirt printing methods,custom t shirt printing methods,polo t shirt vs round neck for staff uniforms,https://www.coachingpromo.in/guides/custom-t-shirt-printing-guide,New,Guide / article,New blog/guide,Implemented — new authoritative page,https://www.coachingpromo.in/guides/custom-t-shirt-printing-guide,Low after consolidation,,Consolidated with custom t shirt printing methods; no separate page required.
how to design coaching institute t shirts,Blog / Informational,Informational,P2,custom t shirt printing methods,custom t shirt printing methods,how to design coaching institute t shirts,https://www.coachingpromo.in/guides/custom-t-shirt-printing-guide,New,Guide / article,New blog/guide,Implemented — new authoritative page,https://www.coachingpromo.in/guides/custom-t-shirt-printing-guide,Low after consolidation,,Consolidated with custom t shirt printing methods; no separate page required.
best notebooks for coaching institutes,Blog / Informational,Informational,P2,spiral vs hardbound notebooks,spiral vs hardbound notebooks,best notebooks for coaching institutes,https://www.coachingpromo.in/guides/notebook-printing-guide,New,Guide / article,New blog/guide,Implemented — new authoritative page,https://www.coachingpromo.in/guides/notebook-printing-guide,Low after consolidation,,Consolidated with spiral vs hardbound notebooks; no separate page required.
spiral vs hardbound notebooks,Blog / Informational,Informational,P2,spiral vs hardbound notebooks,spiral vs hardbound notebooks,,https://www.coachingpromo.in/guides/notebook-printing-guide,New,Guide / article,New commercial landing page,Implemented — new authoritative page,https://www.coachingpromo.in/guides/notebook-printing-guide,Low after consolidation,,Consolidated with spiral vs hardbound notebooks; no separate page required.
customized notebook printing cost,Blog / Informational,Informational,P2,spiral vs hardbound notebooks,spiral vs hardbound notebooks,customized notebook printing cost,https://www.coachingpromo.in/guides/notebook-printing-guide,New,Guide / article,New blog/guide,Implemented — new authoritative page,https://www.coachingpromo.in/guides/notebook-printing-guide,Low after consolidation,,Consolidated with spiral vs hardbound notebooks; no separate page required.
promotional products for student admissions,Blog / Informational,Informational,P2,orientation gift ideas for colleges,orientation gift ideas for colleges,promotional products for student admissions,https://www.coachingpromo.in/guides/admission-and-orientation-merchandise-ideas,New,Guide / article,New blog/guide,Implemented — new authoritative page,https://www.coachingpromo.in/guides/admission-and-orientation-merchandise-ideas,Low after consolidation,,Consolidated with orientation gift ideas for colleges; no separate page required.
merchandise for educational events,Blog / Informational,Informational,P2,orientation gift ideas for colleges,orientation gift ideas for colleges,merchandise for educational events,https://www.coachingpromo.in/guides/admission-and-orientation-merchandise-ideas,New,Guide / article,New blog/guide,Implemented — new authoritative page,https://www.coachingpromo.in/guides/admission-and-orientation-merchandise-ideas,Low after consolidation,,Consolidated with orientation gift ideas for colleges; no separate page required.
promotional merchandise for seminars,Blog / Informational,Informational,P2,orientation gift ideas for colleges,orientation gift ideas for colleges,promotional merchandise for seminars,https://www.coachingpromo.in/guides/admission-and-orientation-merchandise-ideas,New,Guide / article,New blog/guide,Implemented — new authoritative page,https://www.coachingpromo.in/guides/admission-and-orientation-merchandise-ideas,Low after consolidation,,Consolidated with orientation gift ideas for colleges; no separate page required.
orientation gift ideas for colleges,Blog / Informational,Informational,P2,orientation gift ideas for colleges,orientation gift ideas for colleges,,https://www.coachingpromo.in/guides/admission-and-orientation-merchandise-ideas,New,Guide / article,New commercial landing page,Implemented — new authoritative page,https://www.coachingpromo.in/guides/admission-and-orientation-merchandise-ideas,Low after consolidation,,Consolidated with orientation gift ideas for colleges; no separate page required.
employee welcome kit vs student welcome kit,Blog / Informational,Informational,P2,what to include in student welcome kit,what to include in student welcome kit,employee welcome kit vs student welcome kit,https://www.coachingpromo.in/guides/student-welcome-kit-checklist,New,Guide / article,New blog/guide,Implemented — new authoritative page,https://www.coachingpromo.in/guides/student-welcome-kit-checklist,Low after consolidation,,Consolidated with what to include in student welcome kit; no separate page required.
benefits of branded merchandise for schools,Blog / Informational,Informational,P2,how promotional products improve institute branding,how promotional products improve institute branding,benefits of branded merchandise for schools,https://www.coachingpromo.in/guides/how-branded-merchandise-supports-institute-branding,New,Guide / article,New blog/guide,Implemented — new authoritative page,https://www.coachingpromo.in/guides/how-branded-merchandise-supports-institute-branding,Low after consolidation,,Consolidated with how promotional products improve institute branding; no separate page required.
how promotional products improve institute branding,Blog / Informational,Informational,P2,how promotional products improve institute branding,how promotional products improve institute branding,,https://www.coachingpromo.in/guides/how-branded-merchandise-supports-institute-branding,New,Guide / article,New commercial landing page,Implemented — new authoritative page,https://www.coachingpromo.in/guides/how-branded-merchandise-supports-institute-branding,Low after consolidation,,Consolidated with how promotional products improve institute branding; no separate page required.
winter promotional products,Seasonal - Winter,Commercial,P1,custom hoodies for coaching institutes,custom hoodies for coaching institutes,winter promotional products,https://www.coachingpromo.in/custom-hoodies-for-coaching-institutes,Existing,Category / subcategory page,Existing page — secondary keyword,Implemented — mapped to existing canonical page,https://www.coachingpromo.in/custom-hoodies-for-coaching-institutes,Low after consolidation,,Consolidated with custom hoodies for coaching institutes; no separate page required.
institute winter jackets,Seasonal - Winter,Commercial,P1,custom hoodies for coaching institutes,custom hoodies for coaching institutes,institute winter jackets,https://www.coachingpromo.in/custom-hoodies-for-coaching-institutes,Existing,Category / subcategory page,Existing page — secondary keyword,Implemented — mapped to existing canonical page,https://www.coachingpromo.in/custom-hoodies-for-coaching-institutes,Low after consolidation,,Consolidated with custom hoodies for coaching institutes; no separate page required.
coaching institute winter wear,Seasonal - Winter,Commercial,P1,custom hoodies for coaching institutes,custom hoodies for coaching institutes,coaching institute winter wear,https://www.coachingpromo.in/custom-hoodies-for-coaching-institutes,Existing,Category / subcategory page,Existing page — secondary keyword,Implemented — mapped to existing canonical page,https://www.coachingpromo.in/custom-hoodies-for-coaching-institutes,Low after consolidation,,Consolidated with custom hoodies for coaching institutes; no separate page required.
school winter uniforms,Seasonal - Winter,Commercial,P1,custom hoodies for coaching institutes,custom hoodies for coaching institutes,school winter uniforms,https://www.coachingpromo.in/custom-hoodies-for-coaching-institutes,Existing,Category / subcategory page,Existing page — secondary keyword,Implemented — mapped to existing canonical page,https://www.coachingpromo.in/custom-hoodies-for-coaching-institutes,Low after consolidation,,Consolidated with custom hoodies for coaching institutes; no separate page required.
customized winter jackets,Seasonal - Winter,Commercial,P1,custom hoodies for coaching institutes,custom hoodies for coaching institutes,customized winter jackets,https://www.coachingpromo.in/custom-hoodies-for-coaching-institutes,Existing,Category / subcategory page,Existing page — secondary keyword,Implemented — mapped to existing canonical page,https://www.coachingpromo.in/custom-hoodies-for-coaching-institutes,Low after consolidation,,Consolidated with custom hoodies for coaching institutes; no separate page required.
custom hoodies winter bulk,Seasonal - Winter,Commercial,P1,custom hoodies for coaching institutes,custom hoodies for coaching institutes,custom hoodies winter bulk,https://www.coachingpromo.in/custom-hoodies-for-coaching-institutes,Existing,Category / subcategory page,Existing page — secondary keyword,Implemented — mapped to existing canonical page,https://www.coachingpromo.in/custom-hoodies-for-coaching-institutes,Low after consolidation,,Consolidated with custom hoodies for coaching institutes; no separate page required.
New Year corporate gifts,Seasonal - New Year,Commercial,P1,corporate gifting for educational institutions,corporate gifting for educational institutions,New Year corporate gifts,https://www.coachingpromo.in/solutions/corporate-gifting-for-educational-institutions,New,Commercial solution page,New commercial landing page,Implemented — new authoritative page,https://www.coachingpromo.in/solutions/corporate-gifting-for-educational-institutions,Low after consolidation,,Consolidated with corporate gifting for educational institutions; no separate page required.
branded calendars 2027,Seasonal - New Year,Commercial,P1,customized calendars India,customized calendars India,branded calendars 2027,https://www.coachingpromo.in/stationery/table-calendar,Existing,Category / subcategory page,Existing page — secondary keyword,Implemented — mapped to existing canonical page,https://www.coachingpromo.in/stationery/table-calendar,Low after consolidation,,Consolidated with customized calendars India; no separate page required.
corporate diaries 2027,Seasonal - New Year,Commercial,P1,customized diaries India,customized diaries India,corporate diaries 2027,https://www.coachingpromo.in/promotional-items/diary-set,Existing,Category / subcategory page,Existing page — secondary keyword,Implemented — mapped to existing canonical page,https://www.coachingpromo.in/promotional-items/diary-set,Low after consolidation,,Consolidated with customized diaries India; no separate page required.
customized calendars 2027,Seasonal - New Year,Commercial,P1,customized calendars India,customized calendars India,customized calendars 2027,https://www.coachingpromo.in/stationery/table-calendar,Existing,Category / subcategory page,Existing page — secondary keyword,Implemented — mapped to existing canonical page,https://www.coachingpromo.in/stationery/table-calendar,Low after consolidation,,Consolidated with customized calendars India; no separate page required.
admission kits,Seasonal - Admissions,Commercial,P1,student welcome kits,student welcome kits,admission kits,https://www.coachingpromo.in/solutions/student-welcome-kits,New,Commercial solution page,New commercial landing page,Implemented — new authoritative page,https://www.coachingpromo.in/solutions/student-welcome-kits,Low after consolidation,,Consolidated with student welcome kits; no separate page required.
student welcome kits,Seasonal - Admissions,Commercial,P1,student welcome kits,student welcome kits,,https://www.coachingpromo.in/solutions/student-welcome-kits,New,Commercial solution page,New commercial landing page,Implemented — new authoritative page,https://www.coachingpromo.in/solutions/student-welcome-kits,Low after consolidation,,Consolidated with student welcome kits; no separate page required.
institute admission gifts,Seasonal - Admissions,Commercial,P1,student welcome kits,student welcome kits,institute admission gifts,https://www.coachingpromo.in/solutions/student-welcome-kits,New,Commercial solution page,New commercial landing page,Implemented — new authoritative page,https://www.coachingpromo.in/solutions/student-welcome-kits,Low after consolidation,,Consolidated with student welcome kits; no separate page required.
graduation gown supplier,Seasonal - Graduation,Commercial,P1,graduation gowns India,graduation gowns India,graduation gown supplier,https://www.coachingpromo.in/apparel-accessories/graduation-gown,Existing,Category / subcategory page,Existing page — secondary keyword,Implemented — mapped to existing canonical page,https://www.coachingpromo.in/apparel-accessories/graduation-gown,Low after consolidation,,Consolidated with graduation gowns India; no separate page required.
convocation products,Seasonal - Graduation,Commercial,P1,convocation products,convocation products,,https://www.coachingpromo.in/solutions/convocation-products,New,Commercial solution page,New commercial landing page,Implemented — new authoritative page,https://www.coachingpromo.in/solutions/convocation-products,Low after consolidation,,Consolidated with convocation products; no separate page required.
graduation folders,Seasonal - Graduation,Commercial,P1,degree certificate folders,degree certificate folders,graduation folders,https://www.coachingpromo.in/stationery/graduation-degree-folders,Existing,Category / subcategory page,Existing page — secondary keyword,Implemented — mapped to existing canonical page,https://www.coachingpromo.in/stationery/graduation-degree-folders,Low after consolidation,,Consolidated with degree certificate folders; no separate page required.
convocation gifts,Seasonal - Graduation,Commercial,P1,convocation products,convocation products,convocation gifts,https://www.coachingpromo.in/solutions/convocation-products,New,Commercial solution page,New commercial landing page,Implemented — new authoritative page,https://www.coachingpromo.in/solutions/convocation-products,Low after consolidation,,Consolidated with convocation products; no separate page required.
teachers day gifts bulk,Seasonal - Teachers Day,Commercial,P1,corporate gifting for educational institutions,corporate gifting for educational institutions,teachers day gifts bulk,https://www.coachingpromo.in/solutions/corporate-gifting-for-educational-institutions,New,Commercial solution page,New commercial landing page,Implemented — new authoritative page,https://www.coachingpromo.in/solutions/corporate-gifting-for-educational-institutions,Low after consolidation,,Consolidated with corporate gifting for educational institutions; no separate page required.
corporate gifts for teachers,Seasonal - Teachers Day,Commercial,P1,corporate gifting for educational institutions,corporate gifting for educational institutions,corporate gifts for teachers,https://www.coachingpromo.in/solutions/corporate-gifting-for-educational-institutions,New,Commercial solution page,New commercial landing page,Implemented — new authoritative page,https://www.coachingpromo.in/solutions/corporate-gifting-for-educational-institutions,Low after consolidation,,Consolidated with corporate gifting for educational institutions; no separate page required.
personalized teachers day gifts,Seasonal - Teachers Day,Commercial,P1,corporate gifting for educational institutions,corporate gifting for educational institutions,personalized teachers day gifts,https://www.coachingpromo.in/solutions/corporate-gifting-for-educational-institutions,New,Commercial solution page,New commercial landing page,Implemented — new authoritative page,https://www.coachingpromo.in/solutions/corporate-gifting-for-educational-institutions,Low after consolidation,,Consolidated with corporate gifting for educational institutions; no separate page required.
teacher appreciation gifts,Seasonal - Teachers Day,Commercial,P1,corporate gifting for educational institutions,corporate gifting for educational institutions,teacher appreciation gifts,https://www.coachingpromo.in/solutions/corporate-gifting-for-educational-institutions,New,Commercial solution page,New commercial landing page,Implemented — new authoritative page,https://www.coachingpromo.in/solutions/corporate-gifting-for-educational-institutions,Low after consolidation,,Consolidated with corporate gifting for educational institutions; no separate page required.
coaching institute ke liye t shirt,Hindi / Mixed-Language Search,Mixed-language commercial,P2,custom t shirts India,custom t shirts India,coaching institute ke liye t shirt,https://www.coachingpromo.in/apparel-accessories/round-neck-t-shirts,Existing,Category / subcategory page,Existing page — secondary keyword,Implemented — mapped to existing canonical page,https://www.coachingpromo.in/apparel-accessories/round-neck-t-shirts,Low after consolidation,,Consolidated with custom t shirts India; no separate page required.
logo wali t shirt,Hindi / Mixed-Language Search,Mixed-language commercial,P2,custom t shirts India,custom t shirts India,logo wali t shirt,https://www.coachingpromo.in/apparel-accessories/round-neck-t-shirts,Existing,Category / subcategory page,Existing page — secondary keyword,Implemented — mapped to existing canonical page,https://www.coachingpromo.in/apparel-accessories/round-neck-t-shirts,Low after consolidation,,Consolidated with custom t shirts India; no separate page required.
logo printed hoodie,Hindi / Mixed-Language Search,Mixed-language commercial,P2,custom hoodies for coaching institutes,custom hoodies for coaching institutes,logo printed hoodie,https://www.coachingpromo.in/custom-hoodies-for-coaching-institutes,Existing,Category / subcategory page,Existing page — secondary keyword,Implemented — mapped to existing canonical page,https://www.coachingpromo.in/custom-hoodies-for-coaching-institutes,Low after consolidation,,Consolidated with custom hoodies for coaching institutes; no separate page required.
customised hoodie price,Hindi / Mixed-Language Search,Mixed-language commercial,P2,custom hoodies for coaching institutes,custom hoodies for coaching institutes,customised hoodie price,https://www.coachingpromo.in/custom-hoodies-for-coaching-institutes,Existing,Category / subcategory page,Existing page — secondary keyword,Implemented — mapped to existing canonical page,https://www.coachingpromo.in/custom-hoodies-for-coaching-institutes,Low after consolidation,,Consolidated with custom hoodies for coaching institutes; no separate page required.
coaching institute bag,Hindi / Mixed-Language Search,Mixed-language commercial,P2,custom bags,custom bags,coaching institute bag,https://www.coachingpromo.in/categories/bags,Existing,Category / subcategory page,Existing page — secondary keyword,Implemented — mapped to existing canonical page,https://www.coachingpromo.in/categories/bags,Low after consolidation,,Consolidated with custom bags; no separate page required.
customized diary with logo price,Hindi / Mixed-Language Search,Mixed-language commercial,P2,customized diaries India,customized diaries India,customized diary with logo price,https://www.coachingpromo.in/promotional-items/diary-set,Existing,Category / subcategory page,Existing page — secondary keyword,Implemented — mapped to existing canonical page,https://www.coachingpromo.in/promotional-items/diary-set,Low after consolidation,,Consolidated with customized diaries India; no separate page required.
notebook printing bulk,Hindi / Mixed-Language Search,Mixed-language commercial,P2,custom notebooks India,custom notebooks India,notebook printing bulk,https://www.coachingpromo.in/stationery/notebook,Existing,Category / subcategory page,Existing page — secondary keyword,Implemented — mapped to existing canonical page,https://www.coachingpromo.in/stationery/notebook,Low after consolidation,,Consolidated with custom notebooks India; no separate page required.
institute ke liye promotional products,Hindi / Mixed-Language Search,Mixed-language commercial,P2,promotional products for coaching institutes,promotional products for coaching institutes,institute ke liye promotional products,https://www.coachingpromo.in/,Existing,Homepage,Existing page — secondary keyword,Implemented — mapped to existing canonical page,https://www.coachingpromo.in/,Low after consolidation,,Consolidated with promotional products for coaching institutes; no separate page required.
price,Transactional Modifiers,Modifier / Transactional,P1,promotional products for coaching institutes,promotional products for coaching institutes,price,https://www.coachingpromo.in/,Existing,Homepage,Intent modifier only — no independent page,Mapped — no independent page,https://www.coachingpromo.in/,Medium if split into standalone pages; controlled by consolidation,,Modifier is applied contextually only when factual; it does not own a URL.
cost,Transactional Modifiers,Modifier / Transactional,P1,promotional products for coaching institutes,promotional products for coaching institutes,cost,https://www.coachingpromo.in/,Existing,Homepage,Intent modifier only — no independent page,Mapped — no independent page,https://www.coachingpromo.in/,Medium if split into standalone pages; controlled by consolidation,,Modifier is applied contextually only when factual; it does not own a URL.
wholesale price,Transactional Modifiers,Modifier / Transactional,P1,promotional products for coaching institutes,promotional products for coaching institutes,wholesale price,https://www.coachingpromo.in/,Existing,Homepage,Intent modifier only — no independent page,Mapped — no independent page,https://www.coachingpromo.in/,Medium if split into standalone pages; controlled by consolidation,,Modifier is applied contextually only when factual; it does not own a URL.
bulk price,Transactional Modifiers,Modifier / Transactional,P1,promotional products for coaching institutes,promotional products for coaching institutes,bulk price,https://www.coachingpromo.in/,Existing,Homepage,Intent modifier only — no independent page,Mapped — no independent page,https://www.coachingpromo.in/,Medium if split into standalone pages; controlled by consolidation,,Modifier is applied contextually only when factual; it does not own a URL.
lowest price,Transactional Modifiers,Modifier / Transactional,P1,promotional products for coaching institutes,promotional products for coaching institutes,lowest price,https://www.coachingpromo.in/,Existing,Homepage,Intent modifier only — no independent page,Mapped — no independent page,https://www.coachingpromo.in/,Medium if split into standalone pages; controlled by consolidation,,Modifier is applied contextually only when factual; it does not own a URL.
best price,Transactional Modifiers,Modifier / Transactional,P1,promotional products for coaching institutes,promotional products for coaching institutes,best price,https://www.coachingpromo.in/,Existing,Homepage,Intent modifier only — no independent page,Mapped — no independent page,https://www.coachingpromo.in/,Medium if split into standalone pages; controlled by consolidation,,Modifier is applied contextually only when factual; it does not own a URL.
quotation,Transactional Modifiers,Modifier / Transactional,P1,promotional products for coaching institutes,promotional products for coaching institutes,quotation,https://www.coachingpromo.in/,Existing,Homepage,Intent modifier only — no independent page,Mapped — no independent page,https://www.coachingpromo.in/,Medium if split into standalone pages; controlled by consolidation,,Modifier is applied contextually only when factual; it does not own a URL.
quote,Transactional Modifiers,Modifier / Transactional,P1,promotional products for coaching institutes,promotional products for coaching institutes,quote,https://www.coachingpromo.in/,Existing,Homepage,Intent modifier only — no independent page,Mapped — no independent page,https://www.coachingpromo.in/,Medium if split into standalone pages; controlled by consolidation,,Modifier is applied contextually only when factual; it does not own a URL.
MOQ,Transactional Modifiers,Modifier / Transactional,P1,promotional products for coaching institutes,promotional products for coaching institutes,MOQ,https://www.coachingpromo.in/,Existing,Homepage,Intent modifier only — no independent page,Mapped — no independent page,https://www.coachingpromo.in/,Medium if split into standalone pages; controlled by consolidation,,Modifier is applied contextually only when factual; it does not own a URL.
minimum order quantity,Transactional Modifiers,Modifier / Transactional,P1,promotional products for coaching institutes,promotional products for coaching institutes,minimum order quantity,https://www.coachingpromo.in/,Existing,Homepage,Intent modifier only — no independent page,Mapped — no independent page,https://www.coachingpromo.in/,Medium if split into standalone pages; controlled by consolidation,,Modifier is applied contextually only when factual; it does not own a URL.
bulk order,Transactional Modifiers,Modifier / Transactional,P1,promotional products for coaching institutes,promotional products for coaching institutes,bulk order,https://www.coachingpromo.in/,Existing,Homepage,Intent modifier only — no independent page,Mapped — no independent page,https://www.coachingpromo.in/,Medium if split into standalone pages; controlled by consolidation,,Modifier is applied contextually only when factual; it does not own a URL.
manufacturer,Supplier Modifiers,Modifier / Commercial,P1,promotional products for coaching institutes,promotional products for coaching institutes,manufacturer,https://www.coachingpromo.in/,Existing,Homepage,Intent modifier only — no independent page,Mapped — no independent page,https://www.coachingpromo.in/,Medium if split into standalone pages; controlled by consolidation,,Modifier is applied contextually only when factual; it does not own a URL.
manufacturers,Supplier Modifiers,Modifier / Commercial,P1,promotional products for coaching institutes,promotional products for coaching institutes,manufacturers,https://www.coachingpromo.in/,Existing,Homepage,Intent modifier only — no independent page,Mapped — no independent page,https://www.coachingpromo.in/,Medium if split into standalone pages; controlled by consolidation,,Modifier is applied contextually only when factual; it does not own a URL.
supplier,Supplier Modifiers,Modifier / Commercial,P1,promotional products for coaching institutes,promotional products for coaching institutes,supplier,https://www.coachingpromo.in/,Existing,Homepage,Intent modifier only — no independent page,Mapped — no independent page,https://www.coachingpromo.in/,Medium if split into standalone pages; controlled by consolidation,,Modifier is applied contextually only when factual; it does not own a URL.
suppliers,Supplier Modifiers,Modifier / Commercial,P1,promotional products for coaching institutes,promotional products for coaching institutes,suppliers,https://www.coachingpromo.in/,Existing,Homepage,Intent modifier only — no independent page,Mapped — no independent page,https://www.coachingpromo.in/,Medium if split into standalone pages; controlled by consolidation,,Modifier is applied contextually only when factual; it does not own a URL.
wholesaler,Supplier Modifiers,Modifier / Commercial,P1,promotional products for coaching institutes,promotional products for coaching institutes,wholesaler,https://www.coachingpromo.in/,Existing,Homepage,Intent modifier only — no independent page,Mapped — no independent page,https://www.coachingpromo.in/,Medium if split into standalone pages; controlled by consolidation,,Modifier is applied contextually only when factual; it does not own a URL.
wholesale,Supplier Modifiers,Modifier / Commercial,P1,promotional products for coaching institutes,promotional products for coaching institutes,wholesale,https://www.coachingpromo.in/,Existing,Homepage,Intent modifier only — no independent page,Mapped — no independent page,https://www.coachingpromo.in/,Medium if split into standalone pages; controlled by consolidation,,Modifier is applied contextually only when factual; it does not own a URL.
exporter,Supplier Modifiers,Modifier / Commercial,P1,promotional products for coaching institutes,promotional products for coaching institutes,exporter,https://www.coachingpromo.in/,Existing,Homepage,Intent modifier only — no independent page,Mapped — no independent page,https://www.coachingpromo.in/,Medium if split into standalone pages; controlled by consolidation,,Modifier is applied contextually only when factual; it does not own a URL.
dealer,Supplier Modifiers,Modifier / Commercial,P1,promotional products for coaching institutes,promotional products for coaching institutes,dealer,https://www.coachingpromo.in/,Existing,Homepage,Intent modifier only — no independent page,Mapped — no independent page,https://www.coachingpromo.in/,Medium if split into standalone pages; controlled by consolidation,,Modifier is applied contextually only when factual; it does not own a URL.
vendor,Supplier Modifiers,Modifier / Commercial,P1,promotional products for coaching institutes,promotional products for coaching institutes,vendor,https://www.coachingpromo.in/,Existing,Homepage,Intent modifier only — no independent page,Mapped — no independent page,https://www.coachingpromo.in/,Medium if split into standalone pages; controlled by consolidation,,Modifier is applied contextually only when factual; it does not own a URL.
company,Supplier Modifiers,Modifier / Commercial,P1,promotional products for coaching institutes,promotional products for coaching institutes,company,https://www.coachingpromo.in/,Existing,Homepage,Intent modifier only — no independent page,Mapped — no independent page,https://www.coachingpromo.in/,Medium if split into standalone pages; controlled by consolidation,,Modifier is applied contextually only when factual; it does not own a URL.
printing company,Supplier Modifiers,Modifier / Commercial,P1,promotional products for coaching institutes,promotional products for coaching institutes,printing company,https://www.coachingpromo.in/,Existing,Homepage,Intent modifier only — no independent page,Mapped — no independent page,https://www.coachingpromo.in/,Medium if split into standalone pages; controlled by consolidation,,Modifier is applied contextually only when factual; it does not own a URL.
